EAN;CODEPRODUIT;CODECOLORIS;URL_FOTO
3253634605326;1104402;979;https://content.morgandetoi.fr/el-corte-ingles/1104402-979-F.jpg
3253634605333;1104402;979;https://content.morgandetoi.fr/el-corte-ingles/1104402-979-F.jpg
3253634605319;1104402;979;https://content.morgandetoi.fr/el-corte-ingles/1104402-979-F.jpg
3253634605296;1104402;979;https://content.morgandetoi.fr/el-corte-ingles/1104402-979-F.jpg
3253634605302;1104402;979;https://content.morgandetoi.fr/el-corte-ingles/1104402-979-F.jpg
3253634605364;1104403;1126;https://content.morgandetoi.fr/el-corte-ingles/1104403-1126-F.jpg
3253634605340;1104403;1126;https://content.morgandetoi.fr/el-corte-ingles/1104403-1126-F.jpg
3253634605388;1104403;1126;https://content.morgandetoi.fr/el-corte-ingles/1104403-1126-F.jpg
3253634605357;1104403;1126;https://content.morgandetoi.fr/el-corte-ingles/1104403-1126-F.jpg
3253634605371;1104403;1126;https://content.morgandetoi.fr/el-corte-ingles/1104403-1126-F.jpg
3253634605425;1104403;931;https://content.morgandetoi.fr/el-corte-ingles/1104403-931-F.jpg
3253634605432;1104403;931;https://content.morgandetoi.fr/el-corte-ingles/1104403-931-F.jpg
3253634605418;1104403;931;https://content.morgandetoi.fr/el-corte-ingles/1104403-931-F.jpg
3253634605395;1104403;931;https://content.morgandetoi.fr/el-corte-ingles/1104403-931-F.jpg
3253634605401;1104403;931;https://content.morgandetoi.fr/el-corte-ingles/1104403-931-F.jpg
3253634605463;1104404;979;https://content.morgandetoi.fr/el-corte-ingles/1104404-979-F.jpg
3253634605470;1104404;979;https://content.morgandetoi.fr/el-corte-ingles/1104404-979-F.jpg
3253634605456;1104404;979;https://content.morgandetoi.fr/el-corte-ingles/1104404-979-F.jpg
3253634605449;1104404;979;https://content.morgandetoi.fr/el-corte-ingles/1104404-979-F.jpg
3253634605487;1104404;979;https://content.morgandetoi.fr/el-corte-ingles/1104404-979-F.jpg
3253634605500;1104405;931;https://content.morgandetoi.fr/el-corte-ingles/1104405-931-F.jpg
3253634605524;1104405;931;https://content.morgandetoi.fr/el-corte-ingles/1104405-931-F.jpg
3253634605531;1104405;931;https://content.morgandetoi.fr/el-corte-ingles/1104405-931-F.jpg
3253634605494;1104405;931;https://content.morgandetoi.fr/el-corte-ingles/1104405-931-F.jpg
3253634605517;1104405;931;https://content.morgandetoi.fr/el-corte-ingles/1104405-931-F.jpg
3253634608785;1104417;931;https://content.morgandetoi.fr/el-corte-ingles/1104417-931-F.jpg
3253634608792;1104417;931;https://content.morgandetoi.fr/el-corte-ingles/1104417-931-F.jpg
3253634608778;1104417;931;https://content.morgandetoi.fr/el-corte-ingles/1104417-931-F.jpg
3253634608761;1104417;931;https://content.morgandetoi.fr/el-corte-ingles/1104417-931-F.jpg
3253634608808;1104417;931;https://content.morgandetoi.fr/el-corte-ingles/1104417-931-F.jpg
3253634608754;1104418;978;https://content.morgandetoi.fr/el-corte-ingles/1104418-978-F.jpg
3253634608723;1104418;978;https://content.morgandetoi.fr/el-corte-ingles/1104418-978-F.jpg
3253634608730;1104418;978;https://content.morgandetoi.fr/el-corte-ingles/1104418-978-F.jpg
3253634608747;1104418;978;https://content.morgandetoi.fr/el-corte-ingles/1104418-978-F.jpg
3253634608716;1104418;978;https://content.morgandetoi.fr/el-corte-ingles/1104418-978-F.jpg
3253634608877;1104419;978;https://content.morgandetoi.fr/el-corte-ingles/1104419-978-F.jpg
3253634608891;1104419;978;https://content.morgandetoi.fr/el-corte-ingles/1104419-978-F.jpg
3253634608860;1104419;978;https://content.morgandetoi.fr/el-corte-ingles/1104419-978-F.jpg
3253634608884;1104419;978;https://content.morgandetoi.fr/el-corte-ingles/1104419-978-F.jpg
3253634608907;1104419;978;https://content.morgandetoi.fr/el-corte-ingles/1104419-978-F.jpg
3253634608921;1104419;979;https://content.morgandetoi.fr/el-corte-ingles/1104419-979-F.jpg
3253634608945;1104419;979;https://content.morgandetoi.fr/el-corte-ingles/1104419-979-F.jpg
3253634608938;1104419;979;https://content.morgandetoi.fr/el-corte-ingles/1104419-979-F.jpg
3253634608952;1104419;979;https://content.morgandetoi.fr/el-corte-ingles/1104419-979-F.jpg
3253634608914;1104419;979;https://content.morgandetoi.fr/el-corte-ingles/1104419-979-F.jpg
3253634606354;1104420;978;https://content.morgandetoi.fr/el-corte-ingles/1104420-978-F.jpg
3253634606347;1104420;978;https://content.morgandetoi.fr/el-corte-ingles/1104420-978-F.jpg
3253634606361;1104420;978;https://content.morgandetoi.fr/el-corte-ingles/1104420-978-F.jpg
3253634606378;1104420;978;https://content.morgandetoi.fr/el-corte-ingles/1104420-978-F.jpg
3253634606385;1104420;978;https://content.morgandetoi.fr/el-corte-ingles/1104420-978-F.jpg
3253634606408;1104421;979;https://content.morgandetoi.fr/el-corte-ingles/1104421-979-F.jpg
3253634606439;1104421;979;https://content.morgandetoi.fr/el-corte-ingles/1104421-979-F.jpg
3253634606422;1104421;979;https://content.morgandetoi.fr/el-corte-ingles/1104421-979-F.jpg
3253634606392;1104421;979;https://content.morgandetoi.fr/el-corte-ingles/1104421-979-F.jpg
3253634606415;1104421;979;https://content.morgandetoi.fr/el-corte-ingles/1104421-979-F.jpg
3253634606514;1104422;979;https://content.morgandetoi.fr/el-corte-ingles/1104422-979-F.jpg
3253634606491;1104422;979;https://content.morgandetoi.fr/el-corte-ingles/1104422-979-F.jpg
3253634606507;1104422;979;https://content.morgandetoi.fr/el-corte-ingles/1104422-979-F.jpg
3253634606521;1104422;979;https://content.morgandetoi.fr/el-corte-ingles/1104422-979-F.jpg
3253634606538;1104422;979;https://content.morgandetoi.fr/el-corte-ingles/1104422-979-F.jpg
3253634606583;1104423;931;https://content.morgandetoi.fr/el-corte-ingles/1104423-931-F.jpg
3253634606590;1104423;931;https://content.morgandetoi.fr/el-corte-ingles/1104423-931-F.jpg
3253634606576;1104423;931;https://content.morgandetoi.fr/el-corte-ingles/1104423-931-F.jpg
3253634606569;1104423;931;https://content.morgandetoi.fr/el-corte-ingles/1104423-931-F.jpg
3253634606552;1104423;931;https://content.morgandetoi.fr/el-corte-ingles/1104423-931-F.jpg
3253634606620;1104424;1148;https://content.morgandetoi.fr/el-corte-ingles/1104424-1148-F.jpg
3253634606613;1104424;1148;https://content.morgandetoi.fr/el-corte-ingles/1104424-1148-F.jpg
3253634606644;1104424;1148;https://content.morgandetoi.fr/el-corte-ingles/1104424-1148-F.jpg
3253634606637;1104424;1148;https://content.morgandetoi.fr/el-corte-ingles/1104424-1148-F.jpg
3253634606606;1104424;1148;https://content.morgandetoi.fr/el-corte-ingles/1104424-1148-F.jpg
3253634606668;1104424;979;https://content.morgandetoi.fr/el-corte-ingles/1104424-979-F.jpg
3253634606675;1104424;979;https://content.morgandetoi.fr/el-corte-ingles/1104424-979-F.jpg
3253634606682;1104424;979;https://content.morgandetoi.fr/el-corte-ingles/1104424-979-F.jpg
3253634606699;1104424;979;https://content.morgandetoi.fr/el-corte-ingles/1104424-979-F.jpg
3253634606651;1104424;979;https://content.morgandetoi.fr/el-corte-ingles/1104424-979-F.jpg
3253634609034;1104424;931;https://content.morgandetoi.fr/el-corte-ingles/1104424-931-F.jpg
3253634609027;1104424;931;https://content.morgandetoi.fr/el-corte-ingles/1104424-931-F.jpg
3253634609058;1104424;931;https://content.morgandetoi.fr/el-corte-ingles/1104424-931-F.jpg
3253634609041;1104424;931;https://content.morgandetoi.fr/el-corte-ingles/1104424-931-F.jpg
3253634609010;1104424;931;https://content.morgandetoi.fr/el-corte-ingles/1104424-931-F.jpg
3253634606729;1104425;931;https://content.morgandetoi.fr/el-corte-ingles/1104425-931-F.jpg
3253634606736;1104425;931;https://content.morgandetoi.fr/el-corte-ingles/1104425-931-F.jpg
3253634606705;1104425;931;https://content.morgandetoi.fr/el-corte-ingles/1104425-931-F.jpg
3253634606743;1104425;931;https://content.morgandetoi.fr/el-corte-ingles/1104425-931-F.jpg
3253634606712;1104425;931;https://content.morgandetoi.fr/el-corte-ingles/1104425-931-F.jpg
3253634606767;1104426;1150;https://content.morgandetoi.fr/el-corte-ingles/1104426-1150-F.jpg
3253634606798;1104426;1150;https://content.morgandetoi.fr/el-corte-ingles/1104426-1150-F.jpg
3253634606774;1104426;1150;https://content.morgandetoi.fr/el-corte-ingles/1104426-1150-F.jpg
3253634606781;1104426;1150;https://content.morgandetoi.fr/el-corte-ingles/1104426-1150-F.jpg
3253634606750;1104426;1150;https://content.morgandetoi.fr/el-corte-ingles/1104426-1150-F.jpg
3253634609003;1104426;931;https://content.morgandetoi.fr/el-corte-ingles/1104426-931-F.jpg
3253634608976;1104426;931;https://content.morgandetoi.fr/el-corte-ingles/1104426-931-F.jpg
3253634608969;1104426;931;https://content.morgandetoi.fr/el-corte-ingles/1104426-931-F.jpg
3253634608983;1104426;931;https://content.morgandetoi.fr/el-corte-ingles/1104426-931-F.jpg
3253634608990;1104426;931;https://content.morgandetoi.fr/el-corte-ingles/1104426-931-F.jpg
3253634609072;1104427;931;https://content.morgandetoi.fr/el-corte-ingles/1104427-931-F.jpg
3253634609096;1104427;931;https://content.morgandetoi.fr/el-corte-ingles/1104427-931-F.jpg
3253634609065;1104427;931;https://content.morgandetoi.fr/el-corte-ingles/1104427-931-F.jpg
3253634609102;1104427;931;https://content.morgandetoi.fr/el-corte-ingles/1104427-931-F.jpg
3253634609089;1104427;931;https://content.morgandetoi.fr/el-corte-ingles/1104427-931-F.jpg
3253634606873;1104428;900;https://content.morgandetoi.fr/el-corte-ingles/1104428-900-F.jpg
3253634606859;1104428;900;https://content.morgandetoi.fr/el-corte-ingles/1104428-900-F.jpg
3253634606880;1104428;900;https://content.morgandetoi.fr/el-corte-ingles/1104428-900-F.jpg
3253634606866;1104428;900;https://content.morgandetoi.fr/el-corte-ingles/1104428-900-F.jpg
3253634606897;1104428;900;https://content.morgandetoi.fr/el-corte-ingles/1104428-900-F.jpg
3253634606910;1104429;1139;https://content.morgandetoi.fr/el-corte-ingles/1104429-1139-F.jpg
3253634606941;1104429;1139;https://content.morgandetoi.fr/el-corte-ingles/1104429-1139-F.jpg
3253634606903;1104429;1139;https://content.morgandetoi.fr/el-corte-ingles/1104429-1139-F.jpg
3253634606927;1104429;1139;https://content.morgandetoi.fr/el-corte-ingles/1104429-1139-F.jpg
3253634606934;1104429;1139;https://content.morgandetoi.fr/el-corte-ingles/1104429-1139-F.jpg
3253634606958;1104429;931;https://content.morgandetoi.fr/el-corte-ingles/1104429-931-F.jpg
3253634606972;1104429;931;https://content.morgandetoi.fr/el-corte-ingles/1104429-931-F.jpg
3253634606989;1104429;931;https://content.morgandetoi.fr/el-corte-ingles/1104429-931-F.jpg
3253634606965;1104429;931;https://content.morgandetoi.fr/el-corte-ingles/1104429-931-F.jpg
3253634606996;1104429;931;https://content.morgandetoi.fr/el-corte-ingles/1104429-931-F.jpg
3253634609195;1104429;987;https://content.morgandetoi.fr/el-corte-ingles/1104429-987-F.jpg
3253634609164;1104429;987;https://content.morgandetoi.fr/el-corte-ingles/1104429-987-F.jpg
3253634609201;1104429;987;https://content.morgandetoi.fr/el-corte-ingles/1104429-987-F.jpg
3253634609188;1104429;987;https://content.morgandetoi.fr/el-corte-ingles/1104429-987-F.jpg
3253634609171;1104429;987;https://content.morgandetoi.fr/el-corte-ingles/1104429-987-F.jpg
3253634607108;1104431;979;https://content.morgandetoi.fr/el-corte-ingles/1104431-979-F.jpg
3253634607092;1104431;979;https://content.morgandetoi.fr/el-corte-ingles/1104431-979-F.jpg
3253634607078;1104431;979;https://content.morgandetoi.fr/el-corte-ingles/1104431-979-F.jpg
3253634607061;1104431;979;https://content.morgandetoi.fr/el-corte-ingles/1104431-979-F.jpg
3253634607085;1104431;979;https://content.morgandetoi.fr/el-corte-ingles/1104431-979-F.jpg
3253634607115;1104432;979;https://content.morgandetoi.fr/el-corte-ingles/1104432-979-F.jpg
3253634607139;1104432;979;https://content.morgandetoi.fr/el-corte-ingles/1104432-979-F.jpg
3253634607122;1104432;979;https://content.morgandetoi.fr/el-corte-ingles/1104432-979-F.jpg
3253634607146;1104432;979;https://content.morgandetoi.fr/el-corte-ingles/1104432-979-F.jpg
3253634607153;1104432;979;https://content.morgandetoi.fr/el-corte-ingles/1104432-979-F.jpg
3253634610429;1104502;979;https://content.morgandetoi.fr/el-corte-ingles/1104502-979-F.jpg
3253634610436;1104502;979;https://content.morgandetoi.fr/el-corte-ingles/1104502-979-F.jpg
3253634610412;1104502;979;https://content.morgandetoi.fr/el-corte-ingles/1104502-979-F.jpg
3253634610467;1104502;979;https://content.morgandetoi.fr/el-corte-ingles/1104502-979-F.jpg
3253634610443;1104502;979;https://content.morgandetoi.fr/el-corte-ingles/1104502-979-F.jpg
3253634610450;1104502;979;https://content.morgandetoi.fr/el-corte-ingles/1104502-979-F.jpg
3253634610511;1104503;979;https://content.morgandetoi.fr/el-corte-ingles/1104503-979-F.jpg
3253634610498;1104503;979;https://content.morgandetoi.fr/el-corte-ingles/1104503-979-F.jpg
3253634610528;1104503;979;https://content.morgandetoi.fr/el-corte-ingles/1104503-979-F.jpg
3253634610481;1104503;979;https://content.morgandetoi.fr/el-corte-ingles/1104503-979-F.jpg
3253634610504;1104503;979;https://content.morgandetoi.fr/el-corte-ingles/1104503-979-F.jpg
3253634610474;1104503;979;https://content.morgandetoi.fr/el-corte-ingles/1104503-979-F.jpg
3253634610535;1104504;980;https://content.morgandetoi.fr/el-corte-ingles/1104504-980-F.jpg
3253634610542;1104504;980;https://content.morgandetoi.fr/el-corte-ingles/1104504-980-F.jpg
3253634610559;1104504;980;https://content.morgandetoi.fr/el-corte-ingles/1104504-980-F.jpg
3253634610580;1104504;980;https://content.morgandetoi.fr/el-corte-ingles/1104504-980-F.jpg
3253634610566;1104504;980;https://content.morgandetoi.fr/el-corte-ingles/1104504-980-F.jpg
3253634610573;1104504;980;https://content.morgandetoi.fr/el-corte-ingles/1104504-980-F.jpg
3253634610634;1104505;1130;https://content.morgandetoi.fr/el-corte-ingles/1104505-1130-F.jpg
3253634610641;1104505;1130;https://content.morgandetoi.fr/el-corte-ingles/1104505-1130-F.jpg
3253634610597;1104505;1130;https://content.morgandetoi.fr/el-corte-ingles/1104505-1130-F.jpg
3253634610627;1104505;1130;https://content.morgandetoi.fr/el-corte-ingles/1104505-1130-F.jpg
3253634610603;1104505;1130;https://content.morgandetoi.fr/el-corte-ingles/1104505-1130-F.jpg
3253634610610;1104505;1130;https://content.morgandetoi.fr/el-corte-ingles/1104505-1130-F.jpg
3253634610689;1104506;900;https://content.morgandetoi.fr/el-corte-ingles/1104506-900-F.jpg
3253634610658;1104506;900;https://content.morgandetoi.fr/el-corte-ingles/1104506-900-F.jpg
3253634610672;1104506;900;https://content.morgandetoi.fr/el-corte-ingles/1104506-900-F.jpg
3253634610702;1104506;900;https://content.morgandetoi.fr/el-corte-ingles/1104506-900-F.jpg
3253634610696;1104506;900;https://content.morgandetoi.fr/el-corte-ingles/1104506-900-F.jpg
3253634610665;1104506;900;https://content.morgandetoi.fr/el-corte-ingles/1104506-900-F.jpg
3253634610719;1104507;1128;https://content.morgandetoi.fr/el-corte-ingles/1104507-1128-F.jpg
3253634610740;1104507;1128;https://content.morgandetoi.fr/el-corte-ingles/1104507-1128-F.jpg
3253634610726;1104507;1128;https://content.morgandetoi.fr/el-corte-ingles/1104507-1128-F.jpg
3253634610757;1104507;1128;https://content.morgandetoi.fr/el-corte-ingles/1104507-1128-F.jpg
3253634610764;1104507;1128;https://content.morgandetoi.fr/el-corte-ingles/1104507-1128-F.jpg
3253634610733;1104507;1128;https://content.morgandetoi.fr/el-corte-ingles/1104507-1128-F.jpg
3253634610801;1104508;900;https://content.morgandetoi.fr/el-corte-ingles/1104508-900-F.jpg
3253634610771;1104508;900;https://content.morgandetoi.fr/el-corte-ingles/1104508-900-F.jpg
3253634610788;1104508;900;https://content.morgandetoi.fr/el-corte-ingles/1104508-900-F.jpg
3253634610818;1104508;900;https://content.morgandetoi.fr/el-corte-ingles/1104508-900-F.jpg
3253634610795;1104508;900;https://content.morgandetoi.fr/el-corte-ingles/1104508-900-F.jpg
3253634610825;1104508;900;https://content.morgandetoi.fr/el-corte-ingles/1104508-900-F.jpg
3253634610863;1104509;978;https://content.morgandetoi.fr/el-corte-ingles/1104509-978-F.jpg
3253634610849;1104509;978;https://content.morgandetoi.fr/el-corte-ingles/1104509-978-F.jpg
3253634610870;1104509;978;https://content.morgandetoi.fr/el-corte-ingles/1104509-978-F.jpg
3253634610856;1104509;978;https://content.morgandetoi.fr/el-corte-ingles/1104509-978-F.jpg
3253634610832;1104509;978;https://content.morgandetoi.fr/el-corte-ingles/1104509-978-F.jpg
3253634610887;1104509;978;https://content.morgandetoi.fr/el-corte-ingles/1104509-978-F.jpg
3253634610948;1104510;979;https://content.morgandetoi.fr/el-corte-ingles/1104510-979-F.jpg
3253634610924;1104510;979;https://content.morgandetoi.fr/el-corte-ingles/1104510-979-F.jpg
3253634610900;1104510;979;https://content.morgandetoi.fr/el-corte-ingles/1104510-979-F.jpg
3253634610931;1104510;979;https://content.morgandetoi.fr/el-corte-ingles/1104510-979-F.jpg
3253634610917;1104510;979;https://content.morgandetoi.fr/el-corte-ingles/1104510-979-F.jpg
3253634610894;1104510;979;https://content.morgandetoi.fr/el-corte-ingles/1104510-979-F.jpg
3253634610993;1104511;980;https://content.morgandetoi.fr/el-corte-ingles/1104511-980-F.jpg
3253634611006;1104511;980;https://content.morgandetoi.fr/el-corte-ingles/1104511-980-F.jpg
3253634610979;1104511;980;https://content.morgandetoi.fr/el-corte-ingles/1104511-980-F.jpg
3253634610962;1104511;980;https://content.morgandetoi.fr/el-corte-ingles/1104511-980-F.jpg
3253634610955;1104511;980;https://content.morgandetoi.fr/el-corte-ingles/1104511-980-F.jpg
3253634610986;1104511;980;https://content.morgandetoi.fr/el-corte-ingles/1104511-980-F.jpg
3253634611020;1104512;900;https://content.morgandetoi.fr/el-corte-ingles/1104512-900-F.jpg
3253634611068;1104512;900;https://content.morgandetoi.fr/el-corte-ingles/1104512-900-F.jpg
3253634611044;1104512;900;https://content.morgandetoi.fr/el-corte-ingles/1104512-900-F.jpg
3253634611013;1104512;900;https://content.morgandetoi.fr/el-corte-ingles/1104512-900-F.jpg
3253634611051;1104512;900;https://content.morgandetoi.fr/el-corte-ingles/1104512-900-F.jpg
3253634611037;1104512;900;https://content.morgandetoi.fr/el-corte-ingles/1104512-900-F.jpg
3253634611150;1104513;1128;https://content.morgandetoi.fr/el-corte-ingles/1104513-1128-F.jpg
3253634611143;1104513;1128;https://content.morgandetoi.fr/el-corte-ingles/1104513-1128-F.jpg
3253634611167;1104513;1128;https://content.morgandetoi.fr/el-corte-ingles/1104513-1128-F.jpg
3253634611136;1104513;1128;https://content.morgandetoi.fr/el-corte-ingles/1104513-1128-F.jpg
3253634611174;1104513;1128;https://content.morgandetoi.fr/el-corte-ingles/1104513-1128-F.jpg
3253634611181;1104513;1128;https://content.morgandetoi.fr/el-corte-ingles/1104513-1128-F.jpg
3253634611211;1104514;900;https://content.morgandetoi.fr/el-corte-ingles/1104514-900-F.jpg
3253634611235;1104514;900;https://content.morgandetoi.fr/el-corte-ingles/1104514-900-F.jpg
3253634611198;1104514;900;https://content.morgandetoi.fr/el-corte-ingles/1104514-900-F.jpg
3253634611228;1104514;900;https://content.morgandetoi.fr/el-corte-ingles/1104514-900-F.jpg
3253634611204;1104514;900;https://content.morgandetoi.fr/el-corte-ingles/1104514-900-F.jpg
3253634611242;1104514;900;https://content.morgandetoi.fr/el-corte-ingles/1104514-900-F.jpg
3253634611280;1104515;979;https://content.morgandetoi.fr/el-corte-ingles/1104515-979-F.jpg
3253634611266;1104515;979;https://content.morgandetoi.fr/el-corte-ingles/1104515-979-F.jpg
3253634611303;1104515;979;https://content.morgandetoi.fr/el-corte-ingles/1104515-979-F.jpg
3253634611297;1104515;979;https://content.morgandetoi.fr/el-corte-ingles/1104515-979-F.jpg
3253634611259;1104515;979;https://content.morgandetoi.fr/el-corte-ingles/1104515-979-F.jpg
3253634611273;1104515;979;https://content.morgandetoi.fr/el-corte-ingles/1104515-979-F.jpg
3253634609218;1104485;1190;https://content.morgandetoi.fr/el-corte-ingles/1104485-1190-F.jpg
3253634609256;1104485;1190;https://content.morgandetoi.fr/el-corte-ingles/1104485-1190-F.jpg
3253634609225;1104485;1190;https://content.morgandetoi.fr/el-corte-ingles/1104485-1190-F.jpg
3253634609232;1104485;1190;https://content.morgandetoi.fr/el-corte-ingles/1104485-1190-F.jpg
3253634609249;1104485;1190;https://content.morgandetoi.fr/el-corte-ingles/1104485-1190-F.jpg
3253634609263;1104485;1190;https://content.morgandetoi.fr/el-corte-ingles/1104485-1190-F.jpg
3253634609300;1104486;963;https://content.morgandetoi.fr/el-corte-ingles/1104486-963-F.jpg
3253634609324;1104486;963;https://content.morgandetoi.fr/el-corte-ingles/1104486-963-F.jpg
3253634609317;1104486;963;https://content.morgandetoi.fr/el-corte-ingles/1104486-963-F.jpg
3253634609270;1104486;963;https://content.morgandetoi.fr/el-corte-ingles/1104486-963-F.jpg
3253634609287;1104486;963;https://content.morgandetoi.fr/el-corte-ingles/1104486-963-F.jpg
3253634609294;1104486;963;https://content.morgandetoi.fr/el-corte-ingles/1104486-963-F.jpg
3253634609379;1104487;978;https://content.morgandetoi.fr/el-corte-ingles/1104487-978-F.jpg
3253634609355;1104487;978;https://content.morgandetoi.fr/el-corte-ingles/1104487-978-F.jpg
3253634609331;1104487;978;https://content.morgandetoi.fr/el-corte-ingles/1104487-978-F.jpg
3253634609386;1104487;978;https://content.morgandetoi.fr/el-corte-ingles/1104487-978-F.jpg
3253634609348;1104487;978;https://content.morgandetoi.fr/el-corte-ingles/1104487-978-F.jpg
3253634609362;1104487;978;https://content.morgandetoi.fr/el-corte-ingles/1104487-978-F.jpg
3253634609393;1104488;944;https://content.morgandetoi.fr/el-corte-ingles/1104488-944-F.jpg
3253634609447;1104488;944;https://content.morgandetoi.fr/el-corte-ingles/1104488-944-F.jpg
3253634609430;1104488;944;https://content.morgandetoi.fr/el-corte-ingles/1104488-944-F.jpg
3253634609409;1104488;944;https://content.morgandetoi.fr/el-corte-ingles/1104488-944-F.jpg
3253634609423;1104488;944;https://content.morgandetoi.fr/el-corte-ingles/1104488-944-F.jpg
3253634609416;1104488;944;https://content.morgandetoi.fr/el-corte-ingles/1104488-944-F.jpg
3253634609508;1104489;203;https://content.morgandetoi.fr/el-corte-ingles/1104489-203-F.jpg
3253634609485;1104489;203;https://content.morgandetoi.fr/el-corte-ingles/1104489-203-F.jpg
3253634609478;1104489;203;https://content.morgandetoi.fr/el-corte-ingles/1104489-203-F.jpg
3253634609492;1104489;203;https://content.morgandetoi.fr/el-corte-ingles/1104489-203-F.jpg
3253634609454;1104489;203;https://content.morgandetoi.fr/el-corte-ingles/1104489-203-F.jpg
3253634609461;1104489;203;https://content.morgandetoi.fr/el-corte-ingles/1104489-203-F.jpg
3253634609515;1104490;978;https://content.morgandetoi.fr/el-corte-ingles/1104490-978-F.jpg
3253634609553;1104490;978;https://content.morgandetoi.fr/el-corte-ingles/1104490-978-F.jpg
3253634609560;1104490;978;https://content.morgandetoi.fr/el-corte-ingles/1104490-978-F.jpg
3253634609522;1104490;978;https://content.morgandetoi.fr/el-corte-ingles/1104490-978-F.jpg
3253634609546;1104490;978;https://content.morgandetoi.fr/el-corte-ingles/1104490-978-F.jpg
3253634609539;1104490;978;https://content.morgandetoi.fr/el-corte-ingles/1104490-978-F.jpg
3253634609584;1104491;1170;https://content.morgandetoi.fr/el-corte-ingles/1104491-1170-F.jpg
3253634609591;1104491;1170;https://content.morgandetoi.fr/el-corte-ingles/1104491-1170-F.jpg
3253634609577;1104491;1170;https://content.morgandetoi.fr/el-corte-ingles/1104491-1170-F.jpg
3253634609614;1104491;1170;https://content.morgandetoi.fr/el-corte-ingles/1104491-1170-F.jpg
3253634609621;1104491;1170;https://content.morgandetoi.fr/el-corte-ingles/1104491-1170-F.jpg
3253634609607;1104491;1170;https://content.morgandetoi.fr/el-corte-ingles/1104491-1170-F.jpg
3253634609652;1104492;978;https://content.morgandetoi.fr/el-corte-ingles/1104492-978-F.jpg
3253634609645;1104492;978;https://content.morgandetoi.fr/el-corte-ingles/1104492-978-F.jpg
3253634609669;1104492;978;https://content.morgandetoi.fr/el-corte-ingles/1104492-978-F.jpg
3253634609676;1104492;978;https://content.morgandetoi.fr/el-corte-ingles/1104492-978-F.jpg
3253634609638;1104492;978;https://content.morgandetoi.fr/el-corte-ingles/1104492-978-F.jpg
3253634609683;1104492;978;https://content.morgandetoi.fr/el-corte-ingles/1104492-978-F.jpg
3253634609744;1104493;1088;https://content.morgandetoi.fr/el-corte-ingles/1104493-1088-F.jpg
3253634609713;1104493;1088;https://content.morgandetoi.fr/el-corte-ingles/1104493-1088-F.jpg
3253634609737;1104493;1088;https://content.morgandetoi.fr/el-corte-ingles/1104493-1088-F.jpg
3253634609690;1104493;1088;https://content.morgandetoi.fr/el-corte-ingles/1104493-1088-F.jpg
3253634609720;1104493;1088;https://content.morgandetoi.fr/el-corte-ingles/1104493-1088-F.jpg
3253634609706;1104493;1088;https://content.morgandetoi.fr/el-corte-ingles/1104493-1088-F.jpg
3253634609782;1104493;1170;https://content.morgandetoi.fr/el-corte-ingles/1104493-1170-F.jpg
3253634609775;1104493;1170;https://content.morgandetoi.fr/el-corte-ingles/1104493-1170-F.jpg
3253634609751;1104493;1170;https://content.morgandetoi.fr/el-corte-ingles/1104493-1170-F.jpg
3253634609799;1104493;1170;https://content.morgandetoi.fr/el-corte-ingles/1104493-1170-F.jpg
3253634609805;1104493;1170;https://content.morgandetoi.fr/el-corte-ingles/1104493-1170-F.jpg
3253634609768;1104493;1170;https://content.morgandetoi.fr/el-corte-ingles/1104493-1170-F.jpg
3253634609812;1104494;900;https://content.morgandetoi.fr/el-corte-ingles/1104494-900-F.jpg
3253634609867;1104494;900;https://content.morgandetoi.fr/el-corte-ingles/1104494-900-F.jpg
3253634609843;1104494;900;https://content.morgandetoi.fr/el-corte-ingles/1104494-900-F.jpg
3253634609836;1104494;900;https://content.morgandetoi.fr/el-corte-ingles/1104494-900-F.jpg
3253634609829;1104494;900;https://content.morgandetoi.fr/el-corte-ingles/1104494-900-F.jpg
3253634609850;1104494;900;https://content.morgandetoi.fr/el-corte-ingles/1104494-900-F.jpg
3253634609881;1104495;1190;https://content.morgandetoi.fr/el-corte-ingles/1104495-1190-F.jpg
3253634609928;1104495;1190;https://content.morgandetoi.fr/el-corte-ingles/1104495-1190-F.jpg
3253634609904;1104495;1190;https://content.morgandetoi.fr/el-corte-ingles/1104495-1190-F.jpg
3253634609898;1104495;1190;https://content.morgandetoi.fr/el-corte-ingles/1104495-1190-F.jpg
3253634609911;1104495;1190;https://content.morgandetoi.fr/el-corte-ingles/1104495-1190-F.jpg
3253634609874;1104495;1190;https://content.morgandetoi.fr/el-corte-ingles/1104495-1190-F.jpg
3253634610054;1104497;900;https://content.morgandetoi.fr/el-corte-ingles/1104497-900-F.jpg
3253634610085;1104497;900;https://content.morgandetoi.fr/el-corte-ingles/1104497-900-F.jpg
3253634610092;1104497;900;https://content.morgandetoi.fr/el-corte-ingles/1104497-900-F.jpg
3253634610078;1104497;900;https://content.morgandetoi.fr/el-corte-ingles/1104497-900-F.jpg
3253634610061;1104497;900;https://content.morgandetoi.fr/el-corte-ingles/1104497-900-F.jpg
3253634610108;1104497;900;https://content.morgandetoi.fr/el-corte-ingles/1104497-900-F.jpg
3253634610115;1104498;994;https://content.morgandetoi.fr/el-corte-ingles/1104498-994-F.jpg
3253634610153;1104498;994;https://content.morgandetoi.fr/el-corte-ingles/1104498-994-F.jpg
3253634610139;1104498;994;https://content.morgandetoi.fr/el-corte-ingles/1104498-994-F.jpg
3253634610122;1104498;994;https://content.morgandetoi.fr/el-corte-ingles/1104498-994-F.jpg
3253634610160;1104498;994;https://content.morgandetoi.fr/el-corte-ingles/1104498-994-F.jpg
3253634610146;1104498;994;https://content.morgandetoi.fr/el-corte-ingles/1104498-994-F.jpg
3253634610252;1104499;1170;https://content.morgandetoi.fr/el-corte-ingles/1104499-1170-F.jpg
3253634610238;1104499;1170;https://content.morgandetoi.fr/el-corte-ingles/1104499-1170-F.jpg
3253634610283;1104499;1170;https://content.morgandetoi.fr/el-corte-ingles/1104499-1170-F.jpg
3253634610276;1104499;1170;https://content.morgandetoi.fr/el-corte-ingles/1104499-1170-F.jpg
3253634610269;1104499;1170;https://content.morgandetoi.fr/el-corte-ingles/1104499-1170-F.jpg
3253634610245;1104499;1170;https://content.morgandetoi.fr/el-corte-ingles/1104499-1170-F.jpg
3253634610184;1104499;1088;https://content.morgandetoi.fr/el-corte-ingles/1104499-1088-F.jpg
3253634610177;1104499;1088;https://content.morgandetoi.fr/el-corte-ingles/1104499-1088-F.jpg
3253634610221;1104499;1088;https://content.morgandetoi.fr/el-corte-ingles/1104499-1088-F.jpg
3253634610207;1104499;1088;https://content.morgandetoi.fr/el-corte-ingles/1104499-1088-F.jpg
3253634610191;1104499;1088;https://content.morgandetoi.fr/el-corte-ingles/1104499-1088-F.jpg
3253634610214;1104499;1088;https://content.morgandetoi.fr/el-corte-ingles/1104499-1088-F.jpg
3253634610290;1104500;1170;https://content.morgandetoi.fr/el-corte-ingles/1104500-1170-F.jpg
3253634610313;1104500;1170;https://content.morgandetoi.fr/el-corte-ingles/1104500-1170-F.jpg
3253634610337;1104500;1170;https://content.morgandetoi.fr/el-corte-ingles/1104500-1170-F.jpg
3253634610320;1104500;1170;https://content.morgandetoi.fr/el-corte-ingles/1104500-1170-F.jpg
3253634610344;1104500;1170;https://content.morgandetoi.fr/el-corte-ingles/1104500-1170-F.jpg
3253634610306;1104500;1170;https://content.morgandetoi.fr/el-corte-ingles/1104500-1170-F.jpg
3253634610405;1104501;1187;https://content.morgandetoi.fr/el-corte-ingles/1104501-1187-F.jpg
3253634610351;1104501;1187;https://content.morgandetoi.fr/el-corte-ingles/1104501-1187-F.jpg
3253634610368;1104501;1187;https://content.morgandetoi.fr/el-corte-ingles/1104501-1187-F.jpg
3253634610399;1104501;1187;https://content.morgandetoi.fr/el-corte-ingles/1104501-1187-F.jpg
3253634610375;1104501;1187;https://content.morgandetoi.fr/el-corte-ingles/1104501-1187-F.jpg
3253634610382;1104501;1187;https://content.morgandetoi.fr/el-corte-ingles/1104501-1187-F.jpg
3253634611495;1104518;900;https://content.morgandetoi.fr/el-corte-ingles/1104518-900-F.jpg
3253634611518;1104518;900;https://content.morgandetoi.fr/el-corte-ingles/1104518-900-F.jpg
3253634611525;1104518;900;https://content.morgandetoi.fr/el-corte-ingles/1104518-900-F.jpg
3253634611501;1104518;900;https://content.morgandetoi.fr/el-corte-ingles/1104518-900-F.jpg
3253634611549;1104518;900;https://content.morgandetoi.fr/el-corte-ingles/1104518-900-F.jpg
3253634611532;1104518;900;https://content.morgandetoi.fr/el-corte-ingles/1104518-900-F.jpg
3253634611570;1104519;900;https://content.morgandetoi.fr/el-corte-ingles/1104519-900-F.jpg
3253634611600;1104519;900;https://content.morgandetoi.fr/el-corte-ingles/1104519-900-F.jpg
3253634611556;1104519;900;https://content.morgandetoi.fr/el-corte-ingles/1104519-900-F.jpg
3253634611563;1104519;900;https://content.morgandetoi.fr/el-corte-ingles/1104519-900-F.jpg
3253634611587;1104519;900;https://content.morgandetoi.fr/el-corte-ingles/1104519-900-F.jpg
3253634611594;1104519;900;https://content.morgandetoi.fr/el-corte-ingles/1104519-900-F.jpg
3253634611815;1104521;979;https://content.morgandetoi.fr/el-corte-ingles/1104521-979-F.jpg
3253634611839;1104521;979;https://content.morgandetoi.fr/el-corte-ingles/1104521-979-F.jpg
3253634611792;1104521;979;https://content.morgandetoi.fr/el-corte-ingles/1104521-979-F.jpg
3253634611808;1104521;979;https://content.morgandetoi.fr/el-corte-ingles/1104521-979-F.jpg
3253634611846;1104521;979;https://content.morgandetoi.fr/el-corte-ingles/1104521-979-F.jpg
3253634611822;1104521;979;https://content.morgandetoi.fr/el-corte-ingles/1104521-979-F.jpg
3253634611877;1104522;900;https://content.morgandetoi.fr/el-corte-ingles/1104522-900-F.jpg
3253634611853;1104522;900;https://content.morgandetoi.fr/el-corte-ingles/1104522-900-F.jpg
3253634611860;1104522;900;https://content.morgandetoi.fr/el-corte-ingles/1104522-900-F.jpg
3253634611884;1104522;900;https://content.morgandetoi.fr/el-corte-ingles/1104522-900-F.jpg
3253634611891;1104522;900;https://content.morgandetoi.fr/el-corte-ingles/1104522-900-F.jpg
3253634611907;1104522;900;https://content.morgandetoi.fr/el-corte-ingles/1104522-900-F.jpg
3253634611914;1104523;994;https://content.morgandetoi.fr/el-corte-ingles/1104523-994-F.jpg
3253634611952;1104523;994;https://content.morgandetoi.fr/el-corte-ingles/1104523-994-F.jpg
3253634611938;1104523;994;https://content.morgandetoi.fr/el-corte-ingles/1104523-994-F.jpg
3253634611945;1104523;994;https://content.morgandetoi.fr/el-corte-ingles/1104523-994-F.jpg
3253634611969;1104523;994;https://content.morgandetoi.fr/el-corte-ingles/1104523-994-F.jpg
3253634611921;1104523;994;https://content.morgandetoi.fr/el-corte-ingles/1104523-994-F.jpg
3253634612003;1104524;900;https://content.morgandetoi.fr/el-corte-ingles/1104524-900-F.jpg
3253634611990;1104524;900;https://content.morgandetoi.fr/el-corte-ingles/1104524-900-F.jpg
3253634612027;1104524;900;https://content.morgandetoi.fr/el-corte-ingles/1104524-900-F.jpg
3253634611983;1104524;900;https://content.morgandetoi.fr/el-corte-ingles/1104524-900-F.jpg
3253634612010;1104524;900;https://content.morgandetoi.fr/el-corte-ingles/1104524-900-F.jpg
3253634611976;1104524;900;https://content.morgandetoi.fr/el-corte-ingles/1104524-900-F.jpg
3253634612058;1104525;900;https://content.morgandetoi.fr/el-corte-ingles/1104525-900-F.jpg
3253634612041;1104525;900;https://content.morgandetoi.fr/el-corte-ingles/1104525-900-F.jpg
3253634612034;1104525;900;https://content.morgandetoi.fr/el-corte-ingles/1104525-900-F.jpg
3253634612089;1104525;900;https://content.morgandetoi.fr/el-corte-ingles/1104525-900-F.jpg
3253634612072;1104525;900;https://content.morgandetoi.fr/el-corte-ingles/1104525-900-F.jpg
3253634612065;1104525;900;https://content.morgandetoi.fr/el-corte-ingles/1104525-900-F.jpg
3253634612102;1104526;900;https://content.morgandetoi.fr/el-corte-ingles/1104526-900-F.jpg
3253634612119;1104526;900;https://content.morgandetoi.fr/el-corte-ingles/1104526-900-F.jpg
3253634612133;1104526;900;https://content.morgandetoi.fr/el-corte-ingles/1104526-900-F.jpg
3253634612126;1104526;900;https://content.morgandetoi.fr/el-corte-ingles/1104526-900-F.jpg
3253634612140;1104526;900;https://content.morgandetoi.fr/el-corte-ingles/1104526-900-F.jpg
3253634612096;1104526;900;https://content.morgandetoi.fr/el-corte-ingles/1104526-900-F.jpg
3253634612171;1104527;900;https://content.morgandetoi.fr/el-corte-ingles/1104527-900-F.jpg
3253634612188;1104527;900;https://content.morgandetoi.fr/el-corte-ingles/1104527-900-F.jpg
3253634612201;1104527;900;https://content.morgandetoi.fr/el-corte-ingles/1104527-900-F.jpg
3253634612164;1104527;900;https://content.morgandetoi.fr/el-corte-ingles/1104527-900-F.jpg
3253634612195;1104527;900;https://content.morgandetoi.fr/el-corte-ingles/1104527-900-F.jpg
3253634612157;1104527;900;https://content.morgandetoi.fr/el-corte-ingles/1104527-900-F.jpg
3253634612225;1104528;931;https://content.morgandetoi.fr/el-corte-ingles/1104528-931-F.jpg
3253634612218;1104528;931;https://content.morgandetoi.fr/el-corte-ingles/1104528-931-F.jpg
3253634612256;1104528;931;https://content.morgandetoi.fr/el-corte-ingles/1104528-931-F.jpg
3253634612263;1104528;931;https://content.morgandetoi.fr/el-corte-ingles/1104528-931-F.jpg
3253634612232;1104528;931;https://content.morgandetoi.fr/el-corte-ingles/1104528-931-F.jpg
3253634612249;1104528;931;https://content.morgandetoi.fr/el-corte-ingles/1104528-931-F.jpg
3253634612324;1104529;900;https://content.morgandetoi.fr/el-corte-ingles/1104529-900-F.jpg
3253634612300;1104529;900;https://content.morgandetoi.fr/el-corte-ingles/1104529-900-F.jpg
3253634612317;1104529;900;https://content.morgandetoi.fr/el-corte-ingles/1104529-900-F.jpg
3253634612270;1104529;900;https://content.morgandetoi.fr/el-corte-ingles/1104529-900-F.jpg
3253634612287;1104529;900;https://content.morgandetoi.fr/el-corte-ingles/1104529-900-F.jpg
3253634612294;1104529;900;https://content.morgandetoi.fr/el-corte-ingles/1104529-900-F.jpg
3253634612386;1104530;900;https://content.morgandetoi.fr/el-corte-ingles/1104530-900-F.jpg
3253634612355;1104530;900;https://content.morgandetoi.fr/el-corte-ingles/1104530-900-F.jpg
3253634612348;1104530;900;https://content.morgandetoi.fr/el-corte-ingles/1104530-900-F.jpg
3253634612379;1104530;900;https://content.morgandetoi.fr/el-corte-ingles/1104530-900-F.jpg
3253634612362;1104530;900;https://content.morgandetoi.fr/el-corte-ingles/1104530-900-F.jpg
3253634612331;1104530;900;https://content.morgandetoi.fr/el-corte-ingles/1104530-900-F.jpg
3253634612416;1104531;900;https://content.morgandetoi.fr/el-corte-ingles/1104531-900-F.jpg
3253634612409;1104531;900;https://content.morgandetoi.fr/el-corte-ingles/1104531-900-F.jpg
3253634612447;1104531;900;https://content.morgandetoi.fr/el-corte-ingles/1104531-900-F.jpg
3253634612430;1104531;900;https://content.morgandetoi.fr/el-corte-ingles/1104531-900-F.jpg
3253634612423;1104531;900;https://content.morgandetoi.fr/el-corte-ingles/1104531-900-F.jpg
3253634612393;1104531;900;https://content.morgandetoi.fr/el-corte-ingles/1104531-900-F.jpg
3253634612454;1104532;979;https://content.morgandetoi.fr/el-corte-ingles/1104532-979-F.jpg
3253634612461;1104532;979;https://content.morgandetoi.fr/el-corte-ingles/1104532-979-F.jpg
3253634612508;1104532;979;https://content.morgandetoi.fr/el-corte-ingles/1104532-979-F.jpg
3253634612485;1104532;979;https://content.morgandetoi.fr/el-corte-ingles/1104532-979-F.jpg
3253634612492;1104532;979;https://content.morgandetoi.fr/el-corte-ingles/1104532-979-F.jpg
3253634612478;1104532;979;https://content.morgandetoi.fr/el-corte-ingles/1104532-979-F.jpg
3253634612577;1104533;987;https://content.morgandetoi.fr/el-corte-ingles/1104533-987-F.jpg
3253634612607;1104533;987;https://content.morgandetoi.fr/el-corte-ingles/1104533-987-F.jpg
3253634612614;1104533;987;https://content.morgandetoi.fr/el-corte-ingles/1104533-987-F.jpg
3253634612621;1104533;987;https://content.morgandetoi.fr/el-corte-ingles/1104533-987-F.jpg
3253634612584;1104533;987;https://content.morgandetoi.fr/el-corte-ingles/1104533-987-F.jpg
3253634612591;1104533;987;https://content.morgandetoi.fr/el-corte-ingles/1104533-987-F.jpg
3253634612669;1104534;900;https://content.morgandetoi.fr/el-corte-ingles/1104534-900-F.jpg
3253634612652;1104534;900;https://content.morgandetoi.fr/el-corte-ingles/1104534-900-F.jpg
3253634612676;1104534;900;https://content.morgandetoi.fr/el-corte-ingles/1104534-900-F.jpg
3253634612645;1104534;900;https://content.morgandetoi.fr/el-corte-ingles/1104534-900-F.jpg
3253634612683;1104534;900;https://content.morgandetoi.fr/el-corte-ingles/1104534-900-F.jpg
3253634612638;1104534;900;https://content.morgandetoi.fr/el-corte-ingles/1104534-900-F.jpg
3253634615127;1104567;900;https://content.morgandetoi.fr/el-corte-ingles/1104567-900-F.jpg
3253634615110;1104567;900;https://content.morgandetoi.fr/el-corte-ingles/1104567-900-F.jpg
3253634615134;1104567;900;https://content.morgandetoi.fr/el-corte-ingles/1104567-900-F.jpg
3253634615097;1104567;900;https://content.morgandetoi.fr/el-corte-ingles/1104567-900-F.jpg
3253634615103;1104567;900;https://content.morgandetoi.fr/el-corte-ingles/1104567-900-F.jpg
3253634612713;1104535;931;https://content.morgandetoi.fr/el-corte-ingles/1104535-931-F.jpg
3253634612744;1104535;931;https://content.morgandetoi.fr/el-corte-ingles/1104535-931-F.jpg
3253634612737;1104535;931;https://content.morgandetoi.fr/el-corte-ingles/1104535-931-F.jpg
3253634612720;1104535;931;https://content.morgandetoi.fr/el-corte-ingles/1104535-931-F.jpg
3253634612706;1104535;931;https://content.morgandetoi.fr/el-corte-ingles/1104535-931-F.jpg
3253634612690;1104535;931;https://content.morgandetoi.fr/el-corte-ingles/1104535-931-F.jpg
3253634612775;1104536;994;https://content.morgandetoi.fr/el-corte-ingles/1104536-994-F.jpg
3253634612751;1104536;994;https://content.morgandetoi.fr/el-corte-ingles/1104536-994-F.jpg
3253634612768;1104536;994;https://content.morgandetoi.fr/el-corte-ingles/1104536-994-F.jpg
3253634612782;1104536;994;https://content.morgandetoi.fr/el-corte-ingles/1104536-994-F.jpg
3253634612799;1104536;994;https://content.morgandetoi.fr/el-corte-ingles/1104536-994-F.jpg
3253634612805;1104536;994;https://content.morgandetoi.fr/el-corte-ingles/1104536-994-F.jpg
3253634612829;1104537;1116;https://content.morgandetoi.fr/el-corte-ingles/1104537-1116-F.jpg
3253634612812;1104537;1116;https://content.morgandetoi.fr/el-corte-ingles/1104537-1116-F.jpg
3253634612836;1104537;1116;https://content.morgandetoi.fr/el-corte-ingles/1104537-1116-F.jpg
3253634612843;1104537;1116;https://content.morgandetoi.fr/el-corte-ingles/1104537-1116-F.jpg
3253634612850;1104537;1116;https://content.morgandetoi.fr/el-corte-ingles/1104537-1116-F.jpg
3253634612867;1104537;1116;https://content.morgandetoi.fr/el-corte-ingles/1104537-1116-F.jpg
3253634612874;1104538;1148;https://content.morgandetoi.fr/el-corte-ingles/1104538-1148-F.jpg
3253634612898;1104538;1148;https://content.morgandetoi.fr/el-corte-ingles/1104538-1148-F.jpg
3253634612904;1104538;1148;https://content.morgandetoi.fr/el-corte-ingles/1104538-1148-F.jpg
3253634612911;1104538;1148;https://content.morgandetoi.fr/el-corte-ingles/1104538-1148-F.jpg
3253634612928;1104538;1148;https://content.morgandetoi.fr/el-corte-ingles/1104538-1148-F.jpg
3253634612881;1104538;1148;https://content.morgandetoi.fr/el-corte-ingles/1104538-1148-F.jpg
3253634612966;1104539;900;https://content.morgandetoi.fr/el-corte-ingles/1104539-900-F.jpg
3253634612935;1104539;900;https://content.morgandetoi.fr/el-corte-ingles/1104539-900-F.jpg
3253634612959;1104539;900;https://content.morgandetoi.fr/el-corte-ingles/1104539-900-F.jpg
3253634612942;1104539;900;https://content.morgandetoi.fr/el-corte-ingles/1104539-900-F.jpg
3253634612973;1104539;900;https://content.morgandetoi.fr/el-corte-ingles/1104539-900-F.jpg
3253634612980;1104539;900;https://content.morgandetoi.fr/el-corte-ingles/1104539-900-F.jpg
3253634615240;1104569;900;https://content.morgandetoi.fr/el-corte-ingles/1104569-900-F.jpg
3253634615219;1104569;900;https://content.morgandetoi.fr/el-corte-ingles/1104569-900-F.jpg
3253634615226;1104569;900;https://content.morgandetoi.fr/el-corte-ingles/1104569-900-F.jpg
3253634615196;1104569;900;https://content.morgandetoi.fr/el-corte-ingles/1104569-900-F.jpg
3253634615202;1104569;900;https://content.morgandetoi.fr/el-corte-ingles/1104569-900-F.jpg
3253634615233;1104569;900;https://content.morgandetoi.fr/el-corte-ingles/1104569-900-F.jpg
3253634612997;1104540;979;https://content.morgandetoi.fr/el-corte-ingles/1104540-979-F.jpg
3253634613000;1104540;979;https://content.morgandetoi.fr/el-corte-ingles/1104540-979-F.jpg
3253634613048;1104540;979;https://content.morgandetoi.fr/el-corte-ingles/1104540-979-F.jpg
3253634613017;1104540;979;https://content.morgandetoi.fr/el-corte-ingles/1104540-979-F.jpg
3253634613024;1104540;979;https://content.morgandetoi.fr/el-corte-ingles/1104540-979-F.jpg
3253634613031;1104540;979;https://content.morgandetoi.fr/el-corte-ingles/1104540-979-F.jpg
3253634613055;1104541;900;https://content.morgandetoi.fr/el-corte-ingles/1104541-900-F.jpg
3253634613109;1104541;900;https://content.morgandetoi.fr/el-corte-ingles/1104541-900-F.jpg
3253634613079;1104541;900;https://content.morgandetoi.fr/el-corte-ingles/1104541-900-F.jpg
3253634613093;1104541;900;https://content.morgandetoi.fr/el-corte-ingles/1104541-900-F.jpg
3253634613086;1104541;900;https://content.morgandetoi.fr/el-corte-ingles/1104541-900-F.jpg
3253634613062;1104541;900;https://content.morgandetoi.fr/el-corte-ingles/1104541-900-F.jpg
3253634613154;1104542;978;https://content.morgandetoi.fr/el-corte-ingles/1104542-978-F.jpg
3253634613116;1104542;978;https://content.morgandetoi.fr/el-corte-ingles/1104542-978-F.jpg
3253634613123;1104542;978;https://content.morgandetoi.fr/el-corte-ingles/1104542-978-F.jpg
3253634613147;1104542;978;https://content.morgandetoi.fr/el-corte-ingles/1104542-978-F.jpg
3253634613130;1104542;978;https://content.morgandetoi.fr/el-corte-ingles/1104542-978-F.jpg
3253634615257;1104570;1130;https://content.morgandetoi.fr/el-corte-ingles/1104570-1130-F.jpg
3253634615271;1104570;1130;https://content.morgandetoi.fr/el-corte-ingles/1104570-1130-F.jpg
3253634615288;1104570;1130;https://content.morgandetoi.fr/el-corte-ingles/1104570-1130-F.jpg
3253634615295;1104570;1130;https://content.morgandetoi.fr/el-corte-ingles/1104570-1130-F.jpg
3253634615301;1104570;1130;https://content.morgandetoi.fr/el-corte-ingles/1104570-1130-F.jpg
3253634615264;1104570;1130;https://content.morgandetoi.fr/el-corte-ingles/1104570-1130-F.jpg
3253634613185;1104543;1144;https://content.morgandetoi.fr/el-corte-ingles/1104543-1144-F.jpg
3253634613161;1104543;1144;https://content.morgandetoi.fr/el-corte-ingles/1104543-1144-F.jpg
3253634613192;1104543;1144;https://content.morgandetoi.fr/el-corte-ingles/1104543-1144-F.jpg
3253634613178;1104543;1144;https://content.morgandetoi.fr/el-corte-ingles/1104543-1144-F.jpg
3253634613208;1104543;1144;https://content.morgandetoi.fr/el-corte-ingles/1104543-1144-F.jpg
3253634614762;1104543;978;https://content.morgandetoi.fr/el-corte-ingles/1104543-978-F.jpg
3253634614724;1104543;978;https://content.morgandetoi.fr/el-corte-ingles/1104543-978-F.jpg
3253634614748;1104543;978;https://content.morgandetoi.fr/el-corte-ingles/1104543-978-F.jpg
3253634614755;1104543;978;https://content.morgandetoi.fr/el-corte-ingles/1104543-978-F.jpg
3253634614731;1104543;978;https://content.morgandetoi.fr/el-corte-ingles/1104543-978-F.jpg
3253634613215;1104543;992;https://content.morgandetoi.fr/el-corte-ingles/1104543-992-F.jpg
3253634613222;1104543;992;https://content.morgandetoi.fr/el-corte-ingles/1104543-992-F.jpg
3253634613246;1104543;992;https://content.morgandetoi.fr/el-corte-ingles/1104543-992-F.jpg
3253634613253;1104543;992;https://content.morgandetoi.fr/el-corte-ingles/1104543-992-F.jpg
3253634613239;1104543;992;https://content.morgandetoi.fr/el-corte-ingles/1104543-992-F.jpg
3253634613291;1104544;944;https://content.morgandetoi.fr/el-corte-ingles/1104544-944-F.jpg
3253634613307;1104544;944;https://content.morgandetoi.fr/el-corte-ingles/1104544-944-F.jpg
3253634613277;1104544;944;https://content.morgandetoi.fr/el-corte-ingles/1104544-944-F.jpg
3253634613284;1104544;944;https://content.morgandetoi.fr/el-corte-ingles/1104544-944-F.jpg
3253634613260;1104544;944;https://content.morgandetoi.fr/el-corte-ingles/1104544-944-F.jpg
3253634613314;1104544;973;https://content.morgandetoi.fr/el-corte-ingles/1104544-973-F.jpg
3253634613338;1104544;973;https://content.morgandetoi.fr/el-corte-ingles/1104544-973-F.jpg
3253634613321;1104544;973;https://content.morgandetoi.fr/el-corte-ingles/1104544-973-F.jpg
3253634613345;1104544;973;https://content.morgandetoi.fr/el-corte-ingles/1104544-973-F.jpg
3253634613352;1104544;973;https://content.morgandetoi.fr/el-corte-ingles/1104544-973-F.jpg
3253634615325;1104571;1088;https://content.morgandetoi.fr/el-corte-ingles/1104571-1088-F.jpg
3253634615363;1104571;1088;https://content.morgandetoi.fr/el-corte-ingles/1104571-1088-F.jpg
3253634615356;1104571;1088;https://content.morgandetoi.fr/el-corte-ingles/1104571-1088-F.jpg
3253634615332;1104571;1088;https://content.morgandetoi.fr/el-corte-ingles/1104571-1088-F.jpg
3253634615349;1104571;1088;https://content.morgandetoi.fr/el-corte-ingles/1104571-1088-F.jpg
3253634615318;1104571;1088;https://content.morgandetoi.fr/el-corte-ingles/1104571-1088-F.jpg
3253634616643;1104571;980;https://content.morgandetoi.fr/el-corte-ingles/1104571-980-F.jpg
3253634616650;1104571;980;https://content.morgandetoi.fr/el-corte-ingles/1104571-980-F.jpg
3253634616636;1104571;980;https://content.morgandetoi.fr/el-corte-ingles/1104571-980-F.jpg
3253634616629;1104571;980;https://content.morgandetoi.fr/el-corte-ingles/1104571-980-F.jpg
3253634616612;1104571;980;https://content.morgandetoi.fr/el-corte-ingles/1104571-980-F.jpg
3253634616605;1104571;980;https://content.morgandetoi.fr/el-corte-ingles/1104571-980-F.jpg
3253634613604;1104545;973;https://content.morgandetoi.fr/el-corte-ingles/1104545-973-F.jpg
3253634613598;1104545;973;https://content.morgandetoi.fr/el-corte-ingles/1104545-973-F.jpg
3253634613567;1104545;973;https://content.morgandetoi.fr/el-corte-ingles/1104545-973-F.jpg
3253634613581;1104545;973;https://content.morgandetoi.fr/el-corte-ingles/1104545-973-F.jpg
3253634613574;1104545;973;https://content.morgandetoi.fr/el-corte-ingles/1104545-973-F.jpg
3253634613635;1104546;931;https://content.morgandetoi.fr/el-corte-ingles/1104546-931-F.jpg
3253634613642;1104546;931;https://content.morgandetoi.fr/el-corte-ingles/1104546-931-F.jpg
3253634613659;1104546;931;https://content.morgandetoi.fr/el-corte-ingles/1104546-931-F.jpg
3253634613628;1104546;931;https://content.morgandetoi.fr/el-corte-ingles/1104546-931-F.jpg
3253634613611;1104546;931;https://content.morgandetoi.fr/el-corte-ingles/1104546-931-F.jpg
3253634615394;1104572;1148;https://content.morgandetoi.fr/el-corte-ingles/1104572-1148-F.jpg
3253634615370;1104572;1148;https://content.morgandetoi.fr/el-corte-ingles/1104572-1148-F.jpg
3253634615417;1104572;1148;https://content.morgandetoi.fr/el-corte-ingles/1104572-1148-F.jpg
3253634615400;1104572;1148;https://content.morgandetoi.fr/el-corte-ingles/1104572-1148-F.jpg
3253634615387;1104572;1148;https://content.morgandetoi.fr/el-corte-ingles/1104572-1148-F.jpg
3253634613758;1104547;1148;https://content.morgandetoi.fr/el-corte-ingles/1104547-1148-F.jpg
3253634613741;1104547;1148;https://content.morgandetoi.fr/el-corte-ingles/1104547-1148-F.jpg
3253634613734;1104547;1148;https://content.morgandetoi.fr/el-corte-ingles/1104547-1148-F.jpg
3253634613710;1104547;1148;https://content.morgandetoi.fr/el-corte-ingles/1104547-1148-F.jpg
3253634613727;1104547;1148;https://content.morgandetoi.fr/el-corte-ingles/1104547-1148-F.jpg
3253634613789;1104547;1155;https://content.morgandetoi.fr/el-corte-ingles/1104547-1155-F.jpg
3253634613772;1104547;1155;https://content.morgandetoi.fr/el-corte-ingles/1104547-1155-F.jpg
3253634613796;1104547;1155;https://content.morgandetoi.fr/el-corte-ingles/1104547-1155-F.jpg
3253634613802;1104547;1155;https://content.morgandetoi.fr/el-corte-ingles/1104547-1155-F.jpg
3253634613765;1104547;1155;https://content.morgandetoi.fr/el-corte-ingles/1104547-1155-F.jpg
3253634613697;1104547;992;https://content.morgandetoi.fr/el-corte-ingles/1104547-992-F.jpg
3253634613673;1104547;992;https://content.morgandetoi.fr/el-corte-ingles/1104547-992-F.jpg
3253634613680;1104547;992;https://content.morgandetoi.fr/el-corte-ingles/1104547-992-F.jpg
3253634613666;1104547;992;https://content.morgandetoi.fr/el-corte-ingles/1104547-992-F.jpg
3253634613703;1104547;992;https://content.morgandetoi.fr/el-corte-ingles/1104547-992-F.jpg
3253634613826;1104548;980;https://content.morgandetoi.fr/el-corte-ingles/1104548-980-F.jpg
3253634613857;1104548;980;https://content.morgandetoi.fr/el-corte-ingles/1104548-980-F.jpg
3253634613833;1104548;980;https://content.morgandetoi.fr/el-corte-ingles/1104548-980-F.jpg
3253634613840;1104548;980;https://content.morgandetoi.fr/el-corte-ingles/1104548-980-F.jpg
3253634613819;1104548;980;https://content.morgandetoi.fr/el-corte-ingles/1104548-980-F.jpg
3253634613864;1104548;980;https://content.morgandetoi.fr/el-corte-ingles/1104548-980-F.jpg
3253634621784;1104548;963;https://content.morgandetoi.fr/el-corte-ingles/1104548-963-F.jpg
3253634621753;1104548;963;https://content.morgandetoi.fr/el-corte-ingles/1104548-963-F.jpg
3253634621777;1104548;963;https://content.morgandetoi.fr/el-corte-ingles/1104548-963-F.jpg
3253634621746;1104548;963;https://content.morgandetoi.fr/el-corte-ingles/1104548-963-F.jpg
3253634621760;1104548;963;https://content.morgandetoi.fr/el-corte-ingles/1104548-963-F.jpg
3253634621791;1104548;963;https://content.morgandetoi.fr/el-corte-ingles/1104548-963-F.jpg
3253634615431;1104573;969;https://content.morgandetoi.fr/el-corte-ingles/1104573-969-F.jpg
3253634615448;1104573;969;https://content.morgandetoi.fr/el-corte-ingles/1104573-969-F.jpg
3253634615424;1104573;969;https://content.morgandetoi.fr/el-corte-ingles/1104573-969-F.jpg
3253634615462;1104573;969;https://content.morgandetoi.fr/el-corte-ingles/1104573-969-F.jpg
3253634615455;1104573;969;https://content.morgandetoi.fr/el-corte-ingles/1104573-969-F.jpg
3253634615479;1104573;969;https://content.morgandetoi.fr/el-corte-ingles/1104573-969-F.jpg
3253634613871;1104549;978;https://content.morgandetoi.fr/el-corte-ingles/1104549-978-F.jpg
3253634613888;1104549;978;https://content.morgandetoi.fr/el-corte-ingles/1104549-978-F.jpg
3253634613901;1104549;978;https://content.morgandetoi.fr/el-corte-ingles/1104549-978-F.jpg
3253634613918;1104549;978;https://content.morgandetoi.fr/el-corte-ingles/1104549-978-F.jpg
3253634613895;1104549;978;https://content.morgandetoi.fr/el-corte-ingles/1104549-978-F.jpg
3253634613963;1104550;1170;https://content.morgandetoi.fr/el-corte-ingles/1104550-1170-F.jpg
3253634613949;1104550;1170;https://content.morgandetoi.fr/el-corte-ingles/1104550-1170-F.jpg
3253634613932;1104550;1170;https://content.morgandetoi.fr/el-corte-ingles/1104550-1170-F.jpg
3253634613925;1104550;1170;https://content.morgandetoi.fr/el-corte-ingles/1104550-1170-F.jpg
3253634613956;1104550;1170;https://content.morgandetoi.fr/el-corte-ingles/1104550-1170-F.jpg
3253634614069;1104551;978;https://content.morgandetoi.fr/el-corte-ingles/1104551-978-F.jpg
3253634614038;1104551;978;https://content.morgandetoi.fr/el-corte-ingles/1104551-978-F.jpg
3253634614021;1104551;978;https://content.morgandetoi.fr/el-corte-ingles/1104551-978-F.jpg
3253634614045;1104551;978;https://content.morgandetoi.fr/el-corte-ingles/1104551-978-F.jpg
3253634614052;1104551;978;https://content.morgandetoi.fr/el-corte-ingles/1104551-978-F.jpg
3253634614007;1104551;1144;https://content.morgandetoi.fr/el-corte-ingles/1104551-1144-F.jpg
3253634614014;1104551;1144;https://content.morgandetoi.fr/el-corte-ingles/1104551-1144-F.jpg
3253634613970;1104551;1144;https://content.morgandetoi.fr/el-corte-ingles/1104551-1144-F.jpg
3253634613994;1104551;1144;https://content.morgandetoi.fr/el-corte-ingles/1104551-1144-F.jpg
3253634613987;1104551;1144;https://content.morgandetoi.fr/el-corte-ingles/1104551-1144-F.jpg
3253634615523;1104574;927;https://content.morgandetoi.fr/el-corte-ingles/1104574-927-F.jpg
3253634615509;1104574;927;https://content.morgandetoi.fr/el-corte-ingles/1104574-927-F.jpg
3253634615516;1104574;927;https://content.morgandetoi.fr/el-corte-ingles/1104574-927-F.jpg
3253634615493;1104574;927;https://content.morgandetoi.fr/el-corte-ingles/1104574-927-F.jpg
3253634615486;1104574;927;https://content.morgandetoi.fr/el-corte-ingles/1104574-927-F.jpg
3253634614250;1104552;992;https://content.morgandetoi.fr/el-corte-ingles/1104552-992-F.jpg
3253634614267;1104552;992;https://content.morgandetoi.fr/el-corte-ingles/1104552-992-F.jpg
3253634614243;1104552;992;https://content.morgandetoi.fr/el-corte-ingles/1104552-992-F.jpg
3253634614236;1104552;992;https://content.morgandetoi.fr/el-corte-ingles/1104552-992-F.jpg
3253634614229;1104552;992;https://content.morgandetoi.fr/el-corte-ingles/1104552-992-F.jpg
3253634614304;1104553;102;https://content.morgandetoi.fr/el-corte-ingles/1104553-102-F.jpg
3253634614298;1104553;102;https://content.morgandetoi.fr/el-corte-ingles/1104553-102-F.jpg
3253634614311;1104553;102;https://content.morgandetoi.fr/el-corte-ingles/1104553-102-F.jpg
3253634614281;1104553;102;https://content.morgandetoi.fr/el-corte-ingles/1104553-102-F.jpg
3253634614274;1104553;102;https://content.morgandetoi.fr/el-corte-ingles/1104553-102-F.jpg
3253634614335;1104554;987;https://content.morgandetoi.fr/el-corte-ingles/1104554-987-F.jpg
3253634614359;1104554;987;https://content.morgandetoi.fr/el-corte-ingles/1104554-987-F.jpg
3253634614328;1104554;987;https://content.morgandetoi.fr/el-corte-ingles/1104554-987-F.jpg
3253634614366;1104554;987;https://content.morgandetoi.fr/el-corte-ingles/1104554-987-F.jpg
3253634614342;1104554;987;https://content.morgandetoi.fr/el-corte-ingles/1104554-987-F.jpg
3253634614397;1104555;1148;https://content.morgandetoi.fr/el-corte-ingles/1104555-1148-F.jpg
3253634614380;1104555;1148;https://content.morgandetoi.fr/el-corte-ingles/1104555-1148-F.jpg
3253634614403;1104555;1148;https://content.morgandetoi.fr/el-corte-ingles/1104555-1148-F.jpg
3253634614410;1104555;1148;https://content.morgandetoi.fr/el-corte-ingles/1104555-1148-F.jpg
3253634614373;1104555;1148;https://content.morgandetoi.fr/el-corte-ingles/1104555-1148-F.jpg
3253634614465;1104556;963;https://content.morgandetoi.fr/el-corte-ingles/1104556-963-F.jpg
3253634614427;1104556;963;https://content.morgandetoi.fr/el-corte-ingles/1104556-963-F.jpg
3253634614434;1104556;963;https://content.morgandetoi.fr/el-corte-ingles/1104556-963-F.jpg
3253634614441;1104556;963;https://content.morgandetoi.fr/el-corte-ingles/1104556-963-F.jpg
3253634614458;1104556;963;https://content.morgandetoi.fr/el-corte-ingles/1104556-963-F.jpg
3253634615639;1104576;1043;https://content.morgandetoi.fr/el-corte-ingles/1104576-1043-F.jpg
3253634615608;1104576;1043;https://content.morgandetoi.fr/el-corte-ingles/1104576-1043-F.jpg
3253634615585;1104576;1043;https://content.morgandetoi.fr/el-corte-ingles/1104576-1043-F.jpg
3253634615622;1104576;1043;https://content.morgandetoi.fr/el-corte-ingles/1104576-1043-F.jpg
3253634615615;1104576;1043;https://content.morgandetoi.fr/el-corte-ingles/1104576-1043-F.jpg
3253634615592;1104576;1043;https://content.morgandetoi.fr/el-corte-ingles/1104576-1043-F.jpg
3253634614519;1104557;1148;https://content.morgandetoi.fr/el-corte-ingles/1104557-1148-F.jpg
3253634614489;1104557;1148;https://content.morgandetoi.fr/el-corte-ingles/1104557-1148-F.jpg
3253634614472;1104557;1148;https://content.morgandetoi.fr/el-corte-ingles/1104557-1148-F.jpg
3253634614496;1104557;1148;https://content.morgandetoi.fr/el-corte-ingles/1104557-1148-F.jpg
3253634614502;1104557;1148;https://content.morgandetoi.fr/el-corte-ingles/1104557-1148-F.jpg
3253634614618;1104558;992;https://content.morgandetoi.fr/el-corte-ingles/1104558-992-F.jpg
3253634614595;1104558;992;https://content.morgandetoi.fr/el-corte-ingles/1104558-992-F.jpg
3253634614571;1104558;992;https://content.morgandetoi.fr/el-corte-ingles/1104558-992-F.jpg
3253634614588;1104558;992;https://content.morgandetoi.fr/el-corte-ingles/1104558-992-F.jpg
3253634614601;1104558;992;https://content.morgandetoi.fr/el-corte-ingles/1104558-992-F.jpg
3253634614663;1104559;1148;https://content.morgandetoi.fr/el-corte-ingles/1104559-1148-F.jpg
3253634614649;1104559;1148;https://content.morgandetoi.fr/el-corte-ingles/1104559-1148-F.jpg
3253634614625;1104559;1148;https://content.morgandetoi.fr/el-corte-ingles/1104559-1148-F.jpg
3253634614656;1104559;1148;https://content.morgandetoi.fr/el-corte-ingles/1104559-1148-F.jpg
3253634614632;1104559;1148;https://content.morgandetoi.fr/el-corte-ingles/1104559-1148-F.jpg
3253634614700;1104560;1139;https://content.morgandetoi.fr/el-corte-ingles/1104560-1139-F.jpg
3253634614694;1104560;1139;https://content.morgandetoi.fr/el-corte-ingles/1104560-1139-F.jpg
3253634614717;1104560;1139;https://content.morgandetoi.fr/el-corte-ingles/1104560-1139-F.jpg
3253634614670;1104560;1139;https://content.morgandetoi.fr/el-corte-ingles/1104560-1139-F.jpg
3253634614687;1104560;1139;https://content.morgandetoi.fr/el-corte-ingles/1104560-1139-F.jpg
3253634615660;1104577;979;https://content.morgandetoi.fr/el-corte-ingles/1104577-979-F.jpg
3253634615653;1104577;979;https://content.morgandetoi.fr/el-corte-ingles/1104577-979-F.jpg
3253634615646;1104577;979;https://content.morgandetoi.fr/el-corte-ingles/1104577-979-F.jpg
3253634615677;1104577;979;https://content.morgandetoi.fr/el-corte-ingles/1104577-979-F.jpg
3253634615684;1104577;979;https://content.morgandetoi.fr/el-corte-ingles/1104577-979-F.jpg
3253634632636;1104577;1139;https://content.morgandetoi.fr/el-corte-ingles/1104577-1139-F.jpg
3253634632629;1104577;1139;https://content.morgandetoi.fr/el-corte-ingles/1104577-1139-F.jpg
3253634632667;1104577;1139;https://content.morgandetoi.fr/el-corte-ingles/1104577-1139-F.jpg
3253634632643;1104577;1139;https://content.morgandetoi.fr/el-corte-ingles/1104577-1139-F.jpg
3253634632650;1104577;1139;https://content.morgandetoi.fr/el-corte-ingles/1104577-1139-F.jpg
3253634614816;1104561;1116;https://content.morgandetoi.fr/el-corte-ingles/1104561-1116-F.jpg
3253634614779;1104561;1116;https://content.morgandetoi.fr/el-corte-ingles/1104561-1116-F.jpg
3253634614786;1104561;1116;https://content.morgandetoi.fr/el-corte-ingles/1104561-1116-F.jpg
3253634614809;1104561;1116;https://content.morgandetoi.fr/el-corte-ingles/1104561-1116-F.jpg
3253634614823;1104561;1116;https://content.morgandetoi.fr/el-corte-ingles/1104561-1116-F.jpg
3253634614793;1104561;1116;https://content.morgandetoi.fr/el-corte-ingles/1104561-1116-F.jpg
3253634614847;1104562;1150;https://content.morgandetoi.fr/el-corte-ingles/1104562-1150-F.jpg
3253634614830;1104562;1150;https://content.morgandetoi.fr/el-corte-ingles/1104562-1150-F.jpg
3253634614854;1104562;1150;https://content.morgandetoi.fr/el-corte-ingles/1104562-1150-F.jpg
3253634614861;1104562;1150;https://content.morgandetoi.fr/el-corte-ingles/1104562-1150-F.jpg
3253634614878;1104562;1150;https://content.morgandetoi.fr/el-corte-ingles/1104562-1150-F.jpg
3253634614915;1104563;927;https://content.morgandetoi.fr/el-corte-ingles/1104563-927-F.jpg
3253634614885;1104563;927;https://content.morgandetoi.fr/el-corte-ingles/1104563-927-F.jpg
3253634614922;1104563;927;https://content.morgandetoi.fr/el-corte-ingles/1104563-927-F.jpg
3253634614908;1104563;927;https://content.morgandetoi.fr/el-corte-ingles/1104563-927-F.jpg
3253634614892;1104563;927;https://content.morgandetoi.fr/el-corte-ingles/1104563-927-F.jpg
3253634615738;1104578;978;https://content.morgandetoi.fr/el-corte-ingles/1104578-978-F.jpg
3253634615721;1104578;978;https://content.morgandetoi.fr/el-corte-ingles/1104578-978-F.jpg
3253634615707;1104578;978;https://content.morgandetoi.fr/el-corte-ingles/1104578-978-F.jpg
3253634615714;1104578;978;https://content.morgandetoi.fr/el-corte-ingles/1104578-978-F.jpg
3253634615691;1104578;978;https://content.morgandetoi.fr/el-corte-ingles/1104578-978-F.jpg
3253634614939;1104564;987;https://content.morgandetoi.fr/el-corte-ingles/1104564-987-F.jpg
3253634614953;1104564;987;https://content.morgandetoi.fr/el-corte-ingles/1104564-987-F.jpg
3253634614946;1104564;987;https://content.morgandetoi.fr/el-corte-ingles/1104564-987-F.jpg
3253634614960;1104564;987;https://content.morgandetoi.fr/el-corte-ingles/1104564-987-F.jpg
3253634614977;1104564;987;https://content.morgandetoi.fr/el-corte-ingles/1104564-987-F.jpg
3253634614984;1104565;993;https://content.morgandetoi.fr/el-corte-ingles/1104565-993-F.jpg
3253634615004;1104565;993;https://content.morgandetoi.fr/el-corte-ingles/1104565-993-F.jpg
3253634615011;1104565;993;https://content.morgandetoi.fr/el-corte-ingles/1104565-993-F.jpg
3253634615035;1104565;993;https://content.morgandetoi.fr/el-corte-ingles/1104565-993-F.jpg
3253634614991;1104565;993;https://content.morgandetoi.fr/el-corte-ingles/1104565-993-F.jpg
3253634615028;1104565;993;https://content.morgandetoi.fr/el-corte-ingles/1104565-993-F.jpg
3253634615066;1104566;900;https://content.morgandetoi.fr/el-corte-ingles/1104566-900-F.jpg
3253634615080;1104566;900;https://content.morgandetoi.fr/el-corte-ingles/1104566-900-F.jpg
3253634615073;1104566;900;https://content.morgandetoi.fr/el-corte-ingles/1104566-900-F.jpg
3253634615042;1104566;900;https://content.morgandetoi.fr/el-corte-ingles/1104566-900-F.jpg
3253634615059;1104566;900;https://content.morgandetoi.fr/el-corte-ingles/1104566-900-F.jpg
3253634615745;1104579;979;https://content.morgandetoi.fr/el-corte-ingles/1104579-979-F.jpg
3253634615783;1104579;979;https://content.morgandetoi.fr/el-corte-ingles/1104579-979-F.jpg
3253634615752;1104579;979;https://content.morgandetoi.fr/el-corte-ingles/1104579-979-F.jpg
3253634615769;1104579;979;https://content.morgandetoi.fr/el-corte-ingles/1104579-979-F.jpg
3253634615776;1104579;979;https://content.morgandetoi.fr/el-corte-ingles/1104579-979-F.jpg
3253634621654;1104579;1155;https://content.morgandetoi.fr/el-corte-ingles/1104579-1155-F.jpg
3253634621661;1104579;1155;https://content.morgandetoi.fr/el-corte-ingles/1104579-1155-F.jpg
3253634621630;1104579;1155;https://content.morgandetoi.fr/el-corte-ingles/1104579-1155-F.jpg
3253634621647;1104579;1155;https://content.morgandetoi.fr/el-corte-ingles/1104579-1155-F.jpg
3253634621678;1104579;1155;https://content.morgandetoi.fr/el-corte-ingles/1104579-1155-F.jpg
3253634615875;1104581;929;https://content.morgandetoi.fr/el-corte-ingles/1104581-929-F.jpg
3253634615868;1104581;929;https://content.morgandetoi.fr/el-corte-ingles/1104581-929-F.jpg
3253634615851;1104581;929;https://content.morgandetoi.fr/el-corte-ingles/1104581-929-F.jpg
3253634615844;1104581;929;https://content.morgandetoi.fr/el-corte-ingles/1104581-929-F.jpg
3253634615882;1104581;929;https://content.morgandetoi.fr/el-corte-ingles/1104581-929-F.jpg
3253634615950;1104582;987;https://content.morgandetoi.fr/el-corte-ingles/1104582-987-F.jpg
3253634615943;1104582;987;https://content.morgandetoi.fr/el-corte-ingles/1104582-987-F.jpg
3253634615981;1104582;987;https://content.morgandetoi.fr/el-corte-ingles/1104582-987-F.jpg
3253634615967;1104582;987;https://content.morgandetoi.fr/el-corte-ingles/1104582-987-F.jpg
3253634615974;1104582;987;https://content.morgandetoi.fr/el-corte-ingles/1104582-987-F.jpg
3253634633060;1104582;992;https://content.morgandetoi.fr/el-corte-ingles/1104582-992-F.jpg
3253634633084;1104582;992;https://content.morgandetoi.fr/el-corte-ingles/1104582-992-F.jpg
3253634633046;1104582;992;https://content.morgandetoi.fr/el-corte-ingles/1104582-992-F.jpg
3253634633077;1104582;992;https://content.morgandetoi.fr/el-corte-ingles/1104582-992-F.jpg
3253634633053;1104582;992;https://content.morgandetoi.fr/el-corte-ingles/1104582-992-F.jpg
3253634611402;1104516;979;https://content.morgandetoi.fr/el-corte-ingles/1104516-979-F.jpg
3253634611372;1104516;979;https://content.morgandetoi.fr/el-corte-ingles/1104516-979-F.jpg
3253634611389;1104516;979;https://content.morgandetoi.fr/el-corte-ingles/1104516-979-F.jpg
3253634611396;1104516;979;https://content.morgandetoi.fr/el-corte-ingles/1104516-979-F.jpg
3253634611426;1104516;979;https://content.morgandetoi.fr/el-corte-ingles/1104516-979-F.jpg
3253634611419;1104516;979;https://content.morgandetoi.fr/el-corte-ingles/1104516-979-F.jpg
3253634617077;1104600;930;https://content.morgandetoi.fr/el-corte-ingles/1104600-930-F.jpg
3253634617053;1104600;930;https://content.morgandetoi.fr/el-corte-ingles/1104600-930-F.jpg
3253634617060;1104600;930;https://content.morgandetoi.fr/el-corte-ingles/1104600-930-F.jpg
3253634617046;1104600;930;https://content.morgandetoi.fr/el-corte-ingles/1104600-930-F.jpg
3253634617084;1104600;930;https://content.morgandetoi.fr/el-corte-ingles/1104600-930-F.jpg
3253634617114;1104601;900;https://content.morgandetoi.fr/el-corte-ingles/1104601-900-F.jpg
3253634617107;1104601;900;https://content.morgandetoi.fr/el-corte-ingles/1104601-900-F.jpg
3253634617121;1104601;900;https://content.morgandetoi.fr/el-corte-ingles/1104601-900-F.jpg
3253634617138;1104601;900;https://content.morgandetoi.fr/el-corte-ingles/1104601-900-F.jpg
3253634617091;1104601;900;https://content.morgandetoi.fr/el-corte-ingles/1104601-900-F.jpg
3253634617305;1104602;979;https://content.morgandetoi.fr/el-corte-ingles/1104602-979-F.jpg
3253634617299;1104602;979;https://content.morgandetoi.fr/el-corte-ingles/1104602-979-F.jpg
3253634617343;1104602;979;https://content.morgandetoi.fr/el-corte-ingles/1104602-979-F.jpg
3253634617336;1104602;979;https://content.morgandetoi.fr/el-corte-ingles/1104602-979-F.jpg
3253634617312;1104602;979;https://content.morgandetoi.fr/el-corte-ingles/1104602-979-F.jpg
3253634617329;1104602;979;https://content.morgandetoi.fr/el-corte-ingles/1104602-979-F.jpg
3253634617473;1104603;979;https://content.morgandetoi.fr/el-corte-ingles/1104603-979-F.jpg
3253634617480;1104603;979;https://content.morgandetoi.fr/el-corte-ingles/1104603-979-F.jpg
3253634617497;1104603;979;https://content.morgandetoi.fr/el-corte-ingles/1104603-979-F.jpg
3253634617503;1104603;979;https://content.morgandetoi.fr/el-corte-ingles/1104603-979-F.jpg
3253634617466;1104603;979;https://content.morgandetoi.fr/el-corte-ingles/1104603-979-F.jpg
3253634617428;1104603;931;https://content.morgandetoi.fr/el-corte-ingles/1104603-931-F.jpg
3253634617435;1104603;931;https://content.morgandetoi.fr/el-corte-ingles/1104603-931-F.jpg
3253634617442;1104603;931;https://content.morgandetoi.fr/el-corte-ingles/1104603-931-F.jpg
3253634617459;1104603;931;https://content.morgandetoi.fr/el-corte-ingles/1104603-931-F.jpg
3253634617411;1104603;931;https://content.morgandetoi.fr/el-corte-ingles/1104603-931-F.jpg
3253634617534;1104604;900;https://content.morgandetoi.fr/el-corte-ingles/1104604-900-F.jpg
3253634617541;1104604;900;https://content.morgandetoi.fr/el-corte-ingles/1104604-900-F.jpg
3253634617527;1104604;900;https://content.morgandetoi.fr/el-corte-ingles/1104604-900-F.jpg
3253634617565;1104604;900;https://content.morgandetoi.fr/el-corte-ingles/1104604-900-F.jpg
3253634617558;1104604;900;https://content.morgandetoi.fr/el-corte-ingles/1104604-900-F.jpg
3253634617510;1104604;900;https://content.morgandetoi.fr/el-corte-ingles/1104604-900-F.jpg
3253634617602;1104605;979;https://content.morgandetoi.fr/el-corte-ingles/1104605-979-F.jpg
3253634617572;1104605;979;https://content.morgandetoi.fr/el-corte-ingles/1104605-979-F.jpg
3253634617596;1104605;979;https://content.morgandetoi.fr/el-corte-ingles/1104605-979-F.jpg
3253634617589;1104605;979;https://content.morgandetoi.fr/el-corte-ingles/1104605-979-F.jpg
3253634617626;1104605;979;https://content.morgandetoi.fr/el-corte-ingles/1104605-979-F.jpg
3253634617619;1104605;979;https://content.morgandetoi.fr/el-corte-ingles/1104605-979-F.jpg
3253634617688;1104607;308;https://content.morgandetoi.fr/el-corte-ingles/1104607-308-F.jpg
3253634617695;1104607;308;https://content.morgandetoi.fr/el-corte-ingles/1104607-308-F.jpg
3253634617732;1104607;308;https://content.morgandetoi.fr/el-corte-ingles/1104607-308-F.jpg
3253634617725;1104607;308;https://content.morgandetoi.fr/el-corte-ingles/1104607-308-F.jpg
3253634617718;1104607;308;https://content.morgandetoi.fr/el-corte-ingles/1104607-308-F.jpg
3253634617701;1104607;308;https://content.morgandetoi.fr/el-corte-ingles/1104607-308-F.jpg
3253634617763;1104608;930;https://content.morgandetoi.fr/el-corte-ingles/1104608-930-F.jpg
3253634617756;1104608;930;https://content.morgandetoi.fr/el-corte-ingles/1104608-930-F.jpg
3253634617787;1104608;930;https://content.morgandetoi.fr/el-corte-ingles/1104608-930-F.jpg
3253634617749;1104608;930;https://content.morgandetoi.fr/el-corte-ingles/1104608-930-F.jpg
3253634617770;1104608;930;https://content.morgandetoi.fr/el-corte-ingles/1104608-930-F.jpg
3253634621821;1104666;900;https://content.morgandetoi.fr/el-corte-ingles/1104666-900-F.jpg
3253634621838;1104666;900;https://content.morgandetoi.fr/el-corte-ingles/1104666-900-F.jpg
3253634621852;1104666;900;https://content.morgandetoi.fr/el-corte-ingles/1104666-900-F.jpg
3253634621845;1104666;900;https://content.morgandetoi.fr/el-corte-ingles/1104666-900-F.jpg
3253634621814;1104666;900;https://content.morgandetoi.fr/el-corte-ingles/1104666-900-F.jpg
3253634621807;1104666;900;https://content.morgandetoi.fr/el-corte-ingles/1104666-900-F.jpg
3253634616513;1104592;1100;https://content.morgandetoi.fr/el-corte-ingles/1104592-1100-F.jpg
3253634616537;1104592;1100;https://content.morgandetoi.fr/el-corte-ingles/1104592-1100-F.jpg
3253634616490;1104592;1100;https://content.morgandetoi.fr/el-corte-ingles/1104592-1100-F.jpg
3253634616544;1104592;1100;https://content.morgandetoi.fr/el-corte-ingles/1104592-1100-F.jpg
3253634616520;1104592;1100;https://content.morgandetoi.fr/el-corte-ingles/1104592-1100-F.jpg
3253634616506;1104592;1100;https://content.morgandetoi.fr/el-corte-ingles/1104592-1100-F.jpg
3253634616711;1104594;979;https://content.morgandetoi.fr/el-corte-ingles/1104594-979-F.jpg
3253634616759;1104594;979;https://content.morgandetoi.fr/el-corte-ingles/1104594-979-F.jpg
3253634616728;1104594;979;https://content.morgandetoi.fr/el-corte-ingles/1104594-979-F.jpg
3253634616735;1104594;979;https://content.morgandetoi.fr/el-corte-ingles/1104594-979-F.jpg
3253634616742;1104594;979;https://content.morgandetoi.fr/el-corte-ingles/1104594-979-F.jpg
3253634616810;1104595;900;https://content.morgandetoi.fr/el-corte-ingles/1104595-900-F.jpg
3253634616773;1104595;900;https://content.morgandetoi.fr/el-corte-ingles/1104595-900-F.jpg
3253634616803;1104595;900;https://content.morgandetoi.fr/el-corte-ingles/1104595-900-F.jpg
3253634616797;1104595;900;https://content.morgandetoi.fr/el-corte-ingles/1104595-900-F.jpg
3253634616766;1104595;900;https://content.morgandetoi.fr/el-corte-ingles/1104595-900-F.jpg
3253634616780;1104595;900;https://content.morgandetoi.fr/el-corte-ingles/1104595-900-F.jpg
3253634616827;1104596;900;https://content.morgandetoi.fr/el-corte-ingles/1104596-900-F.jpg
3253634616858;1104596;900;https://content.morgandetoi.fr/el-corte-ingles/1104596-900-F.jpg
3253634616865;1104596;900;https://content.morgandetoi.fr/el-corte-ingles/1104596-900-F.jpg
3253634616834;1104596;900;https://content.morgandetoi.fr/el-corte-ingles/1104596-900-F.jpg
3253634616841;1104596;900;https://content.morgandetoi.fr/el-corte-ingles/1104596-900-F.jpg
3253634616872;1104596;900;https://content.morgandetoi.fr/el-corte-ingles/1104596-900-F.jpg
3253634616902;1104597;900;https://content.morgandetoi.fr/el-corte-ingles/1104597-900-F.jpg
3253634616896;1104597;900;https://content.morgandetoi.fr/el-corte-ingles/1104597-900-F.jpg
3253634616889;1104597;900;https://content.morgandetoi.fr/el-corte-ingles/1104597-900-F.jpg
3253634616919;1104597;900;https://content.morgandetoi.fr/el-corte-ingles/1104597-900-F.jpg
3253634616926;1104597;900;https://content.morgandetoi.fr/el-corte-ingles/1104597-900-F.jpg
3253634617015;1104599;900;https://content.morgandetoi.fr/el-corte-ingles/1104599-900-F.jpg
3253634617039;1104599;900;https://content.morgandetoi.fr/el-corte-ingles/1104599-900-F.jpg
3253634616988;1104599;900;https://content.morgandetoi.fr/el-corte-ingles/1104599-900-F.jpg
3253634617008;1104599;900;https://content.morgandetoi.fr/el-corte-ingles/1104599-900-F.jpg
3253634617022;1104599;900;https://content.morgandetoi.fr/el-corte-ingles/1104599-900-F.jpg
3253634616995;1104599;900;https://content.morgandetoi.fr/el-corte-ingles/1104599-900-F.jpg
3253634623931;1104690;979;https://content.morgandetoi.fr/el-corte-ingles/1104690-979-F.jpg
3253634623917;1104690;979;https://content.morgandetoi.fr/el-corte-ingles/1104690-979-F.jpg
3253634623900;1104690;979;https://content.morgandetoi.fr/el-corte-ingles/1104690-979-F.jpg
3253634623924;1104690;979;https://content.morgandetoi.fr/el-corte-ingles/1104690-979-F.jpg
3253634623948;1104690;979;https://content.morgandetoi.fr/el-corte-ingles/1104690-979-F.jpg
3253634624044;1104691;980;https://content.morgandetoi.fr/el-corte-ingles/1104691-980-F.jpg
3253634624037;1104691;980;https://content.morgandetoi.fr/el-corte-ingles/1104691-980-F.jpg
3253634624013;1104691;980;https://content.morgandetoi.fr/el-corte-ingles/1104691-980-F.jpg
3253634624020;1104691;980;https://content.morgandetoi.fr/el-corte-ingles/1104691-980-F.jpg
3253634624006;1104691;980;https://content.morgandetoi.fr/el-corte-ingles/1104691-980-F.jpg
3253634626161;1104720;931;https://content.morgandetoi.fr/el-corte-ingles/1104720-931-F.jpg
3253634626178;1104720;931;https://content.morgandetoi.fr/el-corte-ingles/1104720-931-F.jpg
3253634626147;1104720;931;https://content.morgandetoi.fr/el-corte-ingles/1104720-931-F.jpg
3253634626130;1104720;931;https://content.morgandetoi.fr/el-corte-ingles/1104720-931-F.jpg
3253634626154;1104720;931;https://content.morgandetoi.fr/el-corte-ingles/1104720-931-F.jpg
3253634626789;1104721;987;https://content.morgandetoi.fr/el-corte-ingles/1104721-987-F.jpg
3253634626772;1104721;987;https://content.morgandetoi.fr/el-corte-ingles/1104721-987-F.jpg
3253634626741;1104721;987;https://content.morgandetoi.fr/el-corte-ingles/1104721-987-F.jpg
3253634626758;1104721;987;https://content.morgandetoi.fr/el-corte-ingles/1104721-987-F.jpg
3253634626765;1104721;987;https://content.morgandetoi.fr/el-corte-ingles/1104721-987-F.jpg
3253634626345;1104721;1126;https://content.morgandetoi.fr/el-corte-ingles/1104721-1126-F.jpg
3253634626352;1104721;1126;https://content.morgandetoi.fr/el-corte-ingles/1104721-1126-F.jpg
3253634626338;1104721;1126;https://content.morgandetoi.fr/el-corte-ingles/1104721-1126-F.jpg
3253634626369;1104721;1126;https://content.morgandetoi.fr/el-corte-ingles/1104721-1126-F.jpg
3253634626376;1104721;1126;https://content.morgandetoi.fr/el-corte-ingles/1104721-1126-F.jpg
3253634626390;1104721;1191;https://content.morgandetoi.fr/el-corte-ingles/1104721-1191-F.jpg
3253634626383;1104721;1191;https://content.morgandetoi.fr/el-corte-ingles/1104721-1191-F.jpg
3253634626413;1104721;1191;https://content.morgandetoi.fr/el-corte-ingles/1104721-1191-F.jpg
3253634626420;1104721;1191;https://content.morgandetoi.fr/el-corte-ingles/1104721-1191-F.jpg
3253634626406;1104721;1191;https://content.morgandetoi.fr/el-corte-ingles/1104721-1191-F.jpg
3253634642048;1104721;1043;https://content.morgandetoi.fr/el-corte-ingles/1104721-1043-F.jpg
3253634642024;1104721;1043;https://content.morgandetoi.fr/el-corte-ingles/1104721-1043-F.jpg
3253634642031;1104721;1043;https://content.morgandetoi.fr/el-corte-ingles/1104721-1043-F.jpg
3253634642017;1104721;1043;https://content.morgandetoi.fr/el-corte-ingles/1104721-1043-F.jpg
3253634642055;1104721;1043;https://content.morgandetoi.fr/el-corte-ingles/1104721-1043-F.jpg
3253634641973;1104721;1168;https://content.morgandetoi.fr/el-corte-ingles/1104721-1168-F.jpg
3253634642000;1104721;1168;https://content.morgandetoi.fr/el-corte-ingles/1104721-1168-F.jpg
3253634641997;1104721;1168;https://content.morgandetoi.fr/el-corte-ingles/1104721-1168-F.jpg
3253634641980;1104721;1168;https://content.morgandetoi.fr/el-corte-ingles/1104721-1168-F.jpg
3253634641966;1104721;1168;https://content.morgandetoi.fr/el-corte-ingles/1104721-1168-F.jpg
3253634626499;1104722;1016;https://content.morgandetoi.fr/el-corte-ingles/1104722-1016-F.jpg
3253634626529;1104722;1016;https://content.morgandetoi.fr/el-corte-ingles/1104722-1016-F.jpg
3253634626505;1104722;1016;https://content.morgandetoi.fr/el-corte-ingles/1104722-1016-F.jpg
3253634626482;1104722;1016;https://content.morgandetoi.fr/el-corte-ingles/1104722-1016-F.jpg
3253634626512;1104722;1016;https://content.morgandetoi.fr/el-corte-ingles/1104722-1016-F.jpg
3253634626475;1104722;926;https://content.morgandetoi.fr/el-corte-ingles/1104722-926-F.jpg
3253634626468;1104722;926;https://content.morgandetoi.fr/el-corte-ingles/1104722-926-F.jpg
3253634626451;1104722;926;https://content.morgandetoi.fr/el-corte-ingles/1104722-926-F.jpg
3253634626444;1104722;926;https://content.morgandetoi.fr/el-corte-ingles/1104722-926-F.jpg
3253634626437;1104722;926;https://content.morgandetoi.fr/el-corte-ingles/1104722-926-F.jpg
3253634642482;1104722;1191;https://content.morgandetoi.fr/el-corte-ingles/1104722-1191-F.jpg
3253634642451;1104722;1191;https://content.morgandetoi.fr/el-corte-ingles/1104722-1191-F.jpg
3253634642499;1104722;1191;https://content.morgandetoi.fr/el-corte-ingles/1104722-1191-F.jpg
3253634642468;1104722;1191;https://content.morgandetoi.fr/el-corte-ingles/1104722-1191-F.jpg
3253634642475;1104722;1191;https://content.morgandetoi.fr/el-corte-ingles/1104722-1191-F.jpg
3253634626673;1104724;931;https://content.morgandetoi.fr/el-corte-ingles/1104724-931-F.jpg
3253634626680;1104724;931;https://content.morgandetoi.fr/el-corte-ingles/1104724-931-F.jpg
3253634626659;1104724;931;https://content.morgandetoi.fr/el-corte-ingles/1104724-931-F.jpg
3253634626666;1104724;931;https://content.morgandetoi.fr/el-corte-ingles/1104724-931-F.jpg
3253634626642;1104724;931;https://content.morgandetoi.fr/el-corte-ingles/1104724-931-F.jpg
3253634626802;1104725;979;https://content.morgandetoi.fr/el-corte-ingles/1104725-979-F.jpg
3253634626833;1104725;979;https://content.morgandetoi.fr/el-corte-ingles/1104725-979-F.jpg
3253634626819;1104725;979;https://content.morgandetoi.fr/el-corte-ingles/1104725-979-F.jpg
3253634626826;1104725;979;https://content.morgandetoi.fr/el-corte-ingles/1104725-979-F.jpg
3253634626796;1104725;979;https://content.morgandetoi.fr/el-corte-ingles/1104725-979-F.jpg
3253634626888;1104725;1152;https://content.morgandetoi.fr/el-corte-ingles/1104725-1152-F.jpg
3253634626864;1104725;1152;https://content.morgandetoi.fr/el-corte-ingles/1104725-1152-F.jpg
3253634626857;1104725;1152;https://content.morgandetoi.fr/el-corte-ingles/1104725-1152-F.jpg
3253634626871;1104725;1152;https://content.morgandetoi.fr/el-corte-ingles/1104725-1152-F.jpg
3253634626840;1104725;1152;https://content.morgandetoi.fr/el-corte-ingles/1104725-1152-F.jpg
3253634652481;1104725;931;https://content.morgandetoi.fr/el-corte-ingles/1104725-931-F.jpg
3253634652504;1104725;931;https://content.morgandetoi.fr/el-corte-ingles/1104725-931-F.jpg
3253634652528;1104725;931;https://content.morgandetoi.fr/el-corte-ingles/1104725-931-F.jpg
3253634652498;1104725;931;https://content.morgandetoi.fr/el-corte-ingles/1104725-931-F.jpg
3253634652511;1104725;931;https://content.morgandetoi.fr/el-corte-ingles/1104725-931-F.jpg
3253634652542;1104725;1023;https://content.morgandetoi.fr/el-corte-ingles/1104725-1023-F.jpg
3253634652573;1104725;1023;https://content.morgandetoi.fr/el-corte-ingles/1104725-1023-F.jpg
3253634652535;1104725;1023;https://content.morgandetoi.fr/el-corte-ingles/1104725-1023-F.jpg
3253634652559;1104725;1023;https://content.morgandetoi.fr/el-corte-ingles/1104725-1023-F.jpg
3253634652566;1104725;1023;https://content.morgandetoi.fr/el-corte-ingles/1104725-1023-F.jpg
3253634627687;1104736;1145;https://content.morgandetoi.fr/el-corte-ingles/1104736-1145-F.jpg
3253634627717;1104736;1145;https://content.morgandetoi.fr/el-corte-ingles/1104736-1145-F.jpg
3253634627670;1104736;1145;https://content.morgandetoi.fr/el-corte-ingles/1104736-1145-F.jpg
3253634627694;1104736;1145;https://content.morgandetoi.fr/el-corte-ingles/1104736-1145-F.jpg
3253634627700;1104736;1145;https://content.morgandetoi.fr/el-corte-ingles/1104736-1145-F.jpg
3253634627748;1104737;1023;https://content.morgandetoi.fr/el-corte-ingles/1104737-1023-F.jpg
3253634627755;1104737;1023;https://content.morgandetoi.fr/el-corte-ingles/1104737-1023-F.jpg
3253634627762;1104737;1023;https://content.morgandetoi.fr/el-corte-ingles/1104737-1023-F.jpg
3253634627724;1104737;1023;https://content.morgandetoi.fr/el-corte-ingles/1104737-1023-F.jpg
3253634627731;1104737;1023;https://content.morgandetoi.fr/el-corte-ingles/1104737-1023-F.jpg
3253634642505;1104737;931;https://content.morgandetoi.fr/el-corte-ingles/1104737-931-F.jpg
3253634642529;1104737;931;https://content.morgandetoi.fr/el-corte-ingles/1104737-931-F.jpg
3253634642536;1104737;931;https://content.morgandetoi.fr/el-corte-ingles/1104737-931-F.jpg
3253634642512;1104737;931;https://content.morgandetoi.fr/el-corte-ingles/1104737-931-F.jpg
3253634642543;1104737;931;https://content.morgandetoi.fr/el-corte-ingles/1104737-931-F.jpg
3253634642642;1104738;931;https://content.morgandetoi.fr/el-corte-ingles/1104738-931-F.jpg
3253634642611;1104738;931;https://content.morgandetoi.fr/el-corte-ingles/1104738-931-F.jpg
3253634642628;1104738;931;https://content.morgandetoi.fr/el-corte-ingles/1104738-931-F.jpg
3253634642635;1104738;931;https://content.morgandetoi.fr/el-corte-ingles/1104738-931-F.jpg
3253634642604;1104738;931;https://content.morgandetoi.fr/el-corte-ingles/1104738-931-F.jpg
3253634631158;1104776;931;https://content.morgandetoi.fr/el-corte-ingles/1104776-931-F.jpg
3253634631141;1104776;931;https://content.morgandetoi.fr/el-corte-ingles/1104776-931-F.jpg
3253634631189;1104776;931;https://content.morgandetoi.fr/el-corte-ingles/1104776-931-F.jpg
3253634631165;1104776;931;https://content.morgandetoi.fr/el-corte-ingles/1104776-931-F.jpg
3253634631172;1104776;931;https://content.morgandetoi.fr/el-corte-ingles/1104776-931-F.jpg
3253634631196;1104777;931;https://content.morgandetoi.fr/el-corte-ingles/1104777-931-F.jpg
3253634631202;1104777;931;https://content.morgandetoi.fr/el-corte-ingles/1104777-931-F.jpg
3253634631219;1104777;931;https://content.morgandetoi.fr/el-corte-ingles/1104777-931-F.jpg
3253634631226;1104777;931;https://content.morgandetoi.fr/el-corte-ingles/1104777-931-F.jpg
3253634631233;1104777;931;https://content.morgandetoi.fr/el-corte-ingles/1104777-931-F.jpg
3253634642307;1104778;1149;https://content.morgandetoi.fr/el-corte-ingles/1104778-1149-F.jpg
3253634642314;1104778;1149;https://content.morgandetoi.fr/el-corte-ingles/1104778-1149-F.jpg
3253634642321;1104778;1149;https://content.morgandetoi.fr/el-corte-ingles/1104778-1149-F.jpg
3253634642345;1104778;1149;https://content.morgandetoi.fr/el-corte-ingles/1104778-1149-F.jpg
3253634642338;1104778;1149;https://content.morgandetoi.fr/el-corte-ingles/1104778-1149-F.jpg
3253634641676;1104779;931;https://content.morgandetoi.fr/el-corte-ingles/1104779-931-F.jpg
3253634641690;1104779;931;https://content.morgandetoi.fr/el-corte-ingles/1104779-931-F.jpg
3253634641683;1104779;931;https://content.morgandetoi.fr/el-corte-ingles/1104779-931-F.jpg
3253634641669;1104779;931;https://content.morgandetoi.fr/el-corte-ingles/1104779-931-F.jpg
3253634641652;1104779;931;https://content.morgandetoi.fr/el-corte-ingles/1104779-931-F.jpg
3253634631370;1104780;1154;https://content.morgandetoi.fr/el-corte-ingles/1104780-1154-F.jpg
3253634631349;1104780;1154;https://content.morgandetoi.fr/el-corte-ingles/1104780-1154-F.jpg
3253634631387;1104780;1154;https://content.morgandetoi.fr/el-corte-ingles/1104780-1154-F.jpg
3253634631363;1104780;1154;https://content.morgandetoi.fr/el-corte-ingles/1104780-1154-F.jpg
3253634631356;1104780;1154;https://content.morgandetoi.fr/el-corte-ingles/1104780-1154-F.jpg
3253634632827;1104780;931;https://content.morgandetoi.fr/el-corte-ingles/1104780-931-F.jpg
3253634632865;1104780;931;https://content.morgandetoi.fr/el-corte-ingles/1104780-931-F.jpg
3253634632834;1104780;931;https://content.morgandetoi.fr/el-corte-ingles/1104780-931-F.jpg
3253634632841;1104780;931;https://content.morgandetoi.fr/el-corte-ingles/1104780-931-F.jpg
3253634632858;1104780;931;https://content.morgandetoi.fr/el-corte-ingles/1104780-931-F.jpg
3253634642383;1104780;979;https://content.morgandetoi.fr/el-corte-ingles/1104780-979-F.jpg
3253634642376;1104780;979;https://content.morgandetoi.fr/el-corte-ingles/1104780-979-F.jpg
3253634642352;1104780;979;https://content.morgandetoi.fr/el-corte-ingles/1104780-979-F.jpg
3253634642369;1104780;979;https://content.morgandetoi.fr/el-corte-ingles/1104780-979-F.jpg
3253634642390;1104780;979;https://content.morgandetoi.fr/el-corte-ingles/1104780-979-F.jpg
3253634631394;1104781;931;https://content.morgandetoi.fr/el-corte-ingles/1104781-931-F.jpg
3253634631400;1104781;931;https://content.morgandetoi.fr/el-corte-ingles/1104781-931-F.jpg
3253634631417;1104781;931;https://content.morgandetoi.fr/el-corte-ingles/1104781-931-F.jpg
3253634631424;1104781;931;https://content.morgandetoi.fr/el-corte-ingles/1104781-931-F.jpg
3253634631431;1104781;931;https://content.morgandetoi.fr/el-corte-ingles/1104781-931-F.jpg
3253634631486;1104782;931;https://content.morgandetoi.fr/el-corte-ingles/1104782-931-F.jpg
3253634631479;1104782;931;https://content.morgandetoi.fr/el-corte-ingles/1104782-931-F.jpg
3253634631448;1104782;931;https://content.morgandetoi.fr/el-corte-ingles/1104782-931-F.jpg
3253634631462;1104782;931;https://content.morgandetoi.fr/el-corte-ingles/1104782-931-F.jpg
3253634631455;1104782;931;https://content.morgandetoi.fr/el-corte-ingles/1104782-931-F.jpg
3253634641812;1104783;931;https://content.morgandetoi.fr/el-corte-ingles/1104783-931-F.jpg
3253634641829;1104783;931;https://content.morgandetoi.fr/el-corte-ingles/1104783-931-F.jpg
3253634641836;1104783;931;https://content.morgandetoi.fr/el-corte-ingles/1104783-931-F.jpg
3253634641843;1104783;931;https://content.morgandetoi.fr/el-corte-ingles/1104783-931-F.jpg
3253634641850;1104783;931;https://content.morgandetoi.fr/el-corte-ingles/1104783-931-F.jpg
3253634631608;1104785;931;https://content.morgandetoi.fr/el-corte-ingles/1104785-931-F.jpg
3253634631592;1104785;931;https://content.morgandetoi.fr/el-corte-ingles/1104785-931-F.jpg
3253634631615;1104785;931;https://content.morgandetoi.fr/el-corte-ingles/1104785-931-F.jpg
3253634631622;1104785;931;https://content.morgandetoi.fr/el-corte-ingles/1104785-931-F.jpg
3253634631639;1104785;931;https://content.morgandetoi.fr/el-corte-ingles/1104785-931-F.jpg
3253634631677;1104786;931;https://content.morgandetoi.fr/el-corte-ingles/1104786-931-F.jpg
3253634631653;1104786;931;https://content.morgandetoi.fr/el-corte-ingles/1104786-931-F.jpg
3253634631660;1104786;931;https://content.morgandetoi.fr/el-corte-ingles/1104786-931-F.jpg
3253634631684;1104786;931;https://content.morgandetoi.fr/el-corte-ingles/1104786-931-F.jpg
3253634631646;1104786;931;https://content.morgandetoi.fr/el-corte-ingles/1104786-931-F.jpg
3253634631691;1104787;931;https://content.morgandetoi.fr/el-corte-ingles/1104787-931-F.jpg
3253634631738;1104787;931;https://content.morgandetoi.fr/el-corte-ingles/1104787-931-F.jpg
3253634631721;1104787;931;https://content.morgandetoi.fr/el-corte-ingles/1104787-931-F.jpg
3253634631707;1104787;931;https://content.morgandetoi.fr/el-corte-ingles/1104787-931-F.jpg
3253634631714;1104787;931;https://content.morgandetoi.fr/el-corte-ingles/1104787-931-F.jpg
3253634631783;1104788;925;https://content.morgandetoi.fr/el-corte-ingles/1104788-925-F.jpg
3253634631752;1104788;925;https://content.morgandetoi.fr/el-corte-ingles/1104788-925-F.jpg
3253634631776;1104788;925;https://content.morgandetoi.fr/el-corte-ingles/1104788-925-F.jpg
3253634631745;1104788;925;https://content.morgandetoi.fr/el-corte-ingles/1104788-925-F.jpg
3253634631769;1104788;925;https://content.morgandetoi.fr/el-corte-ingles/1104788-925-F.jpg
3253634631844;1104790;1168;https://content.morgandetoi.fr/el-corte-ingles/1104790-1168-F.jpg
3253634631868;1104790;1168;https://content.morgandetoi.fr/el-corte-ingles/1104790-1168-F.jpg
3253634631851;1104790;1168;https://content.morgandetoi.fr/el-corte-ingles/1104790-1168-F.jpg
3253634631875;1104790;1168;https://content.morgandetoi.fr/el-corte-ingles/1104790-1168-F.jpg
3253634631882;1104790;1168;https://content.morgandetoi.fr/el-corte-ingles/1104790-1168-F.jpg
3253634642598;1104790;931;https://content.morgandetoi.fr/el-corte-ingles/1104790-931-F.jpg
3253634642581;1104790;931;https://content.morgandetoi.fr/el-corte-ingles/1104790-931-F.jpg
3253634642567;1104790;931;https://content.morgandetoi.fr/el-corte-ingles/1104790-931-F.jpg
3253634642574;1104790;931;https://content.morgandetoi.fr/el-corte-ingles/1104790-931-F.jpg
3253634642550;1104790;931;https://content.morgandetoi.fr/el-corte-ingles/1104790-931-F.jpg
3253634631936;1104791;978;https://content.morgandetoi.fr/el-corte-ingles/1104791-978-F.jpg
3253634631912;1104791;978;https://content.morgandetoi.fr/el-corte-ingles/1104791-978-F.jpg
3253634631905;1104791;978;https://content.morgandetoi.fr/el-corte-ingles/1104791-978-F.jpg
3253634631929;1104791;978;https://content.morgandetoi.fr/el-corte-ingles/1104791-978-F.jpg
3253634631899;1104791;978;https://content.morgandetoi.fr/el-corte-ingles/1104791-978-F.jpg
3253634631943;1104792;931;https://content.morgandetoi.fr/el-corte-ingles/1104792-931-F.jpg
3253634631967;1104792;931;https://content.morgandetoi.fr/el-corte-ingles/1104792-931-F.jpg
3253634631950;1104792;931;https://content.morgandetoi.fr/el-corte-ingles/1104792-931-F.jpg
3253634631974;1104792;931;https://content.morgandetoi.fr/el-corte-ingles/1104792-931-F.jpg
3253634631981;1104792;931;https://content.morgandetoi.fr/el-corte-ingles/1104792-931-F.jpg
3253634632032;1104793;979;https://content.morgandetoi.fr/el-corte-ingles/1104793-979-F.jpg
3253634632025;1104793;979;https://content.morgandetoi.fr/el-corte-ingles/1104793-979-F.jpg
3253634632018;1104793;979;https://content.morgandetoi.fr/el-corte-ingles/1104793-979-F.jpg
3253634632001;1104793;979;https://content.morgandetoi.fr/el-corte-ingles/1104793-979-F.jpg
3253634631998;1104793;979;https://content.morgandetoi.fr/el-corte-ingles/1104793-979-F.jpg
3253634632087;1104794;931;https://content.morgandetoi.fr/el-corte-ingles/1104794-931-F.jpg
3253634632063;1104794;931;https://content.morgandetoi.fr/el-corte-ingles/1104794-931-F.jpg
3253634632070;1104794;931;https://content.morgandetoi.fr/el-corte-ingles/1104794-931-F.jpg
3253634632049;1104794;931;https://content.morgandetoi.fr/el-corte-ingles/1104794-931-F.jpg
3253634632056;1104794;931;https://content.morgandetoi.fr/el-corte-ingles/1104794-931-F.jpg
3253634652436;1104794;1023;https://content.morgandetoi.fr/el-corte-ingles/1104794-1023-F.jpg
3253634652467;1104794;1023;https://content.morgandetoi.fr/el-corte-ingles/1104794-1023-F.jpg
3253634652450;1104794;1023;https://content.morgandetoi.fr/el-corte-ingles/1104794-1023-F.jpg
3253634652443;1104794;1023;https://content.morgandetoi.fr/el-corte-ingles/1104794-1023-F.jpg
3253634652474;1104794;1023;https://content.morgandetoi.fr/el-corte-ingles/1104794-1023-F.jpg
3253634632100;1104795;1168;https://content.morgandetoi.fr/el-corte-ingles/1104795-1168-F.jpg
3253634632117;1104795;1168;https://content.morgandetoi.fr/el-corte-ingles/1104795-1168-F.jpg
3253634632131;1104795;1168;https://content.morgandetoi.fr/el-corte-ingles/1104795-1168-F.jpg
3253634632094;1104795;1168;https://content.morgandetoi.fr/el-corte-ingles/1104795-1168-F.jpg
3253634632124;1104795;1168;https://content.morgandetoi.fr/el-corte-ingles/1104795-1168-F.jpg
3253634632322;1104798;931;https://content.morgandetoi.fr/el-corte-ingles/1104798-931-F.jpg
3253634632339;1104798;931;https://content.morgandetoi.fr/el-corte-ingles/1104798-931-F.jpg
3253634632315;1104798;931;https://content.morgandetoi.fr/el-corte-ingles/1104798-931-F.jpg
3253634632308;1104798;931;https://content.morgandetoi.fr/el-corte-ingles/1104798-931-F.jpg
3253634632292;1104798;931;https://content.morgandetoi.fr/el-corte-ingles/1104798-931-F.jpg
3253634632391;1104800;979;https://content.morgandetoi.fr/el-corte-ingles/1104800-979-F.jpg
3253634632414;1104800;979;https://content.morgandetoi.fr/el-corte-ingles/1104800-979-F.jpg
3253634632377;1104800;979;https://content.morgandetoi.fr/el-corte-ingles/1104800-979-F.jpg
3253634632407;1104800;979;https://content.morgandetoi.fr/el-corte-ingles/1104800-979-F.jpg
3253634632384;1104800;979;https://content.morgandetoi.fr/el-corte-ingles/1104800-979-F.jpg
3253634632933;1104806;900;https://content.morgandetoi.fr/el-corte-ingles/1104806-900-F.jpg
3253634632957;1104806;900;https://content.morgandetoi.fr/el-corte-ingles/1104806-900-F.jpg
3253634632926;1104806;900;https://content.morgandetoi.fr/el-corte-ingles/1104806-900-F.jpg
3253634632940;1104806;900;https://content.morgandetoi.fr/el-corte-ingles/1104806-900-F.jpg
3253634632964;1104806;900;https://content.morgandetoi.fr/el-corte-ingles/1104806-900-F.jpg
3253634632971;1104806;900;https://content.morgandetoi.fr/el-corte-ingles/1104806-900-F.jpg
3253634633107;1104808;987;https://content.morgandetoi.fr/el-corte-ingles/1104808-987-F.jpg
3253634633091;1104808;987;https://content.morgandetoi.fr/el-corte-ingles/1104808-987-F.jpg
3253634633114;1104808;987;https://content.morgandetoi.fr/el-corte-ingles/1104808-987-F.jpg
3253634633121;1104808;987;https://content.morgandetoi.fr/el-corte-ingles/1104808-987-F.jpg
3253634633145;1104808;987;https://content.morgandetoi.fr/el-corte-ingles/1104808-987-F.jpg
3253634633138;1104808;987;https://content.morgandetoi.fr/el-corte-ingles/1104808-987-F.jpg
3253634633176;1104809;979;https://content.morgandetoi.fr/el-corte-ingles/1104809-979-F.jpg
3253634633183;1104809;979;https://content.morgandetoi.fr/el-corte-ingles/1104809-979-F.jpg
3253634633190;1104809;979;https://content.morgandetoi.fr/el-corte-ingles/1104809-979-F.jpg
3253634633169;1104809;979;https://content.morgandetoi.fr/el-corte-ingles/1104809-979-F.jpg
3253634633152;1104809;979;https://content.morgandetoi.fr/el-corte-ingles/1104809-979-F.jpg
3253634633206;1104809;979;https://content.morgandetoi.fr/el-corte-ingles/1104809-979-F.jpg
3253634637471;1104862;1152;https://content.morgandetoi.fr/el-corte-ingles/1104862-1152-F.jpg
3253634637488;1104862;1152;https://content.morgandetoi.fr/el-corte-ingles/1104862-1152-F.jpg
3253634637501;1104862;1152;https://content.morgandetoi.fr/el-corte-ingles/1104862-1152-F.jpg
3253634637495;1104862;1152;https://content.morgandetoi.fr/el-corte-ingles/1104862-1152-F.jpg
3253634637525;1104862;1152;https://content.morgandetoi.fr/el-corte-ingles/1104862-1152-F.jpg
3253634637518;1104862;1152;https://content.morgandetoi.fr/el-corte-ingles/1104862-1152-F.jpg
3253634633640;1104816;900;https://content.morgandetoi.fr/el-corte-ingles/1104816-900-F.jpg
3253634633664;1104816;900;https://content.morgandetoi.fr/el-corte-ingles/1104816-900-F.jpg
3253634633671;1104816;900;https://content.morgandetoi.fr/el-corte-ingles/1104816-900-F.jpg
3253634633633;1104816;900;https://content.morgandetoi.fr/el-corte-ingles/1104816-900-F.jpg
3253634633657;1104816;900;https://content.morgandetoi.fr/el-corte-ingles/1104816-900-F.jpg
3253634633688;1104816;900;https://content.morgandetoi.fr/el-corte-ingles/1104816-900-F.jpg
3253634637570;1104863;900;https://content.morgandetoi.fr/el-corte-ingles/1104863-900-F.jpg
3253634637532;1104863;900;https://content.morgandetoi.fr/el-corte-ingles/1104863-900-F.jpg
3253634637563;1104863;900;https://content.morgandetoi.fr/el-corte-ingles/1104863-900-F.jpg
3253634637549;1104863;900;https://content.morgandetoi.fr/el-corte-ingles/1104863-900-F.jpg
3253634637556;1104863;900;https://content.morgandetoi.fr/el-corte-ingles/1104863-900-F.jpg
3253634637587;1104863;900;https://content.morgandetoi.fr/el-corte-ingles/1104863-900-F.jpg
3253634633732;1104817;900;https://content.morgandetoi.fr/el-corte-ingles/1104817-900-F.jpg
3253634633725;1104817;900;https://content.morgandetoi.fr/el-corte-ingles/1104817-900-F.jpg
3253634633701;1104817;900;https://content.morgandetoi.fr/el-corte-ingles/1104817-900-F.jpg
3253634633695;1104817;900;https://content.morgandetoi.fr/el-corte-ingles/1104817-900-F.jpg
3253634633718;1104817;900;https://content.morgandetoi.fr/el-corte-ingles/1104817-900-F.jpg
3253634633749;1104817;900;https://content.morgandetoi.fr/el-corte-ingles/1104817-900-F.jpg
3253634637884;1104818;1191;https://content.morgandetoi.fr/el-corte-ingles/1104818-1191-F.jpg
3253634637853;1104818;1191;https://content.morgandetoi.fr/el-corte-ingles/1104818-1191-F.jpg
3253634637860;1104818;1191;https://content.morgandetoi.fr/el-corte-ingles/1104818-1191-F.jpg
3253634637877;1104818;1191;https://content.morgandetoi.fr/el-corte-ingles/1104818-1191-F.jpg
3253634637891;1104818;1191;https://content.morgandetoi.fr/el-corte-ingles/1104818-1191-F.jpg
3253634637907;1104818;1191;https://content.morgandetoi.fr/el-corte-ingles/1104818-1191-F.jpg
3253634633862;1104819;900;https://content.morgandetoi.fr/el-corte-ingles/1104819-900-F.jpg
3253634633817;1104819;900;https://content.morgandetoi.fr/el-corte-ingles/1104819-900-F.jpg
3253634633855;1104819;900;https://content.morgandetoi.fr/el-corte-ingles/1104819-900-F.jpg
3253634633831;1104819;900;https://content.morgandetoi.fr/el-corte-ingles/1104819-900-F.jpg
3253634633824;1104819;900;https://content.morgandetoi.fr/el-corte-ingles/1104819-900-F.jpg
3253634633848;1104819;900;https://content.morgandetoi.fr/el-corte-ingles/1104819-900-F.jpg
3253634633879;1104820;900;https://content.morgandetoi.fr/el-corte-ingles/1104820-900-F.jpg
3253634633916;1104820;900;https://content.morgandetoi.fr/el-corte-ingles/1104820-900-F.jpg
3253634633886;1104820;900;https://content.morgandetoi.fr/el-corte-ingles/1104820-900-F.jpg
3253634633893;1104820;900;https://content.morgandetoi.fr/el-corte-ingles/1104820-900-F.jpg
3253634633909;1104820;900;https://content.morgandetoi.fr/el-corte-ingles/1104820-900-F.jpg
3253634633923;1104820;900;https://content.morgandetoi.fr/el-corte-ingles/1104820-900-F.jpg
3253634633985;1104821;994;https://content.morgandetoi.fr/el-corte-ingles/1104821-994-F.jpg
3253634633930;1104821;994;https://content.morgandetoi.fr/el-corte-ingles/1104821-994-F.jpg
3253634633978;1104821;994;https://content.morgandetoi.fr/el-corte-ingles/1104821-994-F.jpg
3253634633961;1104821;994;https://content.morgandetoi.fr/el-corte-ingles/1104821-994-F.jpg
3253634633947;1104821;994;https://content.morgandetoi.fr/el-corte-ingles/1104821-994-F.jpg
3253634633954;1104821;994;https://content.morgandetoi.fr/el-corte-ingles/1104821-994-F.jpg
3253634634012;1104822;1150;https://content.morgandetoi.fr/el-corte-ingles/1104822-1150-F.jpg
3253634633992;1104822;1150;https://content.morgandetoi.fr/el-corte-ingles/1104822-1150-F.jpg
3253634634005;1104822;1150;https://content.morgandetoi.fr/el-corte-ingles/1104822-1150-F.jpg
3253634634036;1104822;1150;https://content.morgandetoi.fr/el-corte-ingles/1104822-1150-F.jpg
3253634634029;1104822;1150;https://content.morgandetoi.fr/el-corte-ingles/1104822-1150-F.jpg
3253634634043;1104822;1150;https://content.morgandetoi.fr/el-corte-ingles/1104822-1150-F.jpg
3253634634067;1104823;1155;https://content.morgandetoi.fr/el-corte-ingles/1104823-1155-F.jpg
3253634634104;1104823;1155;https://content.morgandetoi.fr/el-corte-ingles/1104823-1155-F.jpg
3253634634098;1104823;1155;https://content.morgandetoi.fr/el-corte-ingles/1104823-1155-F.jpg
3253634634050;1104823;1155;https://content.morgandetoi.fr/el-corte-ingles/1104823-1155-F.jpg
3253634634074;1104823;1155;https://content.morgandetoi.fr/el-corte-ingles/1104823-1155-F.jpg
3253634634081;1104823;1155;https://content.morgandetoi.fr/el-corte-ingles/1104823-1155-F.jpg
3253634634159;1104824;1156;https://content.morgandetoi.fr/el-corte-ingles/1104824-1156-F.jpg
3253634634135;1104824;1156;https://content.morgandetoi.fr/el-corte-ingles/1104824-1156-F.jpg
3253634634128;1104824;1156;https://content.morgandetoi.fr/el-corte-ingles/1104824-1156-F.jpg
3253634634111;1104824;1156;https://content.morgandetoi.fr/el-corte-ingles/1104824-1156-F.jpg
3253634634166;1104824;1156;https://content.morgandetoi.fr/el-corte-ingles/1104824-1156-F.jpg
3253634634142;1104824;1156;https://content.morgandetoi.fr/el-corte-ingles/1104824-1156-F.jpg
3253634634227;1104825;979;https://content.morgandetoi.fr/el-corte-ingles/1104825-979-F.jpg
3253634634203;1104825;979;https://content.morgandetoi.fr/el-corte-ingles/1104825-979-F.jpg
3253634634180;1104825;979;https://content.morgandetoi.fr/el-corte-ingles/1104825-979-F.jpg
3253634634210;1104825;979;https://content.morgandetoi.fr/el-corte-ingles/1104825-979-F.jpg
3253634634197;1104825;979;https://content.morgandetoi.fr/el-corte-ingles/1104825-979-F.jpg
3253634634173;1104825;979;https://content.morgandetoi.fr/el-corte-ingles/1104825-979-F.jpg
3253634634296;1104826;1150;https://content.morgandetoi.fr/el-corte-ingles/1104826-1150-F.jpg
3253634634302;1104826;1150;https://content.morgandetoi.fr/el-corte-ingles/1104826-1150-F.jpg
3253634634333;1104826;1150;https://content.morgandetoi.fr/el-corte-ingles/1104826-1150-F.jpg
3253634634319;1104826;1150;https://content.morgandetoi.fr/el-corte-ingles/1104826-1150-F.jpg
3253634634326;1104826;1150;https://content.morgandetoi.fr/el-corte-ingles/1104826-1150-F.jpg
3253634634340;1104826;1150;https://content.morgandetoi.fr/el-corte-ingles/1104826-1150-F.jpg
3253634634265;1104826;987;https://content.morgandetoi.fr/el-corte-ingles/1104826-987-F.jpg
3253634634241;1104826;987;https://content.morgandetoi.fr/el-corte-ingles/1104826-987-F.jpg
3253634634258;1104826;987;https://content.morgandetoi.fr/el-corte-ingles/1104826-987-F.jpg
3253634634289;1104826;987;https://content.morgandetoi.fr/el-corte-ingles/1104826-987-F.jpg
3253634634234;1104826;987;https://content.morgandetoi.fr/el-corte-ingles/1104826-987-F.jpg
3253634634272;1104826;987;https://content.morgandetoi.fr/el-corte-ingles/1104826-987-F.jpg
3253634634388;1104827;930;https://content.morgandetoi.fr/el-corte-ingles/1104827-930-F.jpg
3253634634395;1104827;930;https://content.morgandetoi.fr/el-corte-ingles/1104827-930-F.jpg
3253634634401;1104827;930;https://content.morgandetoi.fr/el-corte-ingles/1104827-930-F.jpg
3253634634357;1104827;930;https://content.morgandetoi.fr/el-corte-ingles/1104827-930-F.jpg
3253634634364;1104827;930;https://content.morgandetoi.fr/el-corte-ingles/1104827-930-F.jpg
3253634634371;1104827;930;https://content.morgandetoi.fr/el-corte-ingles/1104827-930-F.jpg
3253634634449;1104828;1149;https://content.morgandetoi.fr/el-corte-ingles/1104828-1149-F.jpg
3253634634418;1104828;1149;https://content.morgandetoi.fr/el-corte-ingles/1104828-1149-F.jpg
3253634634432;1104828;1149;https://content.morgandetoi.fr/el-corte-ingles/1104828-1149-F.jpg
3253634634425;1104828;1149;https://content.morgandetoi.fr/el-corte-ingles/1104828-1149-F.jpg
3253634634456;1104828;1149;https://content.morgandetoi.fr/el-corte-ingles/1104828-1149-F.jpg
3253634634463;1104828;1149;https://content.morgandetoi.fr/el-corte-ingles/1104828-1149-F.jpg
3253634634708;1104829;900;https://content.morgandetoi.fr/el-corte-ingles/1104829-900-F.jpg
3253634634654;1104829;900;https://content.morgandetoi.fr/el-corte-ingles/1104829-900-F.jpg
3253634634661;1104829;900;https://content.morgandetoi.fr/el-corte-ingles/1104829-900-F.jpg
3253634634678;1104829;900;https://content.morgandetoi.fr/el-corte-ingles/1104829-900-F.jpg
3253634634692;1104829;900;https://content.morgandetoi.fr/el-corte-ingles/1104829-900-F.jpg
3253634634685;1104829;900;https://content.morgandetoi.fr/el-corte-ingles/1104829-900-F.jpg
3253634634722;1104830;900;https://content.morgandetoi.fr/el-corte-ingles/1104830-900-F.jpg
3253634634715;1104830;900;https://content.morgandetoi.fr/el-corte-ingles/1104830-900-F.jpg
3253634634739;1104830;900;https://content.morgandetoi.fr/el-corte-ingles/1104830-900-F.jpg
3253634634746;1104830;900;https://content.morgandetoi.fr/el-corte-ingles/1104830-900-F.jpg
3253634634753;1104830;900;https://content.morgandetoi.fr/el-corte-ingles/1104830-900-F.jpg
3253634634760;1104830;900;https://content.morgandetoi.fr/el-corte-ingles/1104830-900-F.jpg
3253634634784;1104831;900;https://content.morgandetoi.fr/el-corte-ingles/1104831-900-F.jpg
3253634634821;1104831;900;https://content.morgandetoi.fr/el-corte-ingles/1104831-900-F.jpg
3253634634777;1104831;900;https://content.morgandetoi.fr/el-corte-ingles/1104831-900-F.jpg
3253634634791;1104831;900;https://content.morgandetoi.fr/el-corte-ingles/1104831-900-F.jpg
3253634634807;1104831;900;https://content.morgandetoi.fr/el-corte-ingles/1104831-900-F.jpg
3253634634814;1104831;900;https://content.morgandetoi.fr/el-corte-ingles/1104831-900-F.jpg
3253634634838;1104832;992;https://content.morgandetoi.fr/el-corte-ingles/1104832-992-F.jpg
3253634634845;1104832;992;https://content.morgandetoi.fr/el-corte-ingles/1104832-992-F.jpg
3253634634883;1104832;992;https://content.morgandetoi.fr/el-corte-ingles/1104832-992-F.jpg
3253634634852;1104832;992;https://content.morgandetoi.fr/el-corte-ingles/1104832-992-F.jpg
3253634634869;1104832;992;https://content.morgandetoi.fr/el-corte-ingles/1104832-992-F.jpg
3253634634876;1104832;992;https://content.morgandetoi.fr/el-corte-ingles/1104832-992-F.jpg
3253634634937;1104833;900;https://content.morgandetoi.fr/el-corte-ingles/1104833-900-F.jpg
3253634634890;1104833;900;https://content.morgandetoi.fr/el-corte-ingles/1104833-900-F.jpg
3253634634913;1104833;900;https://content.morgandetoi.fr/el-corte-ingles/1104833-900-F.jpg
3253634634944;1104833;900;https://content.morgandetoi.fr/el-corte-ingles/1104833-900-F.jpg
3253634634906;1104833;900;https://content.morgandetoi.fr/el-corte-ingles/1104833-900-F.jpg
3253634634920;1104833;900;https://content.morgandetoi.fr/el-corte-ingles/1104833-900-F.jpg
3253634635019;1104834;994;https://content.morgandetoi.fr/el-corte-ingles/1104834-994-F.jpg
3253634635057;1104834;994;https://content.morgandetoi.fr/el-corte-ingles/1104834-994-F.jpg
3253634635026;1104834;994;https://content.morgandetoi.fr/el-corte-ingles/1104834-994-F.jpg
3253634635033;1104834;994;https://content.morgandetoi.fr/el-corte-ingles/1104834-994-F.jpg
3253634635040;1104834;994;https://content.morgandetoi.fr/el-corte-ingles/1104834-994-F.jpg
3253634635064;1104834;994;https://content.morgandetoi.fr/el-corte-ingles/1104834-994-F.jpg
3253634635125;1104835;994;https://content.morgandetoi.fr/el-corte-ingles/1104835-994-F.jpg
3253634635088;1104835;994;https://content.morgandetoi.fr/el-corte-ingles/1104835-994-F.jpg
3253634635118;1104835;994;https://content.morgandetoi.fr/el-corte-ingles/1104835-994-F.jpg
3253634635095;1104835;994;https://content.morgandetoi.fr/el-corte-ingles/1104835-994-F.jpg
3253634635101;1104835;994;https://content.morgandetoi.fr/el-corte-ingles/1104835-994-F.jpg
3253634635071;1104835;994;https://content.morgandetoi.fr/el-corte-ingles/1104835-994-F.jpg
3253634652238;1104835;995;https://content.morgandetoi.fr/el-corte-ingles/1104835-995-F.jpg
3253634652276;1104835;995;https://content.morgandetoi.fr/el-corte-ingles/1104835-995-F.jpg
3253634652252;1104835;995;https://content.morgandetoi.fr/el-corte-ingles/1104835-995-F.jpg
3253634652245;1104835;995;https://content.morgandetoi.fr/el-corte-ingles/1104835-995-F.jpg
3253634652221;1104835;995;https://content.morgandetoi.fr/el-corte-ingles/1104835-995-F.jpg
3253634652269;1104835;995;https://content.morgandetoi.fr/el-corte-ingles/1104835-995-F.jpg
3253634652597;1104835;993;https://content.morgandetoi.fr/el-corte-ingles/1104835-993-F.jpg
3253634652627;1104835;993;https://content.morgandetoi.fr/el-corte-ingles/1104835-993-F.jpg
3253634652603;1104835;993;https://content.morgandetoi.fr/el-corte-ingles/1104835-993-F.jpg
3253634652580;1104835;993;https://content.morgandetoi.fr/el-corte-ingles/1104835-993-F.jpg
3253634652610;1104835;993;https://content.morgandetoi.fr/el-corte-ingles/1104835-993-F.jpg
3253634652634;1104835;993;https://content.morgandetoi.fr/el-corte-ingles/1104835-993-F.jpg
3253634633473;1104813;993;https://content.morgandetoi.fr/el-corte-ingles/1104813-993-F.jpg
3253634633503;1104813;993;https://content.morgandetoi.fr/el-corte-ingles/1104813-993-F.jpg
3253634633480;1104813;993;https://content.morgandetoi.fr/el-corte-ingles/1104813-993-F.jpg
3253634633459;1104813;993;https://content.morgandetoi.fr/el-corte-ingles/1104813-993-F.jpg
3253634633497;1104813;993;https://content.morgandetoi.fr/el-corte-ingles/1104813-993-F.jpg
3253634633466;1104813;993;https://content.morgandetoi.fr/el-corte-ingles/1104813-993-F.jpg
3253634633565;1104814;900;https://content.morgandetoi.fr/el-corte-ingles/1104814-900-F.jpg
3253634633534;1104814;900;https://content.morgandetoi.fr/el-corte-ingles/1104814-900-F.jpg
3253634633527;1104814;900;https://content.morgandetoi.fr/el-corte-ingles/1104814-900-F.jpg
3253634633541;1104814;900;https://content.morgandetoi.fr/el-corte-ingles/1104814-900-F.jpg
3253634633510;1104814;900;https://content.morgandetoi.fr/el-corte-ingles/1104814-900-F.jpg
3253634633558;1104814;900;https://content.morgandetoi.fr/el-corte-ingles/1104814-900-F.jpg
3253634635224;1104836;979;https://content.morgandetoi.fr/el-corte-ingles/1104836-979-F.jpg
3253634635231;1104836;979;https://content.morgandetoi.fr/el-corte-ingles/1104836-979-F.jpg
3253634635248;1104836;979;https://content.morgandetoi.fr/el-corte-ingles/1104836-979-F.jpg
3253634635217;1104836;979;https://content.morgandetoi.fr/el-corte-ingles/1104836-979-F.jpg
3253634635200;1104836;979;https://content.morgandetoi.fr/el-corte-ingles/1104836-979-F.jpg
3253634635194;1104836;979;https://content.morgandetoi.fr/el-corte-ingles/1104836-979-F.jpg
3253634635156;1104836;992;https://content.morgandetoi.fr/el-corte-ingles/1104836-992-F.jpg
3253634635170;1104836;992;https://content.morgandetoi.fr/el-corte-ingles/1104836-992-F.jpg
3253634635187;1104836;992;https://content.morgandetoi.fr/el-corte-ingles/1104836-992-F.jpg
3253634635149;1104836;992;https://content.morgandetoi.fr/el-corte-ingles/1104836-992-F.jpg
3253634635163;1104836;992;https://content.morgandetoi.fr/el-corte-ingles/1104836-992-F.jpg
3253634635132;1104836;992;https://content.morgandetoi.fr/el-corte-ingles/1104836-992-F.jpg
3253634635477;1104837;307;https://content.morgandetoi.fr/el-corte-ingles/1104837-307-F.jpg
3253634635453;1104837;307;https://content.morgandetoi.fr/el-corte-ingles/1104837-307-F.jpg
3253634635439;1104837;307;https://content.morgandetoi.fr/el-corte-ingles/1104837-307-F.jpg
3253634635484;1104837;307;https://content.morgandetoi.fr/el-corte-ingles/1104837-307-F.jpg
3253634635446;1104837;307;https://content.morgandetoi.fr/el-corte-ingles/1104837-307-F.jpg
3253634635460;1104837;307;https://content.morgandetoi.fr/el-corte-ingles/1104837-307-F.jpg
3253634635668;1104839;992;https://content.morgandetoi.fr/el-corte-ingles/1104839-992-F.jpg
3253634635644;1104839;992;https://content.morgandetoi.fr/el-corte-ingles/1104839-992-F.jpg
3253634635620;1104839;992;https://content.morgandetoi.fr/el-corte-ingles/1104839-992-F.jpg
3253634635613;1104839;992;https://content.morgandetoi.fr/el-corte-ingles/1104839-992-F.jpg
3253634635637;1104839;992;https://content.morgandetoi.fr/el-corte-ingles/1104839-992-F.jpg
3253634635651;1104839;992;https://content.morgandetoi.fr/el-corte-ingles/1104839-992-F.jpg
3253634639697;1104839;1191;https://content.morgandetoi.fr/el-corte-ingles/1104839-1191-F.jpg
3253634639673;1104839;1191;https://content.morgandetoi.fr/el-corte-ingles/1104839-1191-F.jpg
3253634639680;1104839;1191;https://content.morgandetoi.fr/el-corte-ingles/1104839-1191-F.jpg
3253634639703;1104839;1191;https://content.morgandetoi.fr/el-corte-ingles/1104839-1191-F.jpg
3253634639710;1104839;1191;https://content.morgandetoi.fr/el-corte-ingles/1104839-1191-F.jpg
3253634639666;1104839;1191;https://content.morgandetoi.fr/el-corte-ingles/1104839-1191-F.jpg
3253634635736;1104840;987;https://content.morgandetoi.fr/el-corte-ingles/1104840-987-F.jpg
3253634635774;1104840;987;https://content.morgandetoi.fr/el-corte-ingles/1104840-987-F.jpg
3253634635781;1104840;987;https://content.morgandetoi.fr/el-corte-ingles/1104840-987-F.jpg
3253634635750;1104840;987;https://content.morgandetoi.fr/el-corte-ingles/1104840-987-F.jpg
3253634635767;1104840;987;https://content.morgandetoi.fr/el-corte-ingles/1104840-987-F.jpg
3253634635743;1104840;987;https://content.morgandetoi.fr/el-corte-ingles/1104840-987-F.jpg
3253634635835;1104841;979;https://content.morgandetoi.fr/el-corte-ingles/1104841-979-F.jpg
3253634635798;1104841;979;https://content.morgandetoi.fr/el-corte-ingles/1104841-979-F.jpg
3253634635842;1104841;979;https://content.morgandetoi.fr/el-corte-ingles/1104841-979-F.jpg
3253634635811;1104841;979;https://content.morgandetoi.fr/el-corte-ingles/1104841-979-F.jpg
3253634635804;1104841;979;https://content.morgandetoi.fr/el-corte-ingles/1104841-979-F.jpg
3253634635828;1104841;979;https://content.morgandetoi.fr/el-corte-ingles/1104841-979-F.jpg
3253634635989;1104842;900;https://content.morgandetoi.fr/el-corte-ingles/1104842-900-F.jpg
3253634636009;1104842;900;https://content.morgandetoi.fr/el-corte-ingles/1104842-900-F.jpg
3253634636016;1104842;900;https://content.morgandetoi.fr/el-corte-ingles/1104842-900-F.jpg
3253634635996;1104842;900;https://content.morgandetoi.fr/el-corte-ingles/1104842-900-F.jpg
3253634636023;1104842;900;https://content.morgandetoi.fr/el-corte-ingles/1104842-900-F.jpg
3253634635972;1104842;900;https://content.morgandetoi.fr/el-corte-ingles/1104842-900-F.jpg
3253634640419;1104843;931;https://content.morgandetoi.fr/el-corte-ingles/1104843-931-F.jpg
3253634640402;1104843;931;https://content.morgandetoi.fr/el-corte-ingles/1104843-931-F.jpg
3253634640396;1104843;931;https://content.morgandetoi.fr/el-corte-ingles/1104843-931-F.jpg
3253634640426;1104843;931;https://content.morgandetoi.fr/el-corte-ingles/1104843-931-F.jpg
3253634640389;1104843;931;https://content.morgandetoi.fr/el-corte-ingles/1104843-931-F.jpg
3253634640433;1104843;931;https://content.morgandetoi.fr/el-corte-ingles/1104843-931-F.jpg
3253634636092;1104844;900;https://content.morgandetoi.fr/el-corte-ingles/1104844-900-F.jpg
3253634636139;1104844;900;https://content.morgandetoi.fr/el-corte-ingles/1104844-900-F.jpg
3253634636122;1104844;900;https://content.morgandetoi.fr/el-corte-ingles/1104844-900-F.jpg
3253634636146;1104844;900;https://content.morgandetoi.fr/el-corte-ingles/1104844-900-F.jpg
3253634636108;1104844;900;https://content.morgandetoi.fr/el-corte-ingles/1104844-900-F.jpg
3253634636115;1104844;900;https://content.morgandetoi.fr/el-corte-ingles/1104844-900-F.jpg
3253634636269;1104845;993;https://content.morgandetoi.fr/el-corte-ingles/1104845-993-F.jpg
3253634636245;1104845;993;https://content.morgandetoi.fr/el-corte-ingles/1104845-993-F.jpg
3253634636214;1104845;993;https://content.morgandetoi.fr/el-corte-ingles/1104845-993-F.jpg
3253634636238;1104845;993;https://content.morgandetoi.fr/el-corte-ingles/1104845-993-F.jpg
3253634636221;1104845;993;https://content.morgandetoi.fr/el-corte-ingles/1104845-993-F.jpg
3253634636252;1104845;993;https://content.morgandetoi.fr/el-corte-ingles/1104845-993-F.jpg
3253634636405;1104847;1150;https://content.morgandetoi.fr/el-corte-ingles/1104847-1150-F.jpg
3253634636429;1104847;1150;https://content.morgandetoi.fr/el-corte-ingles/1104847-1150-F.jpg
3253634636412;1104847;1150;https://content.morgandetoi.fr/el-corte-ingles/1104847-1150-F.jpg
3253634636436;1104847;1150;https://content.morgandetoi.fr/el-corte-ingles/1104847-1150-F.jpg
3253634636443;1104847;1150;https://content.morgandetoi.fr/el-corte-ingles/1104847-1150-F.jpg
3253634636399;1104847;1150;https://content.morgandetoi.fr/el-corte-ingles/1104847-1150-F.jpg
3253634636504;1104848;900;https://content.morgandetoi.fr/el-corte-ingles/1104848-900-F.jpg
3253634636498;1104848;900;https://content.morgandetoi.fr/el-corte-ingles/1104848-900-F.jpg
3253634636467;1104848;900;https://content.morgandetoi.fr/el-corte-ingles/1104848-900-F.jpg
3253634636481;1104848;900;https://content.morgandetoi.fr/el-corte-ingles/1104848-900-F.jpg
3253634636474;1104848;900;https://content.morgandetoi.fr/el-corte-ingles/1104848-900-F.jpg
3253634636450;1104848;900;https://content.morgandetoi.fr/el-corte-ingles/1104848-900-F.jpg
3253634636665;1104849;1153;https://content.morgandetoi.fr/el-corte-ingles/1104849-1153-F.jpg
3253634636658;1104849;1153;https://content.morgandetoi.fr/el-corte-ingles/1104849-1153-F.jpg
3253634636641;1104849;1153;https://content.morgandetoi.fr/el-corte-ingles/1104849-1153-F.jpg
3253634636634;1104849;1153;https://content.morgandetoi.fr/el-corte-ingles/1104849-1153-F.jpg
3253634636672;1104849;1153;https://content.morgandetoi.fr/el-corte-ingles/1104849-1153-F.jpg
3253634636689;1104849;1153;https://content.morgandetoi.fr/el-corte-ingles/1104849-1153-F.jpg
3253634636696;1104850;900;https://content.morgandetoi.fr/el-corte-ingles/1104850-900-F.jpg
3253634636733;1104850;900;https://content.morgandetoi.fr/el-corte-ingles/1104850-900-F.jpg
3253634636726;1104850;900;https://content.morgandetoi.fr/el-corte-ingles/1104850-900-F.jpg
3253634636702;1104850;900;https://content.morgandetoi.fr/el-corte-ingles/1104850-900-F.jpg
3253634636740;1104850;900;https://content.morgandetoi.fr/el-corte-ingles/1104850-900-F.jpg
3253634636719;1104850;900;https://content.morgandetoi.fr/el-corte-ingles/1104850-900-F.jpg
3253634636788;1104851;900;https://content.morgandetoi.fr/el-corte-ingles/1104851-900-F.jpg
3253634636795;1104851;900;https://content.morgandetoi.fr/el-corte-ingles/1104851-900-F.jpg
3253634636771;1104851;900;https://content.morgandetoi.fr/el-corte-ingles/1104851-900-F.jpg
3253634636801;1104851;900;https://content.morgandetoi.fr/el-corte-ingles/1104851-900-F.jpg
3253634636757;1104851;900;https://content.morgandetoi.fr/el-corte-ingles/1104851-900-F.jpg
3253634636764;1104851;900;https://content.morgandetoi.fr/el-corte-ingles/1104851-900-F.jpg
3253634636825;1104852;979;https://content.morgandetoi.fr/el-corte-ingles/1104852-979-F.jpg
3253634636856;1104852;979;https://content.morgandetoi.fr/el-corte-ingles/1104852-979-F.jpg
3253634636832;1104852;979;https://content.morgandetoi.fr/el-corte-ingles/1104852-979-F.jpg
3253634636818;1104852;979;https://content.morgandetoi.fr/el-corte-ingles/1104852-979-F.jpg
3253634636863;1104852;979;https://content.morgandetoi.fr/el-corte-ingles/1104852-979-F.jpg
3253634636849;1104852;979;https://content.morgandetoi.fr/el-corte-ingles/1104852-979-F.jpg
3253634636894;1104853;987;https://content.morgandetoi.fr/el-corte-ingles/1104853-987-F.jpg
3253634636887;1104853;987;https://content.morgandetoi.fr/el-corte-ingles/1104853-987-F.jpg
3253634636870;1104853;987;https://content.morgandetoi.fr/el-corte-ingles/1104853-987-F.jpg
3253634636924;1104853;987;https://content.morgandetoi.fr/el-corte-ingles/1104853-987-F.jpg
3253634636917;1104853;987;https://content.morgandetoi.fr/el-corte-ingles/1104853-987-F.jpg
3253634636900;1104853;987;https://content.morgandetoi.fr/el-corte-ingles/1104853-987-F.jpg
3253634636948;1104854;900;https://content.morgandetoi.fr/el-corte-ingles/1104854-900-F.jpg
3253634636931;1104854;900;https://content.morgandetoi.fr/el-corte-ingles/1104854-900-F.jpg
3253634636955;1104854;900;https://content.morgandetoi.fr/el-corte-ingles/1104854-900-F.jpg
3253634636962;1104854;900;https://content.morgandetoi.fr/el-corte-ingles/1104854-900-F.jpg
3253634636986;1104854;900;https://content.morgandetoi.fr/el-corte-ingles/1104854-900-F.jpg
3253634636979;1104854;900;https://content.morgandetoi.fr/el-corte-ingles/1104854-900-F.jpg
3253634637044;1104855;1161;https://content.morgandetoi.fr/el-corte-ingles/1104855-1161-F.jpg
3253634637020;1104855;1161;https://content.morgandetoi.fr/el-corte-ingles/1104855-1161-F.jpg
3253634637037;1104855;1161;https://content.morgandetoi.fr/el-corte-ingles/1104855-1161-F.jpg
3253634636993;1104855;1161;https://content.morgandetoi.fr/el-corte-ingles/1104855-1161-F.jpg
3253634637006;1104855;1161;https://content.morgandetoi.fr/el-corte-ingles/1104855-1161-F.jpg
3253634637013;1104855;1161;https://content.morgandetoi.fr/el-corte-ingles/1104855-1161-F.jpg
3253634637105;1104856;1145;https://content.morgandetoi.fr/el-corte-ingles/1104856-1145-F.jpg
3253634637075;1104856;1145;https://content.morgandetoi.fr/el-corte-ingles/1104856-1145-F.jpg
3253634637051;1104856;1145;https://content.morgandetoi.fr/el-corte-ingles/1104856-1145-F.jpg
3253634637099;1104856;1145;https://content.morgandetoi.fr/el-corte-ingles/1104856-1145-F.jpg
3253634637068;1104856;1145;https://content.morgandetoi.fr/el-corte-ingles/1104856-1145-F.jpg
3253634637082;1104856;1145;https://content.morgandetoi.fr/el-corte-ingles/1104856-1145-F.jpg
3253634637129;1104857;979;https://content.morgandetoi.fr/el-corte-ingles/1104857-979-F.jpg
3253634637112;1104857;979;https://content.morgandetoi.fr/el-corte-ingles/1104857-979-F.jpg
3253634637167;1104857;979;https://content.morgandetoi.fr/el-corte-ingles/1104857-979-F.jpg
3253634637143;1104857;979;https://content.morgandetoi.fr/el-corte-ingles/1104857-979-F.jpg
3253634637150;1104857;979;https://content.morgandetoi.fr/el-corte-ingles/1104857-979-F.jpg
3253634637136;1104857;979;https://content.morgandetoi.fr/el-corte-ingles/1104857-979-F.jpg
3253634637273;1104858;1156;https://content.morgandetoi.fr/el-corte-ingles/1104858-1156-F.jpg
3253634637266;1104858;1156;https://content.morgandetoi.fr/el-corte-ingles/1104858-1156-F.jpg
3253634637259;1104858;1156;https://content.morgandetoi.fr/el-corte-ingles/1104858-1156-F.jpg
3253634637280;1104858;1156;https://content.morgandetoi.fr/el-corte-ingles/1104858-1156-F.jpg
3253634637242;1104858;1156;https://content.morgandetoi.fr/el-corte-ingles/1104858-1156-F.jpg
3253634637235;1104858;1156;https://content.morgandetoi.fr/el-corte-ingles/1104858-1156-F.jpg
3253634637228;1104858;1160;https://content.morgandetoi.fr/el-corte-ingles/1104858-1160-F.jpg
3253634637198;1104858;1160;https://content.morgandetoi.fr/el-corte-ingles/1104858-1160-F.jpg
3253634637204;1104858;1160;https://content.morgandetoi.fr/el-corte-ingles/1104858-1160-F.jpg
3253634637174;1104858;1160;https://content.morgandetoi.fr/el-corte-ingles/1104858-1160-F.jpg
3253634637181;1104858;1160;https://content.morgandetoi.fr/el-corte-ingles/1104858-1160-F.jpg
3253634637211;1104858;1160;https://content.morgandetoi.fr/el-corte-ingles/1104858-1160-F.jpg
3253634637334;1104859;900;https://content.morgandetoi.fr/el-corte-ingles/1104859-900-F.jpg
3253634637341;1104859;900;https://content.morgandetoi.fr/el-corte-ingles/1104859-900-F.jpg
3253634637310;1104859;900;https://content.morgandetoi.fr/el-corte-ingles/1104859-900-F.jpg
3253634637303;1104859;900;https://content.morgandetoi.fr/el-corte-ingles/1104859-900-F.jpg
3253634637327;1104859;900;https://content.morgandetoi.fr/el-corte-ingles/1104859-900-F.jpg
3253634637297;1104859;900;https://content.morgandetoi.fr/el-corte-ingles/1104859-900-F.jpg
3253634637396;1104860;1160;https://content.morgandetoi.fr/el-corte-ingles/1104860-1160-F.jpg
3253634637402;1104860;1160;https://content.morgandetoi.fr/el-corte-ingles/1104860-1160-F.jpg
3253634637372;1104860;1160;https://content.morgandetoi.fr/el-corte-ingles/1104860-1160-F.jpg
3253634637358;1104860;1160;https://content.morgandetoi.fr/el-corte-ingles/1104860-1160-F.jpg
3253634637365;1104860;1160;https://content.morgandetoi.fr/el-corte-ingles/1104860-1160-F.jpg
3253634637389;1104860;1160;https://content.morgandetoi.fr/el-corte-ingles/1104860-1160-F.jpg
3253634637464;1104861;1023;https://content.morgandetoi.fr/el-corte-ingles/1104861-1023-F.jpg
3253634637419;1104861;1023;https://content.morgandetoi.fr/el-corte-ingles/1104861-1023-F.jpg
3253634637426;1104861;1023;https://content.morgandetoi.fr/el-corte-ingles/1104861-1023-F.jpg
3253634637440;1104861;1023;https://content.morgandetoi.fr/el-corte-ingles/1104861-1023-F.jpg
3253634637457;1104861;1023;https://content.morgandetoi.fr/el-corte-ingles/1104861-1023-F.jpg
3253634637433;1104861;1023;https://content.morgandetoi.fr/el-corte-ingles/1104861-1023-F.jpg
3253634641607;1104861;1191;https://content.morgandetoi.fr/el-corte-ingles/1104861-1191-F.jpg
3253634641638;1104861;1191;https://content.morgandetoi.fr/el-corte-ingles/1104861-1191-F.jpg
3253634641645;1104861;1191;https://content.morgandetoi.fr/el-corte-ingles/1104861-1191-F.jpg
3253634641591;1104861;1191;https://content.morgandetoi.fr/el-corte-ingles/1104861-1191-F.jpg
3253634641621;1104861;1191;https://content.morgandetoi.fr/el-corte-ingles/1104861-1191-F.jpg
3253634641614;1104861;1191;https://content.morgandetoi.fr/el-corte-ingles/1104861-1191-F.jpg
3253634639659;1104883;1152;https://content.morgandetoi.fr/el-corte-ingles/1104883-1152-F.jpg
3253634639628;1104883;1152;https://content.morgandetoi.fr/el-corte-ingles/1104883-1152-F.jpg
3253634639611;1104883;1152;https://content.morgandetoi.fr/el-corte-ingles/1104883-1152-F.jpg
3253634639642;1104883;1152;https://content.morgandetoi.fr/el-corte-ingles/1104883-1152-F.jpg
3253634639635;1104883;1152;https://content.morgandetoi.fr/el-corte-ingles/1104883-1152-F.jpg
3253634639574;1104883;1168;https://content.morgandetoi.fr/el-corte-ingles/1104883-1168-F.jpg
3253634639581;1104883;1168;https://content.morgandetoi.fr/el-corte-ingles/1104883-1168-F.jpg
3253634639598;1104883;1168;https://content.morgandetoi.fr/el-corte-ingles/1104883-1168-F.jpg
3253634639567;1104883;1168;https://content.morgandetoi.fr/el-corte-ingles/1104883-1168-F.jpg
3253634639604;1104883;1168;https://content.morgandetoi.fr/el-corte-ingles/1104883-1168-F.jpg
3253634639765;1104884;928;https://content.morgandetoi.fr/el-corte-ingles/1104884-928-F.jpg
3253634639741;1104884;928;https://content.morgandetoi.fr/el-corte-ingles/1104884-928-F.jpg
3253634639758;1104884;928;https://content.morgandetoi.fr/el-corte-ingles/1104884-928-F.jpg
3253634639727;1104884;928;https://content.morgandetoi.fr/el-corte-ingles/1104884-928-F.jpg
3253634639734;1104884;928;https://content.morgandetoi.fr/el-corte-ingles/1104884-928-F.jpg
3253634639772;1104885;987;https://content.morgandetoi.fr/el-corte-ingles/1104885-987-F.jpg
3253634639819;1104885;987;https://content.morgandetoi.fr/el-corte-ingles/1104885-987-F.jpg
3253634639796;1104885;987;https://content.morgandetoi.fr/el-corte-ingles/1104885-987-F.jpg
3253634639789;1104885;987;https://content.morgandetoi.fr/el-corte-ingles/1104885-987-F.jpg
3253634639802;1104885;987;https://content.morgandetoi.fr/el-corte-ingles/1104885-987-F.jpg
3253634639901;1104886;1145;https://content.morgandetoi.fr/el-corte-ingles/1104886-1145-F.jpg
3253634639871;1104886;1145;https://content.morgandetoi.fr/el-corte-ingles/1104886-1145-F.jpg
3253634639888;1104886;1145;https://content.morgandetoi.fr/el-corte-ingles/1104886-1145-F.jpg
3253634639918;1104886;1145;https://content.morgandetoi.fr/el-corte-ingles/1104886-1145-F.jpg
3253634639895;1104886;1145;https://content.morgandetoi.fr/el-corte-ingles/1104886-1145-F.jpg
3253634639864;1104886;1161;https://content.morgandetoi.fr/el-corte-ingles/1104886-1161-F.jpg
3253634639840;1104886;1161;https://content.morgandetoi.fr/el-corte-ingles/1104886-1161-F.jpg
3253634639857;1104886;1161;https://content.morgandetoi.fr/el-corte-ingles/1104886-1161-F.jpg
3253634639833;1104886;1161;https://content.morgandetoi.fr/el-corte-ingles/1104886-1161-F.jpg
3253634639826;1104886;1161;https://content.morgandetoi.fr/el-corte-ingles/1104886-1161-F.jpg
3253634640068;1104888;944;https://content.morgandetoi.fr/el-corte-ingles/1104888-944-F.jpg
3253634640020;1104888;944;https://content.morgandetoi.fr/el-corte-ingles/1104888-944-F.jpg
3253634640044;1104888;944;https://content.morgandetoi.fr/el-corte-ingles/1104888-944-F.jpg
3253634640037;1104888;944;https://content.morgandetoi.fr/el-corte-ingles/1104888-944-F.jpg
3253634640051;1104888;944;https://content.morgandetoi.fr/el-corte-ingles/1104888-944-F.jpg
3253634640303;1104890;992;https://content.morgandetoi.fr/el-corte-ingles/1104890-992-F.jpg
3253634640310;1104890;992;https://content.morgandetoi.fr/el-corte-ingles/1104890-992-F.jpg
3253634640280;1104890;992;https://content.morgandetoi.fr/el-corte-ingles/1104890-992-F.jpg
3253634640273;1104890;992;https://content.morgandetoi.fr/el-corte-ingles/1104890-992-F.jpg
3253634640297;1104890;992;https://content.morgandetoi.fr/el-corte-ingles/1104890-992-F.jpg
3253634640495;1104891;1023;https://content.morgandetoi.fr/el-corte-ingles/1104891-1023-F.jpg
3253634640525;1104891;1023;https://content.morgandetoi.fr/el-corte-ingles/1104891-1023-F.jpg
3253634640501;1104891;1023;https://content.morgandetoi.fr/el-corte-ingles/1104891-1023-F.jpg
3253634640532;1104891;1023;https://content.morgandetoi.fr/el-corte-ingles/1104891-1023-F.jpg
3253634640518;1104891;1023;https://content.morgandetoi.fr/el-corte-ingles/1104891-1023-F.jpg
3253634640464;1104891;979;https://content.morgandetoi.fr/el-corte-ingles/1104891-979-F.jpg
3253634640440;1104891;979;https://content.morgandetoi.fr/el-corte-ingles/1104891-979-F.jpg
3253634640471;1104891;979;https://content.morgandetoi.fr/el-corte-ingles/1104891-979-F.jpg
3253634640457;1104891;979;https://content.morgandetoi.fr/el-corte-ingles/1104891-979-F.jpg
3253634640488;1104891;979;https://content.morgandetoi.fr/el-corte-ingles/1104891-979-F.jpg
3253634640587;1104892;987;https://content.morgandetoi.fr/el-corte-ingles/1104892-987-F.jpg
3253634640563;1104892;987;https://content.morgandetoi.fr/el-corte-ingles/1104892-987-F.jpg
3253634640549;1104892;987;https://content.morgandetoi.fr/el-corte-ingles/1104892-987-F.jpg
3253634640556;1104892;987;https://content.morgandetoi.fr/el-corte-ingles/1104892-987-F.jpg
3253634640570;1104892;987;https://content.morgandetoi.fr/el-corte-ingles/1104892-987-F.jpg
3253634640631;1104893;1023;https://content.morgandetoi.fr/el-corte-ingles/1104893-1023-F.jpg
3253634640600;1104893;1023;https://content.morgandetoi.fr/el-corte-ingles/1104893-1023-F.jpg
3253634640617;1104893;1023;https://content.morgandetoi.fr/el-corte-ingles/1104893-1023-F.jpg
3253634640594;1104893;1023;https://content.morgandetoi.fr/el-corte-ingles/1104893-1023-F.jpg
3253634640624;1104893;1023;https://content.morgandetoi.fr/el-corte-ingles/1104893-1023-F.jpg
3253634640686;1104893;1191;https://content.morgandetoi.fr/el-corte-ingles/1104893-1191-F.jpg
3253634640679;1104893;1191;https://content.morgandetoi.fr/el-corte-ingles/1104893-1191-F.jpg
3253634640648;1104893;1191;https://content.morgandetoi.fr/el-corte-ingles/1104893-1191-F.jpg
3253634640655;1104893;1191;https://content.morgandetoi.fr/el-corte-ingles/1104893-1191-F.jpg
3253634640662;1104893;1191;https://content.morgandetoi.fr/el-corte-ingles/1104893-1191-F.jpg
3253634640792;1104893;931;https://content.morgandetoi.fr/el-corte-ingles/1104893-931-F.jpg
3253634640808;1104893;931;https://content.morgandetoi.fr/el-corte-ingles/1104893-931-F.jpg
3253634640839;1104893;931;https://content.morgandetoi.fr/el-corte-ingles/1104893-931-F.jpg
3253634640815;1104893;931;https://content.morgandetoi.fr/el-corte-ingles/1104893-931-F.jpg
3253634640822;1104893;931;https://content.morgandetoi.fr/el-corte-ingles/1104893-931-F.jpg
3253634640761;1104893;979;https://content.morgandetoi.fr/el-corte-ingles/1104893-979-F.jpg
3253634640778;1104893;979;https://content.morgandetoi.fr/el-corte-ingles/1104893-979-F.jpg
3253634640747;1104893;979;https://content.morgandetoi.fr/el-corte-ingles/1104893-979-F.jpg
3253634640754;1104893;979;https://content.morgandetoi.fr/el-corte-ingles/1104893-979-F.jpg
3253634640785;1104893;979;https://content.morgandetoi.fr/el-corte-ingles/1104893-979-F.jpg
3253634640716;1104893;992;https://content.morgandetoi.fr/el-corte-ingles/1104893-992-F.jpg
3253634640709;1104893;992;https://content.morgandetoi.fr/el-corte-ingles/1104893-992-F.jpg
3253634640693;1104893;992;https://content.morgandetoi.fr/el-corte-ingles/1104893-992-F.jpg
3253634640723;1104893;992;https://content.morgandetoi.fr/el-corte-ingles/1104893-992-F.jpg
3253634640730;1104893;992;https://content.morgandetoi.fr/el-corte-ingles/1104893-992-F.jpg
3253634637693;1104864;1145;https://content.morgandetoi.fr/el-corte-ingles/1104864-1145-F.jpg
3253634637686;1104864;1145;https://content.morgandetoi.fr/el-corte-ingles/1104864-1145-F.jpg
3253634637679;1104864;1145;https://content.morgandetoi.fr/el-corte-ingles/1104864-1145-F.jpg
3253634637655;1104864;1145;https://content.morgandetoi.fr/el-corte-ingles/1104864-1145-F.jpg
3253634637662;1104864;1145;https://content.morgandetoi.fr/el-corte-ingles/1104864-1145-F.jpg
3253634637716;1104865;963;https://content.morgandetoi.fr/el-corte-ingles/1104865-963-F.jpg
3253634637730;1104865;963;https://content.morgandetoi.fr/el-corte-ingles/1104865-963-F.jpg
3253634637747;1104865;963;https://content.morgandetoi.fr/el-corte-ingles/1104865-963-F.jpg
3253634637723;1104865;963;https://content.morgandetoi.fr/el-corte-ingles/1104865-963-F.jpg
3253634637709;1104865;963;https://content.morgandetoi.fr/el-corte-ingles/1104865-963-F.jpg
3253634637952;1104866;992;https://content.morgandetoi.fr/el-corte-ingles/1104866-992-F.jpg
3253634637921;1104866;992;https://content.morgandetoi.fr/el-corte-ingles/1104866-992-F.jpg
3253634637914;1104866;992;https://content.morgandetoi.fr/el-corte-ingles/1104866-992-F.jpg
3253634637938;1104866;992;https://content.morgandetoi.fr/el-corte-ingles/1104866-992-F.jpg
3253634637945;1104866;992;https://content.morgandetoi.fr/el-corte-ingles/1104866-992-F.jpg
3253634637983;1104867;1023;https://content.morgandetoi.fr/el-corte-ingles/1104867-1023-F.jpg
3253634637990;1104867;1023;https://content.morgandetoi.fr/el-corte-ingles/1104867-1023-F.jpg
3253634637976;1104867;1023;https://content.morgandetoi.fr/el-corte-ingles/1104867-1023-F.jpg
3253634638003;1104867;1023;https://content.morgandetoi.fr/el-corte-ingles/1104867-1023-F.jpg
3253634637969;1104867;1023;https://content.morgandetoi.fr/el-corte-ingles/1104867-1023-F.jpg
3253634640983;1104895;1023;https://content.morgandetoi.fr/el-corte-ingles/1104895-1023-F.jpg
3253634640945;1104895;1023;https://content.morgandetoi.fr/el-corte-ingles/1104895-1023-F.jpg
3253634640976;1104895;1023;https://content.morgandetoi.fr/el-corte-ingles/1104895-1023-F.jpg
3253634640952;1104895;1023;https://content.morgandetoi.fr/el-corte-ingles/1104895-1023-F.jpg
3253634640969;1104895;1023;https://content.morgandetoi.fr/el-corte-ingles/1104895-1023-F.jpg
3253634640921;1104895;1126;https://content.morgandetoi.fr/el-corte-ingles/1104895-1126-F.jpg
3253634640938;1104895;1126;https://content.morgandetoi.fr/el-corte-ingles/1104895-1126-F.jpg
3253634640907;1104895;1126;https://content.morgandetoi.fr/el-corte-ingles/1104895-1126-F.jpg
3253634640891;1104895;1126;https://content.morgandetoi.fr/el-corte-ingles/1104895-1126-F.jpg
3253634640914;1104895;1126;https://content.morgandetoi.fr/el-corte-ingles/1104895-1126-F.jpg
3253634638041;1104868;979;https://content.morgandetoi.fr/el-corte-ingles/1104868-979-F.jpg
3253634638058;1104868;979;https://content.morgandetoi.fr/el-corte-ingles/1104868-979-F.jpg
3253634638034;1104868;979;https://content.morgandetoi.fr/el-corte-ingles/1104868-979-F.jpg
3253634638027;1104868;979;https://content.morgandetoi.fr/el-corte-ingles/1104868-979-F.jpg
3253634638010;1104868;979;https://content.morgandetoi.fr/el-corte-ingles/1104868-979-F.jpg
3253634638126;1104869;1156;https://content.morgandetoi.fr/el-corte-ingles/1104869-1156-F.jpg
3253634638133;1104869;1156;https://content.morgandetoi.fr/el-corte-ingles/1104869-1156-F.jpg
3253634638140;1104869;1156;https://content.morgandetoi.fr/el-corte-ingles/1104869-1156-F.jpg
3253634638119;1104869;1156;https://content.morgandetoi.fr/el-corte-ingles/1104869-1156-F.jpg
3253634638157;1104869;1156;https://content.morgandetoi.fr/el-corte-ingles/1104869-1156-F.jpg
3253634638072;1104869;931;https://content.morgandetoi.fr/el-corte-ingles/1104869-931-F.jpg
3253634638102;1104869;931;https://content.morgandetoi.fr/el-corte-ingles/1104869-931-F.jpg
3253634638065;1104869;931;https://content.morgandetoi.fr/el-corte-ingles/1104869-931-F.jpg
3253634638089;1104869;931;https://content.morgandetoi.fr/el-corte-ingles/1104869-931-F.jpg
3253634638096;1104869;931;https://content.morgandetoi.fr/el-corte-ingles/1104869-931-F.jpg
3253634641089;1104896;930;https://content.morgandetoi.fr/el-corte-ingles/1104896-930-F.jpg
3253634641072;1104896;930;https://content.morgandetoi.fr/el-corte-ingles/1104896-930-F.jpg
3253634641065;1104896;930;https://content.morgandetoi.fr/el-corte-ingles/1104896-930-F.jpg
3253634641058;1104896;930;https://content.morgandetoi.fr/el-corte-ingles/1104896-930-F.jpg
3253634641041;1104896;930;https://content.morgandetoi.fr/el-corte-ingles/1104896-930-F.jpg
3253634641027;1104896;991;https://content.morgandetoi.fr/el-corte-ingles/1104896-991-F.jpg
3253634640990;1104896;991;https://content.morgandetoi.fr/el-corte-ingles/1104896-991-F.jpg
3253634641003;1104896;991;https://content.morgandetoi.fr/el-corte-ingles/1104896-991-F.jpg
3253634641034;1104896;991;https://content.morgandetoi.fr/el-corte-ingles/1104896-991-F.jpg
3253634641010;1104896;991;https://content.morgandetoi.fr/el-corte-ingles/1104896-991-F.jpg
3253634638386;1104871;928;https://content.morgandetoi.fr/el-corte-ingles/1104871-928-F.jpg
3253634638379;1104871;928;https://content.morgandetoi.fr/el-corte-ingles/1104871-928-F.jpg
3253634638362;1104871;928;https://content.morgandetoi.fr/el-corte-ingles/1104871-928-F.jpg
3253634638393;1104871;928;https://content.morgandetoi.fr/el-corte-ingles/1104871-928-F.jpg
3253634638409;1104871;928;https://content.morgandetoi.fr/el-corte-ingles/1104871-928-F.jpg
3253634641119;1104897;1126;https://content.morgandetoi.fr/el-corte-ingles/1104897-1126-F.jpg
3253634641096;1104897;1126;https://content.morgandetoi.fr/el-corte-ingles/1104897-1126-F.jpg
3253634641102;1104897;1126;https://content.morgandetoi.fr/el-corte-ingles/1104897-1126-F.jpg
3253634641126;1104897;1126;https://content.morgandetoi.fr/el-corte-ingles/1104897-1126-F.jpg
3253634641133;1104897;1126;https://content.morgandetoi.fr/el-corte-ingles/1104897-1126-F.jpg
3253634641232;1104897;1191;https://content.morgandetoi.fr/el-corte-ingles/1104897-1191-F.jpg
3253634641225;1104897;1191;https://content.morgandetoi.fr/el-corte-ingles/1104897-1191-F.jpg
3253634641195;1104897;1191;https://content.morgandetoi.fr/el-corte-ingles/1104897-1191-F.jpg
3253634641218;1104897;1191;https://content.morgandetoi.fr/el-corte-ingles/1104897-1191-F.jpg
3253634641201;1104897;1191;https://content.morgandetoi.fr/el-corte-ingles/1104897-1191-F.jpg
3253634641164;1104897;928;https://content.morgandetoi.fr/el-corte-ingles/1104897-928-F.jpg
3253634641188;1104897;928;https://content.morgandetoi.fr/el-corte-ingles/1104897-928-F.jpg
3253634641140;1104897;928;https://content.morgandetoi.fr/el-corte-ingles/1104897-928-F.jpg
3253634641157;1104897;928;https://content.morgandetoi.fr/el-corte-ingles/1104897-928-F.jpg
3253634641171;1104897;928;https://content.morgandetoi.fr/el-corte-ingles/1104897-928-F.jpg
3253634638478;1104872;1191;https://content.morgandetoi.fr/el-corte-ingles/1104872-1191-F.jpg
3253634638447;1104872;1191;https://content.morgandetoi.fr/el-corte-ingles/1104872-1191-F.jpg
3253634638485;1104872;1191;https://content.morgandetoi.fr/el-corte-ingles/1104872-1191-F.jpg
3253634638454;1104872;1191;https://content.morgandetoi.fr/el-corte-ingles/1104872-1191-F.jpg
3253634638461;1104872;1191;https://content.morgandetoi.fr/el-corte-ingles/1104872-1191-F.jpg
3253634638522;1104873;931;https://content.morgandetoi.fr/el-corte-ingles/1104873-931-F.jpg
3253634638508;1104873;931;https://content.morgandetoi.fr/el-corte-ingles/1104873-931-F.jpg
3253634638492;1104873;931;https://content.morgandetoi.fr/el-corte-ingles/1104873-931-F.jpg
3253634638539;1104873;931;https://content.morgandetoi.fr/el-corte-ingles/1104873-931-F.jpg
3253634638515;1104873;931;https://content.morgandetoi.fr/el-corte-ingles/1104873-931-F.jpg
3253634638577;1104874;1153;https://content.morgandetoi.fr/el-corte-ingles/1104874-1153-F.jpg
3253634638560;1104874;1153;https://content.morgandetoi.fr/el-corte-ingles/1104874-1153-F.jpg
3253634638546;1104874;1153;https://content.morgandetoi.fr/el-corte-ingles/1104874-1153-F.jpg
3253634638584;1104874;1153;https://content.morgandetoi.fr/el-corte-ingles/1104874-1153-F.jpg
3253634638553;1104874;1153;https://content.morgandetoi.fr/el-corte-ingles/1104874-1153-F.jpg
3253634641287;1104898;930;https://content.morgandetoi.fr/el-corte-ingles/1104898-930-F.jpg
3253634641263;1104898;930;https://content.morgandetoi.fr/el-corte-ingles/1104898-930-F.jpg
3253634641249;1104898;930;https://content.morgandetoi.fr/el-corte-ingles/1104898-930-F.jpg
3253634641270;1104898;930;https://content.morgandetoi.fr/el-corte-ingles/1104898-930-F.jpg
3253634641256;1104898;930;https://content.morgandetoi.fr/el-corte-ingles/1104898-930-F.jpg
3253634641553;1104899;930;https://content.morgandetoi.fr/el-corte-ingles/1104899-930-F.jpg
3253634641546;1104899;930;https://content.morgandetoi.fr/el-corte-ingles/1104899-930-F.jpg
3253634641560;1104899;930;https://content.morgandetoi.fr/el-corte-ingles/1104899-930-F.jpg
3253634641584;1104899;930;https://content.morgandetoi.fr/el-corte-ingles/1104899-930-F.jpg
3253634641577;1104899;930;https://content.morgandetoi.fr/el-corte-ingles/1104899-930-F.jpg
3253634638737;1104876;1153;https://content.morgandetoi.fr/el-corte-ingles/1104876-1153-F.jpg
3253634638744;1104876;1153;https://content.morgandetoi.fr/el-corte-ingles/1104876-1153-F.jpg
3253634638713;1104876;1153;https://content.morgandetoi.fr/el-corte-ingles/1104876-1153-F.jpg
3253634638706;1104876;1153;https://content.morgandetoi.fr/el-corte-ingles/1104876-1153-F.jpg
3253634638720;1104876;1153;https://content.morgandetoi.fr/el-corte-ingles/1104876-1153-F.jpg
3253634638751;1104877;1153;https://content.morgandetoi.fr/el-corte-ingles/1104877-1153-F.jpg
3253634638782;1104877;1153;https://content.morgandetoi.fr/el-corte-ingles/1104877-1153-F.jpg
3253634638768;1104877;1153;https://content.morgandetoi.fr/el-corte-ingles/1104877-1153-F.jpg
3253634638775;1104877;1153;https://content.morgandetoi.fr/el-corte-ingles/1104877-1153-F.jpg
3253634638799;1104877;1153;https://content.morgandetoi.fr/el-corte-ingles/1104877-1153-F.jpg
3253634639017;1104879;978;https://content.morgandetoi.fr/el-corte-ingles/1104879-978-F.jpg
3253634639055;1104879;978;https://content.morgandetoi.fr/el-corte-ingles/1104879-978-F.jpg
3253634639024;1104879;978;https://content.morgandetoi.fr/el-corte-ingles/1104879-978-F.jpg
3253634639031;1104879;978;https://content.morgandetoi.fr/el-corte-ingles/1104879-978-F.jpg
3253634639048;1104879;978;https://content.morgandetoi.fr/el-corte-ingles/1104879-978-F.jpg
3253634638973;1104879;979;https://content.morgandetoi.fr/el-corte-ingles/1104879-979-F.jpg
3253634638997;1104879;979;https://content.morgandetoi.fr/el-corte-ingles/1104879-979-F.jpg
3253634638966;1104879;979;https://content.morgandetoi.fr/el-corte-ingles/1104879-979-F.jpg
3253634639000;1104879;979;https://content.morgandetoi.fr/el-corte-ingles/1104879-979-F.jpg
3253634638980;1104879;979;https://content.morgandetoi.fr/el-corte-ingles/1104879-979-F.jpg
3253634639154;1104881;987;https://content.morgandetoi.fr/el-corte-ingles/1104881-987-F.jpg
3253634639147;1104881;987;https://content.morgandetoi.fr/el-corte-ingles/1104881-987-F.jpg
3253634639116;1104881;987;https://content.morgandetoi.fr/el-corte-ingles/1104881-987-F.jpg
3253634639130;1104881;987;https://content.morgandetoi.fr/el-corte-ingles/1104881-987-F.jpg
3253634639123;1104881;987;https://content.morgandetoi.fr/el-corte-ingles/1104881-987-F.jpg
3253634639284;1104882;1168;https://content.morgandetoi.fr/el-corte-ingles/1104882-1168-F.jpg
3253634639291;1104882;1168;https://content.morgandetoi.fr/el-corte-ingles/1104882-1168-F.jpg
3253634639260;1104882;1168;https://content.morgandetoi.fr/el-corte-ingles/1104882-1168-F.jpg
3253634639277;1104882;1168;https://content.morgandetoi.fr/el-corte-ingles/1104882-1168-F.jpg
3253634639307;1104882;1168;https://content.morgandetoi.fr/el-corte-ingles/1104882-1168-F.jpg
3253634639321;1104882;1191;https://content.morgandetoi.fr/el-corte-ingles/1104882-1191-F.jpg
3253634639352;1104882;1191;https://content.morgandetoi.fr/el-corte-ingles/1104882-1191-F.jpg
3253634639345;1104882;1191;https://content.morgandetoi.fr/el-corte-ingles/1104882-1191-F.jpg
3253634639338;1104882;1191;https://content.morgandetoi.fr/el-corte-ingles/1104882-1191-F.jpg
3253634639314;1104882;1191;https://content.morgandetoi.fr/el-corte-ingles/1104882-1191-F.jpg
3253634639482;1104882;978;https://content.morgandetoi.fr/el-corte-ingles/1104882-978-F.jpg
3253634639499;1104882;978;https://content.morgandetoi.fr/el-corte-ingles/1104882-978-F.jpg
3253634639475;1104882;978;https://content.morgandetoi.fr/el-corte-ingles/1104882-978-F.jpg
3253634639505;1104882;978;https://content.morgandetoi.fr/el-corte-ingles/1104882-978-F.jpg
3253634639468;1104882;978;https://content.morgandetoi.fr/el-corte-ingles/1104882-978-F.jpg
3253634639413;1104882;987;https://content.morgandetoi.fr/el-corte-ingles/1104882-987-F.jpg
3253634639451;1104882;987;https://content.morgandetoi.fr/el-corte-ingles/1104882-987-F.jpg
3253634639437;1104882;987;https://content.morgandetoi.fr/el-corte-ingles/1104882-987-F.jpg
3253634639444;1104882;987;https://content.morgandetoi.fr/el-corte-ingles/1104882-987-F.jpg
3253634639420;1104882;987;https://content.morgandetoi.fr/el-corte-ingles/1104882-987-F.jpg
3253634639369;1104882;992;https://content.morgandetoi.fr/el-corte-ingles/1104882-992-F.jpg
3253634639406;1104882;992;https://content.morgandetoi.fr/el-corte-ingles/1104882-992-F.jpg
3253634639376;1104882;992;https://content.morgandetoi.fr/el-corte-ingles/1104882-992-F.jpg
3253634639390;1104882;992;https://content.morgandetoi.fr/el-corte-ingles/1104882-992-F.jpg
3253634639383;1104882;992;https://content.morgandetoi.fr/el-corte-ingles/1104882-992-F.jpg
3253634642413;1104905;931;https://content.morgandetoi.fr/el-corte-ingles/1104905-931-F.jpg
3253634642444;1104905;931;https://content.morgandetoi.fr/el-corte-ingles/1104905-931-F.jpg
3253634642420;1104905;931;https://content.morgandetoi.fr/el-corte-ingles/1104905-931-F.jpg
3253634642437;1104905;931;https://content.morgandetoi.fr/el-corte-ingles/1104905-931-F.jpg
3253634642406;1104905;931;https://content.morgandetoi.fr/el-corte-ingles/1104905-931-F.jpg
3253634642703;1104906;1043;https://content.morgandetoi.fr/el-corte-ingles/1104906-1043-F.jpg
3253634642680;1104906;1043;https://content.morgandetoi.fr/el-corte-ingles/1104906-1043-F.jpg
3253634642673;1104906;1043;https://content.morgandetoi.fr/el-corte-ingles/1104906-1043-F.jpg
3253634642666;1104906;1043;https://content.morgandetoi.fr/el-corte-ingles/1104906-1043-F.jpg
3253634642697;1104906;1043;https://content.morgandetoi.fr/el-corte-ingles/1104906-1043-F.jpg
3253634642659;1104906;1043;https://content.morgandetoi.fr/el-corte-ingles/1104906-1043-F.jpg
3253634649665;1105024;900;https://content.morgandetoi.fr/el-corte-ingles/1105024-900-F.jpg
3253634649641;1105024;900;https://content.morgandetoi.fr/el-corte-ingles/1105024-900-F.jpg
3253634649672;1105024;900;https://content.morgandetoi.fr/el-corte-ingles/1105024-900-F.jpg
3253634649689;1105024;900;https://content.morgandetoi.fr/el-corte-ingles/1105024-900-F.jpg
3253634649658;1105024;900;https://content.morgandetoi.fr/el-corte-ingles/1105024-900-F.jpg
3253634646053;1104971;993;https://content.morgandetoi.fr/el-corte-ingles/1104971-993-F.jpg
3253634646046;1104971;993;https://content.morgandetoi.fr/el-corte-ingles/1104971-993-F.jpg
3253634646015;1104971;993;https://content.morgandetoi.fr/el-corte-ingles/1104971-993-F.jpg
3253634646039;1104971;993;https://content.morgandetoi.fr/el-corte-ingles/1104971-993-F.jpg
3253634646008;1104971;993;https://content.morgandetoi.fr/el-corte-ingles/1104971-993-F.jpg
3253634646022;1104971;993;https://content.morgandetoi.fr/el-corte-ingles/1104971-993-F.jpg
3253634649757;1105025;1023;https://content.morgandetoi.fr/el-corte-ingles/1105025-1023-F.jpg
3253634649771;1105025;1023;https://content.morgandetoi.fr/el-corte-ingles/1105025-1023-F.jpg
3253634649764;1105025;1023;https://content.morgandetoi.fr/el-corte-ingles/1105025-1023-F.jpg
3253634649795;1105025;1023;https://content.morgandetoi.fr/el-corte-ingles/1105025-1023-F.jpg
3253634649788;1105025;1023;https://content.morgandetoi.fr/el-corte-ingles/1105025-1023-F.jpg
3253634649801;1105025;1023;https://content.morgandetoi.fr/el-corte-ingles/1105025-1023-F.jpg
3253634649696;1105025;400;https://content.morgandetoi.fr/el-corte-ingles/1105025-400-F.jpg
3253634649719;1105025;400;https://content.morgandetoi.fr/el-corte-ingles/1105025-400-F.jpg
3253634649733;1105025;400;https://content.morgandetoi.fr/el-corte-ingles/1105025-400-F.jpg
3253634649740;1105025;400;https://content.morgandetoi.fr/el-corte-ingles/1105025-400-F.jpg
3253634649702;1105025;400;https://content.morgandetoi.fr/el-corte-ingles/1105025-400-F.jpg
3253634649726;1105025;400;https://content.morgandetoi.fr/el-corte-ingles/1105025-400-F.jpg
3253634642710;1104907;979;https://content.morgandetoi.fr/el-corte-ingles/1104907-979-F.jpg
3253634642758;1104907;979;https://content.morgandetoi.fr/el-corte-ingles/1104907-979-F.jpg
3253634642734;1104907;979;https://content.morgandetoi.fr/el-corte-ingles/1104907-979-F.jpg
3253634642741;1104907;979;https://content.morgandetoi.fr/el-corte-ingles/1104907-979-F.jpg
3253634642765;1104907;979;https://content.morgandetoi.fr/el-corte-ingles/1104907-979-F.jpg
3253634642727;1104907;979;https://content.morgandetoi.fr/el-corte-ingles/1104907-979-F.jpg
3253634646121;1104973;992;https://content.morgandetoi.fr/el-corte-ingles/1104973-992-F.jpg
3253634646145;1104973;992;https://content.morgandetoi.fr/el-corte-ingles/1104973-992-F.jpg
3253634646091;1104973;992;https://content.morgandetoi.fr/el-corte-ingles/1104973-992-F.jpg
3253634646138;1104973;992;https://content.morgandetoi.fr/el-corte-ingles/1104973-992-F.jpg
3253634646107;1104973;992;https://content.morgandetoi.fr/el-corte-ingles/1104973-992-F.jpg
3253634646114;1104973;992;https://content.morgandetoi.fr/el-corte-ingles/1104973-992-F.jpg
3253634649856;1105026;900;https://content.morgandetoi.fr/el-corte-ingles/1105026-900-F.jpg
3253634649832;1105026;900;https://content.morgandetoi.fr/el-corte-ingles/1105026-900-F.jpg
3253634649849;1105026;900;https://content.morgandetoi.fr/el-corte-ingles/1105026-900-F.jpg
3253634649818;1105026;900;https://content.morgandetoi.fr/el-corte-ingles/1105026-900-F.jpg
3253634649825;1105026;900;https://content.morgandetoi.fr/el-corte-ingles/1105026-900-F.jpg
3253634649917;1105027;900;https://content.morgandetoi.fr/el-corte-ingles/1105027-900-F.jpg
3253634649900;1105027;900;https://content.morgandetoi.fr/el-corte-ingles/1105027-900-F.jpg
3253634649870;1105027;900;https://content.morgandetoi.fr/el-corte-ingles/1105027-900-F.jpg
3253634649887;1105027;900;https://content.morgandetoi.fr/el-corte-ingles/1105027-900-F.jpg
3253634649863;1105027;900;https://content.morgandetoi.fr/el-corte-ingles/1105027-900-F.jpg
3253634649894;1105027;900;https://content.morgandetoi.fr/el-corte-ingles/1105027-900-F.jpg
3253634642840;1104911;1191;https://content.morgandetoi.fr/el-corte-ingles/1104911-1191-F.jpg
3253634642819;1104911;1191;https://content.morgandetoi.fr/el-corte-ingles/1104911-1191-F.jpg
3253634642864;1104911;1191;https://content.morgandetoi.fr/el-corte-ingles/1104911-1191-F.jpg
3253634642857;1104911;1191;https://content.morgandetoi.fr/el-corte-ingles/1104911-1191-F.jpg
3253634642833;1104911;1191;https://content.morgandetoi.fr/el-corte-ingles/1104911-1191-F.jpg
3253634642826;1104911;1191;https://content.morgandetoi.fr/el-corte-ingles/1104911-1191-F.jpg
3253634646206;1104976;1159;https://content.morgandetoi.fr/el-corte-ingles/1104976-1159-F.jpg
3253634646244;1104976;1159;https://content.morgandetoi.fr/el-corte-ingles/1104976-1159-F.jpg
3253634646190;1104976;1159;https://content.morgandetoi.fr/el-corte-ingles/1104976-1159-F.jpg
3253634646220;1104976;1159;https://content.morgandetoi.fr/el-corte-ingles/1104976-1159-F.jpg
3253634646237;1104976;1159;https://content.morgandetoi.fr/el-corte-ingles/1104976-1159-F.jpg
3253634646213;1104976;1159;https://content.morgandetoi.fr/el-corte-ingles/1104976-1159-F.jpg
3253634649931;1105028;979;https://content.morgandetoi.fr/el-corte-ingles/1105028-979-F.jpg
3253634649924;1105028;979;https://content.morgandetoi.fr/el-corte-ingles/1105028-979-F.jpg
3253634649962;1105028;979;https://content.morgandetoi.fr/el-corte-ingles/1105028-979-F.jpg
3253634649955;1105028;979;https://content.morgandetoi.fr/el-corte-ingles/1105028-979-F.jpg
3253634649948;1105028;979;https://content.morgandetoi.fr/el-corte-ingles/1105028-979-F.jpg
3253634642888;1104912;931;https://content.morgandetoi.fr/el-corte-ingles/1104912-931-F.jpg
3253634642918;1104912;931;https://content.morgandetoi.fr/el-corte-ingles/1104912-931-F.jpg
3253634642871;1104912;931;https://content.morgandetoi.fr/el-corte-ingles/1104912-931-F.jpg
3253634642925;1104912;931;https://content.morgandetoi.fr/el-corte-ingles/1104912-931-F.jpg
3253634642895;1104912;931;https://content.morgandetoi.fr/el-corte-ingles/1104912-931-F.jpg
3253634642901;1104912;931;https://content.morgandetoi.fr/el-corte-ingles/1104912-931-F.jpg
3253634649986;1105029;900;https://content.morgandetoi.fr/el-corte-ingles/1105029-900-F.jpg
3253634649979;1105029;900;https://content.morgandetoi.fr/el-corte-ingles/1105029-900-F.jpg
3253634650012;1105029;900;https://content.morgandetoi.fr/el-corte-ingles/1105029-900-F.jpg
3253634649993;1105029;900;https://content.morgandetoi.fr/el-corte-ingles/1105029-900-F.jpg
3253634650005;1105029;900;https://content.morgandetoi.fr/el-corte-ingles/1105029-900-F.jpg
3253634642970;1104913;1159;https://content.morgandetoi.fr/el-corte-ingles/1104913-1159-F.jpg
3253634642949;1104913;1159;https://content.morgandetoi.fr/el-corte-ingles/1104913-1159-F.jpg
3253634642956;1104913;1159;https://content.morgandetoi.fr/el-corte-ingles/1104913-1159-F.jpg
3253634642932;1104913;1159;https://content.morgandetoi.fr/el-corte-ingles/1104913-1159-F.jpg
3253634642963;1104913;1159;https://content.morgandetoi.fr/el-corte-ingles/1104913-1159-F.jpg
3253634642987;1104913;1159;https://content.morgandetoi.fr/el-corte-ingles/1104913-1159-F.jpg
3253634646350;1104979;1023;https://content.morgandetoi.fr/el-corte-ingles/1104979-1023-F.jpg
3253634646404;1104979;1023;https://content.morgandetoi.fr/el-corte-ingles/1104979-1023-F.jpg
3253634646374;1104979;1023;https://content.morgandetoi.fr/el-corte-ingles/1104979-1023-F.jpg
3253634646381;1104979;1023;https://content.morgandetoi.fr/el-corte-ingles/1104979-1023-F.jpg
3253634646367;1104979;1023;https://content.morgandetoi.fr/el-corte-ingles/1104979-1023-F.jpg
3253634646398;1104979;1023;https://content.morgandetoi.fr/el-corte-ingles/1104979-1023-F.jpg
3253634646299;1104979;979;https://content.morgandetoi.fr/el-corte-ingles/1104979-979-F.jpg
3253634646343;1104979;979;https://content.morgandetoi.fr/el-corte-ingles/1104979-979-F.jpg
3253634646336;1104979;979;https://content.morgandetoi.fr/el-corte-ingles/1104979-979-F.jpg
3253634646305;1104979;979;https://content.morgandetoi.fr/el-corte-ingles/1104979-979-F.jpg
3253634646329;1104979;979;https://content.morgandetoi.fr/el-corte-ingles/1104979-979-F.jpg
3253634646312;1104979;979;https://content.morgandetoi.fr/el-corte-ingles/1104979-979-F.jpg
3253634643021;1104914;1191;https://content.morgandetoi.fr/el-corte-ingles/1104914-1191-F.jpg
3253634643045;1104914;1191;https://content.morgandetoi.fr/el-corte-ingles/1104914-1191-F.jpg
3253634643038;1104914;1191;https://content.morgandetoi.fr/el-corte-ingles/1104914-1191-F.jpg
3253634643014;1104914;1191;https://content.morgandetoi.fr/el-corte-ingles/1104914-1191-F.jpg
3253634643007;1104914;1191;https://content.morgandetoi.fr/el-corte-ingles/1104914-1191-F.jpg
3253634642994;1104914;1191;https://content.morgandetoi.fr/el-corte-ingles/1104914-1191-F.jpg
3253634650166;1105032;900;https://content.morgandetoi.fr/el-corte-ingles/1105032-900-F.jpg
3253634650180;1105032;900;https://content.morgandetoi.fr/el-corte-ingles/1105032-900-F.jpg
3253634650142;1105032;900;https://content.morgandetoi.fr/el-corte-ingles/1105032-900-F.jpg
3253634650159;1105032;900;https://content.morgandetoi.fr/el-corte-ingles/1105032-900-F.jpg
3253634650173;1105032;900;https://content.morgandetoi.fr/el-corte-ingles/1105032-900-F.jpg
3253634650135;1105032;900;https://content.morgandetoi.fr/el-corte-ingles/1105032-900-F.jpg
3253634643090;1104915;1191;https://content.morgandetoi.fr/el-corte-ingles/1104915-1191-F.jpg
3253634643076;1104915;1191;https://content.morgandetoi.fr/el-corte-ingles/1104915-1191-F.jpg
3253634643069;1104915;1191;https://content.morgandetoi.fr/el-corte-ingles/1104915-1191-F.jpg
3253634643083;1104915;1191;https://content.morgandetoi.fr/el-corte-ingles/1104915-1191-F.jpg
3253634643052;1104915;1191;https://content.morgandetoi.fr/el-corte-ingles/1104915-1191-F.jpg
3253634646435;1104980;987;https://content.morgandetoi.fr/el-corte-ingles/1104980-987-F.jpg
3253634646411;1104980;987;https://content.morgandetoi.fr/el-corte-ingles/1104980-987-F.jpg
3253634646428;1104980;987;https://content.morgandetoi.fr/el-corte-ingles/1104980-987-F.jpg
3253634646442;1104980;987;https://content.morgandetoi.fr/el-corte-ingles/1104980-987-F.jpg
3253634646466;1104980;987;https://content.morgandetoi.fr/el-corte-ingles/1104980-987-F.jpg
3253634646459;1104980;987;https://content.morgandetoi.fr/el-corte-ingles/1104980-987-F.jpg
3253634650197;1105033;900;https://content.morgandetoi.fr/el-corte-ingles/1105033-900-F.jpg
3253634650227;1105033;900;https://content.morgandetoi.fr/el-corte-ingles/1105033-900-F.jpg
3253634650210;1105033;900;https://content.morgandetoi.fr/el-corte-ingles/1105033-900-F.jpg
3253634650203;1105033;900;https://content.morgandetoi.fr/el-corte-ingles/1105033-900-F.jpg
3253634650234;1105033;900;https://content.morgandetoi.fr/el-corte-ingles/1105033-900-F.jpg
3253634650241;1105033;900;https://content.morgandetoi.fr/el-corte-ingles/1105033-900-F.jpg
3253634643113;1104916;1116;https://content.morgandetoi.fr/el-corte-ingles/1104916-1116-F.jpg
3253634643120;1104916;1116;https://content.morgandetoi.fr/el-corte-ingles/1104916-1116-F.jpg
3253634643106;1104916;1116;https://content.morgandetoi.fr/el-corte-ingles/1104916-1116-F.jpg
3253634643137;1104916;1116;https://content.morgandetoi.fr/el-corte-ingles/1104916-1116-F.jpg
3253634643144;1104916;1116;https://content.morgandetoi.fr/el-corte-ingles/1104916-1116-F.jpg
3253634643151;1104916;1116;https://content.morgandetoi.fr/el-corte-ingles/1104916-1116-F.jpg
3253634650272;1105034;900;https://content.morgandetoi.fr/el-corte-ingles/1105034-900-F.jpg
3253634650258;1105034;900;https://content.morgandetoi.fr/el-corte-ingles/1105034-900-F.jpg
3253634650289;1105034;900;https://content.morgandetoi.fr/el-corte-ingles/1105034-900-F.jpg
3253634650265;1105034;900;https://content.morgandetoi.fr/el-corte-ingles/1105034-900-F.jpg
3253634650302;1105034;900;https://content.morgandetoi.fr/el-corte-ingles/1105034-900-F.jpg
3253634650296;1105034;900;https://content.morgandetoi.fr/el-corte-ingles/1105034-900-F.jpg
3253634650333;1105035;900;https://content.morgandetoi.fr/el-corte-ingles/1105035-900-F.jpg
3253634650340;1105035;900;https://content.morgandetoi.fr/el-corte-ingles/1105035-900-F.jpg
3253634650357;1105035;900;https://content.morgandetoi.fr/el-corte-ingles/1105035-900-F.jpg
3253634650364;1105035;900;https://content.morgandetoi.fr/el-corte-ingles/1105035-900-F.jpg
3253634650319;1105035;900;https://content.morgandetoi.fr/el-corte-ingles/1105035-900-F.jpg
3253634650326;1105035;900;https://content.morgandetoi.fr/el-corte-ingles/1105035-900-F.jpg
3253634646589;1104984;307;https://content.morgandetoi.fr/el-corte-ingles/1104984-307-F.jpg
3253634646572;1104984;307;https://content.morgandetoi.fr/el-corte-ingles/1104984-307-F.jpg
3253634646596;1104984;307;https://content.morgandetoi.fr/el-corte-ingles/1104984-307-F.jpg
3253634646565;1104984;307;https://content.morgandetoi.fr/el-corte-ingles/1104984-307-F.jpg
3253634646602;1104984;307;https://content.morgandetoi.fr/el-corte-ingles/1104984-307-F.jpg
3253634646558;1104984;307;https://content.morgandetoi.fr/el-corte-ingles/1104984-307-F.jpg
3253634650418;1105036;900;https://content.morgandetoi.fr/el-corte-ingles/1105036-900-F.jpg
3253634650371;1105036;900;https://content.morgandetoi.fr/el-corte-ingles/1105036-900-F.jpg
3253634650388;1105036;900;https://content.morgandetoi.fr/el-corte-ingles/1105036-900-F.jpg
3253634650401;1105036;900;https://content.morgandetoi.fr/el-corte-ingles/1105036-900-F.jpg
3253634650395;1105036;900;https://content.morgandetoi.fr/el-corte-ingles/1105036-900-F.jpg
3253634650425;1105036;900;https://content.morgandetoi.fr/el-corte-ingles/1105036-900-F.jpg
3253634643236;1104921;993;https://content.morgandetoi.fr/el-corte-ingles/1104921-993-F.jpg
3253634643205;1104921;993;https://content.morgandetoi.fr/el-corte-ingles/1104921-993-F.jpg
3253634643250;1104921;993;https://content.morgandetoi.fr/el-corte-ingles/1104921-993-F.jpg
3253634643229;1104921;993;https://content.morgandetoi.fr/el-corte-ingles/1104921-993-F.jpg
3253634643243;1104921;993;https://content.morgandetoi.fr/el-corte-ingles/1104921-993-F.jpg
3253634643212;1104921;993;https://content.morgandetoi.fr/el-corte-ingles/1104921-993-F.jpg
3253634650432;1105037;900;https://content.morgandetoi.fr/el-corte-ingles/1105037-900-F.jpg
3253634650449;1105037;900;https://content.morgandetoi.fr/el-corte-ingles/1105037-900-F.jpg
3253634650470;1105037;900;https://content.morgandetoi.fr/el-corte-ingles/1105037-900-F.jpg
3253634650456;1105037;900;https://content.morgandetoi.fr/el-corte-ingles/1105037-900-F.jpg
3253634650463;1105037;900;https://content.morgandetoi.fr/el-corte-ingles/1105037-900-F.jpg
3253634650487;1105037;900;https://content.morgandetoi.fr/el-corte-ingles/1105037-900-F.jpg
3253634646633;1104986;1023;https://content.morgandetoi.fr/el-corte-ingles/1104986-1023-F.jpg
3253634646664;1104986;1023;https://content.morgandetoi.fr/el-corte-ingles/1104986-1023-F.jpg
3253634646626;1104986;1023;https://content.morgandetoi.fr/el-corte-ingles/1104986-1023-F.jpg
3253634646657;1104986;1023;https://content.morgandetoi.fr/el-corte-ingles/1104986-1023-F.jpg
3253634646640;1104986;1023;https://content.morgandetoi.fr/el-corte-ingles/1104986-1023-F.jpg
3253634646671;1104986;1023;https://content.morgandetoi.fr/el-corte-ingles/1104986-1023-F.jpg
3253634643274;1104922;900;https://content.morgandetoi.fr/el-corte-ingles/1104922-900-F.jpg
3253634643311;1104922;900;https://content.morgandetoi.fr/el-corte-ingles/1104922-900-F.jpg
3253634643298;1104922;900;https://content.morgandetoi.fr/el-corte-ingles/1104922-900-F.jpg
3253634643267;1104922;900;https://content.morgandetoi.fr/el-corte-ingles/1104922-900-F.jpg
3253634643281;1104922;900;https://content.morgandetoi.fr/el-corte-ingles/1104922-900-F.jpg
3253634643304;1104922;900;https://content.morgandetoi.fr/el-corte-ingles/1104922-900-F.jpg
3253634650517;1105038;900;https://content.morgandetoi.fr/el-corte-ingles/1105038-900-F.jpg
3253634650531;1105038;900;https://content.morgandetoi.fr/el-corte-ingles/1105038-900-F.jpg
3253634650524;1105038;900;https://content.morgandetoi.fr/el-corte-ingles/1105038-900-F.jpg
3253634650500;1105038;900;https://content.morgandetoi.fr/el-corte-ingles/1105038-900-F.jpg
3253634650548;1105038;900;https://content.morgandetoi.fr/el-corte-ingles/1105038-900-F.jpg
3253634650494;1105038;900;https://content.morgandetoi.fr/el-corte-ingles/1105038-900-F.jpg
3253634646749;1104987;993;https://content.morgandetoi.fr/el-corte-ingles/1104987-993-F.jpg
3253634646763;1104987;993;https://content.morgandetoi.fr/el-corte-ingles/1104987-993-F.jpg
3253634646787;1104987;993;https://content.morgandetoi.fr/el-corte-ingles/1104987-993-F.jpg
3253634646770;1104987;993;https://content.morgandetoi.fr/el-corte-ingles/1104987-993-F.jpg
3253634646794;1104987;993;https://content.morgandetoi.fr/el-corte-ingles/1104987-993-F.jpg
3253634646756;1104987;993;https://content.morgandetoi.fr/el-corte-ingles/1104987-993-F.jpg
3253634650609;1105039;900;https://content.morgandetoi.fr/el-corte-ingles/1105039-900-F.jpg
3253634650579;1105039;900;https://content.morgandetoi.fr/el-corte-ingles/1105039-900-F.jpg
3253634650593;1105039;900;https://content.morgandetoi.fr/el-corte-ingles/1105039-900-F.jpg
3253634650562;1105039;900;https://content.morgandetoi.fr/el-corte-ingles/1105039-900-F.jpg
3253634650555;1105039;900;https://content.morgandetoi.fr/el-corte-ingles/1105039-900-F.jpg
3253634650586;1105039;900;https://content.morgandetoi.fr/el-corte-ingles/1105039-900-F.jpg
3253634643328;1104923;927;https://content.morgandetoi.fr/el-corte-ingles/1104923-927-F.jpg
3253634643366;1104923;927;https://content.morgandetoi.fr/el-corte-ingles/1104923-927-F.jpg
3253634643335;1104923;927;https://content.morgandetoi.fr/el-corte-ingles/1104923-927-F.jpg
3253634643342;1104923;927;https://content.morgandetoi.fr/el-corte-ingles/1104923-927-F.jpg
3253634643359;1104923;927;https://content.morgandetoi.fr/el-corte-ingles/1104923-927-F.jpg
3253634646824;1104988;1145;https://content.morgandetoi.fr/el-corte-ingles/1104988-1145-F.jpg
3253634646800;1104988;1145;https://content.morgandetoi.fr/el-corte-ingles/1104988-1145-F.jpg
3253634646817;1104988;1145;https://content.morgandetoi.fr/el-corte-ingles/1104988-1145-F.jpg
3253634646848;1104988;1145;https://content.morgandetoi.fr/el-corte-ingles/1104988-1145-F.jpg
3253634646855;1104988;1145;https://content.morgandetoi.fr/el-corte-ingles/1104988-1145-F.jpg
3253634646831;1104988;1145;https://content.morgandetoi.fr/el-corte-ingles/1104988-1145-F.jpg
3253634650623;1105040;900;https://content.morgandetoi.fr/el-corte-ingles/1105040-900-F.jpg
3253634650630;1105040;900;https://content.morgandetoi.fr/el-corte-ingles/1105040-900-F.jpg
3253634650647;1105040;900;https://content.morgandetoi.fr/el-corte-ingles/1105040-900-F.jpg
3253634650616;1105040;900;https://content.morgandetoi.fr/el-corte-ingles/1105040-900-F.jpg
3253634650661;1105040;900;https://content.morgandetoi.fr/el-corte-ingles/1105040-900-F.jpg
3253634650654;1105040;900;https://content.morgandetoi.fr/el-corte-ingles/1105040-900-F.jpg
3253634643373;1104924;1023;https://content.morgandetoi.fr/el-corte-ingles/1104924-1023-F.jpg
3253634643397;1104924;1023;https://content.morgandetoi.fr/el-corte-ingles/1104924-1023-F.jpg
3253634643403;1104924;1023;https://content.morgandetoi.fr/el-corte-ingles/1104924-1023-F.jpg
3253634643427;1104924;1023;https://content.morgandetoi.fr/el-corte-ingles/1104924-1023-F.jpg
3253634643410;1104924;1023;https://content.morgandetoi.fr/el-corte-ingles/1104924-1023-F.jpg
3253634643380;1104924;1023;https://content.morgandetoi.fr/el-corte-ingles/1104924-1023-F.jpg
3253634646879;1104989;992;https://content.morgandetoi.fr/el-corte-ingles/1104989-992-F.jpg
3253634646862;1104989;992;https://content.morgandetoi.fr/el-corte-ingles/1104989-992-F.jpg
3253634646916;1104989;992;https://content.morgandetoi.fr/el-corte-ingles/1104989-992-F.jpg
3253634646886;1104989;992;https://content.morgandetoi.fr/el-corte-ingles/1104989-992-F.jpg
3253634646909;1104989;992;https://content.morgandetoi.fr/el-corte-ingles/1104989-992-F.jpg
3253634646893;1104989;992;https://content.morgandetoi.fr/el-corte-ingles/1104989-992-F.jpg
3253634650708;1105041;900;https://content.morgandetoi.fr/el-corte-ingles/1105041-900-F.jpg
3253634650678;1105041;900;https://content.morgandetoi.fr/el-corte-ingles/1105041-900-F.jpg
3253634650692;1105041;900;https://content.morgandetoi.fr/el-corte-ingles/1105041-900-F.jpg
3253634650715;1105041;900;https://content.morgandetoi.fr/el-corte-ingles/1105041-900-F.jpg
3253634650722;1105041;900;https://content.morgandetoi.fr/el-corte-ingles/1105041-900-F.jpg
3253634650685;1105041;900;https://content.morgandetoi.fr/el-corte-ingles/1105041-900-F.jpg
3253634646985;1104990;979;https://content.morgandetoi.fr/el-corte-ingles/1104990-979-F.jpg
3253634647005;1104990;979;https://content.morgandetoi.fr/el-corte-ingles/1104990-979-F.jpg
3253634647036;1104990;979;https://content.morgandetoi.fr/el-corte-ingles/1104990-979-F.jpg
3253634647012;1104990;979;https://content.morgandetoi.fr/el-corte-ingles/1104990-979-F.jpg
3253634646992;1104990;979;https://content.morgandetoi.fr/el-corte-ingles/1104990-979-F.jpg
3253634647029;1104990;979;https://content.morgandetoi.fr/el-corte-ingles/1104990-979-F.jpg
3253634643441;1104925;900;https://content.morgandetoi.fr/el-corte-ingles/1104925-900-F.jpg
3253634643489;1104925;900;https://content.morgandetoi.fr/el-corte-ingles/1104925-900-F.jpg
3253634643465;1104925;900;https://content.morgandetoi.fr/el-corte-ingles/1104925-900-F.jpg
3253634643458;1104925;900;https://content.morgandetoi.fr/el-corte-ingles/1104925-900-F.jpg
3253634643472;1104925;900;https://content.morgandetoi.fr/el-corte-ingles/1104925-900-F.jpg
3253634643434;1104925;900;https://content.morgandetoi.fr/el-corte-ingles/1104925-900-F.jpg
3253634650784;1105042;900;https://content.morgandetoi.fr/el-corte-ingles/1105042-900-F.jpg
3253634650739;1105042;900;https://content.morgandetoi.fr/el-corte-ingles/1105042-900-F.jpg
3253634650760;1105042;900;https://content.morgandetoi.fr/el-corte-ingles/1105042-900-F.jpg
3253634650746;1105042;900;https://content.morgandetoi.fr/el-corte-ingles/1105042-900-F.jpg
3253634650777;1105042;900;https://content.morgandetoi.fr/el-corte-ingles/1105042-900-F.jpg
3253634650753;1105042;900;https://content.morgandetoi.fr/el-corte-ingles/1105042-900-F.jpg
3253634647081;1104991;1161;https://content.morgandetoi.fr/el-corte-ingles/1104991-1161-F.jpg
3253634647050;1104991;1161;https://content.morgandetoi.fr/el-corte-ingles/1104991-1161-F.jpg
3253634647074;1104991;1161;https://content.morgandetoi.fr/el-corte-ingles/1104991-1161-F.jpg
3253634647067;1104991;1161;https://content.morgandetoi.fr/el-corte-ingles/1104991-1161-F.jpg
3253634647043;1104991;1161;https://content.morgandetoi.fr/el-corte-ingles/1104991-1161-F.jpg
3253634647135;1104991;992;https://content.morgandetoi.fr/el-corte-ingles/1104991-992-F.jpg
3253634647128;1104991;992;https://content.morgandetoi.fr/el-corte-ingles/1104991-992-F.jpg
3253634647111;1104991;992;https://content.morgandetoi.fr/el-corte-ingles/1104991-992-F.jpg
3253634647104;1104991;992;https://content.morgandetoi.fr/el-corte-ingles/1104991-992-F.jpg
3253634647098;1104991;992;https://content.morgandetoi.fr/el-corte-ingles/1104991-992-F.jpg
3253634650814;1105043;900;https://content.morgandetoi.fr/el-corte-ingles/1105043-900-F.jpg
3253634650791;1105043;900;https://content.morgandetoi.fr/el-corte-ingles/1105043-900-F.jpg
3253634650821;1105043;900;https://content.morgandetoi.fr/el-corte-ingles/1105043-900-F.jpg
3253634650845;1105043;900;https://content.morgandetoi.fr/el-corte-ingles/1105043-900-F.jpg
3253634650807;1105043;900;https://content.morgandetoi.fr/el-corte-ingles/1105043-900-F.jpg
3253634650838;1105043;900;https://content.morgandetoi.fr/el-corte-ingles/1105043-900-F.jpg
3253634643557;1104929;987;https://content.morgandetoi.fr/el-corte-ingles/1104929-987-F.jpg
3253634643564;1104929;987;https://content.morgandetoi.fr/el-corte-ingles/1104929-987-F.jpg
3253634643571;1104929;987;https://content.morgandetoi.fr/el-corte-ingles/1104929-987-F.jpg
3253634643533;1104929;987;https://content.morgandetoi.fr/el-corte-ingles/1104929-987-F.jpg
3253634643526;1104929;987;https://content.morgandetoi.fr/el-corte-ingles/1104929-987-F.jpg
3253634643540;1104929;987;https://content.morgandetoi.fr/el-corte-ingles/1104929-987-F.jpg
3253634650883;1105044;900;https://content.morgandetoi.fr/el-corte-ingles/1105044-900-F.jpg
3253634650869;1105044;900;https://content.morgandetoi.fr/el-corte-ingles/1105044-900-F.jpg
3253634650906;1105044;900;https://content.morgandetoi.fr/el-corte-ingles/1105044-900-F.jpg
3253634650876;1105044;900;https://content.morgandetoi.fr/el-corte-ingles/1105044-900-F.jpg
3253634650852;1105044;900;https://content.morgandetoi.fr/el-corte-ingles/1105044-900-F.jpg
3253634650890;1105044;900;https://content.morgandetoi.fr/el-corte-ingles/1105044-900-F.jpg
3253634647364;1104992;1145;https://content.morgandetoi.fr/el-corte-ingles/1104992-1145-F.jpg
3253634647357;1104992;1145;https://content.morgandetoi.fr/el-corte-ingles/1104992-1145-F.jpg
3253634647319;1104992;1145;https://content.morgandetoi.fr/el-corte-ingles/1104992-1145-F.jpg
3253634647340;1104992;1145;https://content.morgandetoi.fr/el-corte-ingles/1104992-1145-F.jpg
3253634647333;1104992;1145;https://content.morgandetoi.fr/el-corte-ingles/1104992-1145-F.jpg
3253634647326;1104992;1145;https://content.morgandetoi.fr/el-corte-ingles/1104992-1145-F.jpg
3253634650982;1105045;979;https://content.morgandetoi.fr/el-corte-ingles/1105045-979-F.jpg
3253634650999;1105045;979;https://content.morgandetoi.fr/el-corte-ingles/1105045-979-F.jpg
3253634650975;1105045;979;https://content.morgandetoi.fr/el-corte-ingles/1105045-979-F.jpg
3253634651019;1105045;979;https://content.morgandetoi.fr/el-corte-ingles/1105045-979-F.jpg
3253634651002;1105045;979;https://content.morgandetoi.fr/el-corte-ingles/1105045-979-F.jpg
3253634651026;1105045;979;https://content.morgandetoi.fr/el-corte-ingles/1105045-979-F.jpg
3253634643632;1104930;979;https://content.morgandetoi.fr/el-corte-ingles/1104930-979-F.jpg
3253634643625;1104930;979;https://content.morgandetoi.fr/el-corte-ingles/1104930-979-F.jpg
3253634643588;1104930;979;https://content.morgandetoi.fr/el-corte-ingles/1104930-979-F.jpg
3253634643601;1104930;979;https://content.morgandetoi.fr/el-corte-ingles/1104930-979-F.jpg
3253634643618;1104930;979;https://content.morgandetoi.fr/el-corte-ingles/1104930-979-F.jpg
3253634643595;1104930;979;https://content.morgandetoi.fr/el-corte-ingles/1104930-979-F.jpg
3253634647401;1104993;927;https://content.morgandetoi.fr/el-corte-ingles/1104993-927-F.jpg
3253634647425;1104993;927;https://content.morgandetoi.fr/el-corte-ingles/1104993-927-F.jpg
3253634647418;1104993;927;https://content.morgandetoi.fr/el-corte-ingles/1104993-927-F.jpg
3253634647371;1104993;927;https://content.morgandetoi.fr/el-corte-ingles/1104993-927-F.jpg
3253634647395;1104993;927;https://content.morgandetoi.fr/el-corte-ingles/1104993-927-F.jpg
3253634647388;1104993;927;https://content.morgandetoi.fr/el-corte-ingles/1104993-927-F.jpg
3253634647487;1104994;993;https://content.morgandetoi.fr/el-corte-ingles/1104994-993-F.jpg
3253634647449;1104994;993;https://content.morgandetoi.fr/el-corte-ingles/1104994-993-F.jpg
3253634647456;1104994;993;https://content.morgandetoi.fr/el-corte-ingles/1104994-993-F.jpg
3253634647463;1104994;993;https://content.morgandetoi.fr/el-corte-ingles/1104994-993-F.jpg
3253634647432;1104994;993;https://content.morgandetoi.fr/el-corte-ingles/1104994-993-F.jpg
3253634647470;1104994;993;https://content.morgandetoi.fr/el-corte-ingles/1104994-993-F.jpg
3253634643649;1104931;979;https://content.morgandetoi.fr/el-corte-ingles/1104931-979-F.jpg
3253634643687;1104931;979;https://content.morgandetoi.fr/el-corte-ingles/1104931-979-F.jpg
3253634643656;1104931;979;https://content.morgandetoi.fr/el-corte-ingles/1104931-979-F.jpg
3253634643694;1104931;979;https://content.morgandetoi.fr/el-corte-ingles/1104931-979-F.jpg
3253634643670;1104931;979;https://content.morgandetoi.fr/el-corte-ingles/1104931-979-F.jpg
3253634643663;1104931;979;https://content.morgandetoi.fr/el-corte-ingles/1104931-979-F.jpg
3253634651040;1105046;900;https://content.morgandetoi.fr/el-corte-ingles/1105046-900-F.jpg
3253634651064;1105046;900;https://content.morgandetoi.fr/el-corte-ingles/1105046-900-F.jpg
3253634651033;1105046;900;https://content.morgandetoi.fr/el-corte-ingles/1105046-900-F.jpg
3253634651088;1105046;900;https://content.morgandetoi.fr/el-corte-ingles/1105046-900-F.jpg
3253634651057;1105046;900;https://content.morgandetoi.fr/el-corte-ingles/1105046-900-F.jpg
3253634651071;1105046;900;https://content.morgandetoi.fr/el-corte-ingles/1105046-900-F.jpg
3253634647548;1104995;1043;https://content.morgandetoi.fr/el-corte-ingles/1104995-1043-F.jpg
3253634647494;1104995;1043;https://content.morgandetoi.fr/el-corte-ingles/1104995-1043-F.jpg
3253634647500;1104995;1043;https://content.morgandetoi.fr/el-corte-ingles/1104995-1043-F.jpg
3253634647524;1104995;1043;https://content.morgandetoi.fr/el-corte-ingles/1104995-1043-F.jpg
3253634647517;1104995;1043;https://content.morgandetoi.fr/el-corte-ingles/1104995-1043-F.jpg
3253634647531;1104995;1043;https://content.morgandetoi.fr/el-corte-ingles/1104995-1043-F.jpg
3253634643816;1104932;993;https://content.morgandetoi.fr/el-corte-ingles/1104932-993-F.jpg
3253634643793;1104932;993;https://content.morgandetoi.fr/el-corte-ingles/1104932-993-F.jpg
3253634643809;1104932;993;https://content.morgandetoi.fr/el-corte-ingles/1104932-993-F.jpg
3253634643786;1104932;993;https://content.morgandetoi.fr/el-corte-ingles/1104932-993-F.jpg
3253634643779;1104932;993;https://content.morgandetoi.fr/el-corte-ingles/1104932-993-F.jpg
3253634643762;1104932;993;https://content.morgandetoi.fr/el-corte-ingles/1104932-993-F.jpg
3253634651170;1105047;500;https://content.morgandetoi.fr/el-corte-ingles/1105047-500-F.jpg
3253634651194;1105047;500;https://content.morgandetoi.fr/el-corte-ingles/1105047-500-F.jpg
3253634651187;1105047;500;https://content.morgandetoi.fr/el-corte-ingles/1105047-500-F.jpg
3253634651163;1105047;500;https://content.morgandetoi.fr/el-corte-ingles/1105047-500-F.jpg
3253634651200;1105047;500;https://content.morgandetoi.fr/el-corte-ingles/1105047-500-F.jpg
3253634651156;1105047;500;https://content.morgandetoi.fr/el-corte-ingles/1105047-500-F.jpg
3253634651149;1105047;979;https://content.morgandetoi.fr/el-corte-ingles/1105047-979-F.jpg
3253634651118;1105047;979;https://content.morgandetoi.fr/el-corte-ingles/1105047-979-F.jpg
3253634651132;1105047;979;https://content.morgandetoi.fr/el-corte-ingles/1105047-979-F.jpg
3253634651095;1105047;979;https://content.morgandetoi.fr/el-corte-ingles/1105047-979-F.jpg
3253634651101;1105047;979;https://content.morgandetoi.fr/el-corte-ingles/1105047-979-F.jpg
3253634651125;1105047;979;https://content.morgandetoi.fr/el-corte-ingles/1105047-979-F.jpg
3253634643953;1104933;994;https://content.morgandetoi.fr/el-corte-ingles/1104933-994-F.jpg
3253634643991;1104933;994;https://content.morgandetoi.fr/el-corte-ingles/1104933-994-F.jpg
3253634643946;1104933;994;https://content.morgandetoi.fr/el-corte-ingles/1104933-994-F.jpg
3253634643977;1104933;994;https://content.morgandetoi.fr/el-corte-ingles/1104933-994-F.jpg
3253634643984;1104933;994;https://content.morgandetoi.fr/el-corte-ingles/1104933-994-F.jpg
3253634643960;1104933;994;https://content.morgandetoi.fr/el-corte-ingles/1104933-994-F.jpg
3253634647593;1104997;307;https://content.morgandetoi.fr/el-corte-ingles/1104997-307-F.jpg
3253634647586;1104997;307;https://content.morgandetoi.fr/el-corte-ingles/1104997-307-F.jpg
3253634647630;1104997;307;https://content.morgandetoi.fr/el-corte-ingles/1104997-307-F.jpg
3253634647616;1104997;307;https://content.morgandetoi.fr/el-corte-ingles/1104997-307-F.jpg
3253634647609;1104997;307;https://content.morgandetoi.fr/el-corte-ingles/1104997-307-F.jpg
3253634647623;1104997;307;https://content.morgandetoi.fr/el-corte-ingles/1104997-307-F.jpg
3253634651255;1105048;900;https://content.morgandetoi.fr/el-corte-ingles/1105048-900-F.jpg
3253634651262;1105048;900;https://content.morgandetoi.fr/el-corte-ingles/1105048-900-F.jpg
3253634651248;1105048;900;https://content.morgandetoi.fr/el-corte-ingles/1105048-900-F.jpg
3253634651231;1105048;900;https://content.morgandetoi.fr/el-corte-ingles/1105048-900-F.jpg
3253634651217;1105048;900;https://content.morgandetoi.fr/el-corte-ingles/1105048-900-F.jpg
3253634651224;1105048;900;https://content.morgandetoi.fr/el-corte-ingles/1105048-900-F.jpg
3253634647791;1104998;1023;https://content.morgandetoi.fr/el-corte-ingles/1104998-1023-F.jpg
3253634647777;1104998;1023;https://content.morgandetoi.fr/el-corte-ingles/1104998-1023-F.jpg
3253634647760;1104998;1023;https://content.morgandetoi.fr/el-corte-ingles/1104998-1023-F.jpg
3253634647784;1104998;1023;https://content.morgandetoi.fr/el-corte-ingles/1104998-1023-F.jpg
3253634647807;1104998;1023;https://content.morgandetoi.fr/el-corte-ingles/1104998-1023-F.jpg
3253634644042;1104934;987;https://content.morgandetoi.fr/el-corte-ingles/1104934-987-F.jpg
3253634644004;1104934;987;https://content.morgandetoi.fr/el-corte-ingles/1104934-987-F.jpg
3253634644011;1104934;987;https://content.morgandetoi.fr/el-corte-ingles/1104934-987-F.jpg
3253634644059;1104934;987;https://content.morgandetoi.fr/el-corte-ingles/1104934-987-F.jpg
3253634644028;1104934;987;https://content.morgandetoi.fr/el-corte-ingles/1104934-987-F.jpg
3253634644035;1104934;987;https://content.morgandetoi.fr/el-corte-ingles/1104934-987-F.jpg
3253634651286;1105049;900;https://content.morgandetoi.fr/el-corte-ingles/1105049-900-F.jpg
3253634651323;1105049;900;https://content.morgandetoi.fr/el-corte-ingles/1105049-900-F.jpg
3253634651316;1105049;900;https://content.morgandetoi.fr/el-corte-ingles/1105049-900-F.jpg
3253634651309;1105049;900;https://content.morgandetoi.fr/el-corte-ingles/1105049-900-F.jpg
3253634651279;1105049;900;https://content.morgandetoi.fr/el-corte-ingles/1105049-900-F.jpg
3253634651293;1105049;900;https://content.morgandetoi.fr/el-corte-ingles/1105049-900-F.jpg
3253634644103;1104935;931;https://content.morgandetoi.fr/el-corte-ingles/1104935-931-F.jpg
3253634644097;1104935;931;https://content.morgandetoi.fr/el-corte-ingles/1104935-931-F.jpg
3253634644073;1104935;931;https://content.morgandetoi.fr/el-corte-ingles/1104935-931-F.jpg
3253634644080;1104935;931;https://content.morgandetoi.fr/el-corte-ingles/1104935-931-F.jpg
3253634644110;1104935;931;https://content.morgandetoi.fr/el-corte-ingles/1104935-931-F.jpg
3253634644066;1104935;931;https://content.morgandetoi.fr/el-corte-ingles/1104935-931-F.jpg
3253634644158;1104936;900;https://content.morgandetoi.fr/el-corte-ingles/1104936-900-F.jpg
3253634644165;1104936;900;https://content.morgandetoi.fr/el-corte-ingles/1104936-900-F.jpg
3253634644141;1104936;900;https://content.morgandetoi.fr/el-corte-ingles/1104936-900-F.jpg
3253634644127;1104936;900;https://content.morgandetoi.fr/el-corte-ingles/1104936-900-F.jpg
3253634644134;1104936;900;https://content.morgandetoi.fr/el-corte-ingles/1104936-900-F.jpg
3253634644172;1104936;900;https://content.morgandetoi.fr/el-corte-ingles/1104936-900-F.jpg
3253634651347;1105051;900;https://content.morgandetoi.fr/el-corte-ingles/1105051-900-F.jpg
3253634651385;1105051;900;https://content.morgandetoi.fr/el-corte-ingles/1105051-900-F.jpg
3253634651361;1105051;900;https://content.morgandetoi.fr/el-corte-ingles/1105051-900-F.jpg
3253634651354;1105051;900;https://content.morgandetoi.fr/el-corte-ingles/1105051-900-F.jpg
3253634651330;1105051;900;https://content.morgandetoi.fr/el-corte-ingles/1105051-900-F.jpg
3253634651378;1105051;900;https://content.morgandetoi.fr/el-corte-ingles/1105051-900-F.jpg
3253634647968;1105003;992;https://content.morgandetoi.fr/el-corte-ingles/1105003-992-F.jpg
3253634647913;1105003;992;https://content.morgandetoi.fr/el-corte-ingles/1105003-992-F.jpg
3253634647937;1105003;992;https://content.morgandetoi.fr/el-corte-ingles/1105003-992-F.jpg
3253634647944;1105003;992;https://content.morgandetoi.fr/el-corte-ingles/1105003-992-F.jpg
3253634647920;1105003;992;https://content.morgandetoi.fr/el-corte-ingles/1105003-992-F.jpg
3253634647951;1105003;992;https://content.morgandetoi.fr/el-corte-ingles/1105003-992-F.jpg
3253634644196;1104937;1153;https://content.morgandetoi.fr/el-corte-ingles/1104937-1153-F.jpg
3253634644219;1104937;1153;https://content.morgandetoi.fr/el-corte-ingles/1104937-1153-F.jpg
3253634644189;1104937;1153;https://content.morgandetoi.fr/el-corte-ingles/1104937-1153-F.jpg
3253634644233;1104937;1153;https://content.morgandetoi.fr/el-corte-ingles/1104937-1153-F.jpg
3253634644202;1104937;1153;https://content.morgandetoi.fr/el-corte-ingles/1104937-1153-F.jpg
3253634644226;1104937;1153;https://content.morgandetoi.fr/el-corte-ingles/1104937-1153-F.jpg
3253634651439;1105052;1105;https://content.morgandetoi.fr/el-corte-ingles/1105052-1105-F.jpg
3253634651408;1105052;1105;https://content.morgandetoi.fr/el-corte-ingles/1105052-1105-F.jpg
3253634651415;1105052;1105;https://content.morgandetoi.fr/el-corte-ingles/1105052-1105-F.jpg
3253634651392;1105052;1105;https://content.morgandetoi.fr/el-corte-ingles/1105052-1105-F.jpg
3253634651446;1105052;1105;https://content.morgandetoi.fr/el-corte-ingles/1105052-1105-F.jpg
3253634651422;1105052;1105;https://content.morgandetoi.fr/el-corte-ingles/1105052-1105-F.jpg
3253634648064;1105004;993;https://content.morgandetoi.fr/el-corte-ingles/1105004-993-F.jpg
3253634648088;1105004;993;https://content.morgandetoi.fr/el-corte-ingles/1105004-993-F.jpg
3253634648057;1105004;993;https://content.morgandetoi.fr/el-corte-ingles/1105004-993-F.jpg
3253634648071;1105004;993;https://content.morgandetoi.fr/el-corte-ingles/1105004-993-F.jpg
3253634648040;1105004;993;https://content.morgandetoi.fr/el-corte-ingles/1105004-993-F.jpg
3253634648033;1105004;993;https://content.morgandetoi.fr/el-corte-ingles/1105004-993-F.jpg
3253634651484;1105053;900;https://content.morgandetoi.fr/el-corte-ingles/1105053-900-F.jpg
3253634651491;1105053;900;https://content.morgandetoi.fr/el-corte-ingles/1105053-900-F.jpg
3253634651453;1105053;900;https://content.morgandetoi.fr/el-corte-ingles/1105053-900-F.jpg
3253634651460;1105053;900;https://content.morgandetoi.fr/el-corte-ingles/1105053-900-F.jpg
3253634651507;1105053;900;https://content.morgandetoi.fr/el-corte-ingles/1105053-900-F.jpg
3253634651477;1105053;900;https://content.morgandetoi.fr/el-corte-ingles/1105053-900-F.jpg
3253634648118;1105005;900;https://content.morgandetoi.fr/el-corte-ingles/1105005-900-F.jpg
3253634648125;1105005;900;https://content.morgandetoi.fr/el-corte-ingles/1105005-900-F.jpg
3253634648101;1105005;900;https://content.morgandetoi.fr/el-corte-ingles/1105005-900-F.jpg
3253634648132;1105005;900;https://content.morgandetoi.fr/el-corte-ingles/1105005-900-F.jpg
3253634648095;1105005;900;https://content.morgandetoi.fr/el-corte-ingles/1105005-900-F.jpg
3253634644257;1104939;1145;https://content.morgandetoi.fr/el-corte-ingles/1104939-1145-F.jpg
3253634644271;1104939;1145;https://content.morgandetoi.fr/el-corte-ingles/1104939-1145-F.jpg
3253634644295;1104939;1145;https://content.morgandetoi.fr/el-corte-ingles/1104939-1145-F.jpg
3253634644288;1104939;1145;https://content.morgandetoi.fr/el-corte-ingles/1104939-1145-F.jpg
3253634644264;1104939;1145;https://content.morgandetoi.fr/el-corte-ingles/1104939-1145-F.jpg
3253634651569;1105054;900;https://content.morgandetoi.fr/el-corte-ingles/1105054-900-F.jpg
3253634651545;1105054;900;https://content.morgandetoi.fr/el-corte-ingles/1105054-900-F.jpg
3253634651538;1105054;900;https://content.morgandetoi.fr/el-corte-ingles/1105054-900-F.jpg
3253634651514;1105054;900;https://content.morgandetoi.fr/el-corte-ingles/1105054-900-F.jpg
3253634651552;1105054;900;https://content.morgandetoi.fr/el-corte-ingles/1105054-900-F.jpg
3253634651521;1105054;900;https://content.morgandetoi.fr/el-corte-ingles/1105054-900-F.jpg
3253634648187;1105006;900;https://content.morgandetoi.fr/el-corte-ingles/1105006-900-F.jpg
3253634648156;1105006;900;https://content.morgandetoi.fr/el-corte-ingles/1105006-900-F.jpg
3253634648149;1105006;900;https://content.morgandetoi.fr/el-corte-ingles/1105006-900-F.jpg
3253634648163;1105006;900;https://content.morgandetoi.fr/el-corte-ingles/1105006-900-F.jpg
3253634648170;1105006;900;https://content.morgandetoi.fr/el-corte-ingles/1105006-900-F.jpg
3253634651590;1105055;900;https://content.morgandetoi.fr/el-corte-ingles/1105055-900-F.jpg
3253634651583;1105055;900;https://content.morgandetoi.fr/el-corte-ingles/1105055-900-F.jpg
3253634651606;1105055;900;https://content.morgandetoi.fr/el-corte-ingles/1105055-900-F.jpg
3253634651576;1105055;900;https://content.morgandetoi.fr/el-corte-ingles/1105055-900-F.jpg
3253634651613;1105055;900;https://content.morgandetoi.fr/el-corte-ingles/1105055-900-F.jpg
3253634651620;1105055;900;https://content.morgandetoi.fr/el-corte-ingles/1105055-900-F.jpg
3253634648279;1105008;931;https://content.morgandetoi.fr/el-corte-ingles/1105008-931-F.jpg
3253634648262;1105008;931;https://content.morgandetoi.fr/el-corte-ingles/1105008-931-F.jpg
3253634648286;1105008;931;https://content.morgandetoi.fr/el-corte-ingles/1105008-931-F.jpg
3253634648255;1105008;931;https://content.morgandetoi.fr/el-corte-ingles/1105008-931-F.jpg
3253634648248;1105008;931;https://content.morgandetoi.fr/el-corte-ingles/1105008-931-F.jpg
3253634644400;1104941;993;https://content.morgandetoi.fr/el-corte-ingles/1104941-993-F.jpg
3253634644356;1104941;993;https://content.morgandetoi.fr/el-corte-ingles/1104941-993-F.jpg
3253634644363;1104941;993;https://content.morgandetoi.fr/el-corte-ingles/1104941-993-F.jpg
3253634644370;1104941;993;https://content.morgandetoi.fr/el-corte-ingles/1104941-993-F.jpg
3253634644387;1104941;993;https://content.morgandetoi.fr/el-corte-ingles/1104941-993-F.jpg
3253634644394;1104941;993;https://content.morgandetoi.fr/el-corte-ingles/1104941-993-F.jpg
3253634651705;1105056;900;https://content.morgandetoi.fr/el-corte-ingles/1105056-900-F.jpg
3253634651699;1105056;900;https://content.morgandetoi.fr/el-corte-ingles/1105056-900-F.jpg
3253634651729;1105056;900;https://content.morgandetoi.fr/el-corte-ingles/1105056-900-F.jpg
3253634651736;1105056;900;https://content.morgandetoi.fr/el-corte-ingles/1105056-900-F.jpg
3253634651712;1105056;900;https://content.morgandetoi.fr/el-corte-ingles/1105056-900-F.jpg
3253634651743;1105056;900;https://content.morgandetoi.fr/el-corte-ingles/1105056-900-F.jpg
3253634648330;1105009;900;https://content.morgandetoi.fr/el-corte-ingles/1105009-900-F.jpg
3253634648309;1105009;900;https://content.morgandetoi.fr/el-corte-ingles/1105009-900-F.jpg
3253634648316;1105009;900;https://content.morgandetoi.fr/el-corte-ingles/1105009-900-F.jpg
3253634648323;1105009;900;https://content.morgandetoi.fr/el-corte-ingles/1105009-900-F.jpg
3253634648293;1105009;900;https://content.morgandetoi.fr/el-corte-ingles/1105009-900-F.jpg
3253634641706;1104900;979;https://content.morgandetoi.fr/el-corte-ingles/1104900-979-F.jpg
3253634641720;1104900;979;https://content.morgandetoi.fr/el-corte-ingles/1104900-979-F.jpg
3253634641751;1104900;979;https://content.morgandetoi.fr/el-corte-ingles/1104900-979-F.jpg
3253634641744;1104900;979;https://content.morgandetoi.fr/el-corte-ingles/1104900-979-F.jpg
3253634641737;1104900;979;https://content.morgandetoi.fr/el-corte-ingles/1104900-979-F.jpg
3253634641713;1104900;979;https://content.morgandetoi.fr/el-corte-ingles/1104900-979-F.jpg
3253634651774;1105059;900;https://content.morgandetoi.fr/el-corte-ingles/1105059-900-F.jpg
3253634651804;1105059;900;https://content.morgandetoi.fr/el-corte-ingles/1105059-900-F.jpg
3253634651811;1105059;900;https://content.morgandetoi.fr/el-corte-ingles/1105059-900-F.jpg
3253634651767;1105059;900;https://content.morgandetoi.fr/el-corte-ingles/1105059-900-F.jpg
3253634651781;1105059;900;https://content.morgandetoi.fr/el-corte-ingles/1105059-900-F.jpg
3253634651798;1105059;900;https://content.morgandetoi.fr/el-corte-ingles/1105059-900-F.jpg
3253634648446;1105010;931;https://content.morgandetoi.fr/el-corte-ingles/1105010-931-F.jpg
3253634648439;1105010;931;https://content.morgandetoi.fr/el-corte-ingles/1105010-931-F.jpg
3253634648408;1105010;931;https://content.morgandetoi.fr/el-corte-ingles/1105010-931-F.jpg
3253634648415;1105010;931;https://content.morgandetoi.fr/el-corte-ingles/1105010-931-F.jpg
3253634648422;1105010;931;https://content.morgandetoi.fr/el-corte-ingles/1105010-931-F.jpg
3253634644523;1104943;927;https://content.morgandetoi.fr/el-corte-ingles/1104943-927-F.jpg
3253634644516;1104943;927;https://content.morgandetoi.fr/el-corte-ingles/1104943-927-F.jpg
3253634644486;1104943;927;https://content.morgandetoi.fr/el-corte-ingles/1104943-927-F.jpg
3253634644493;1104943;927;https://content.morgandetoi.fr/el-corte-ingles/1104943-927-F.jpg
3253634644509;1104943;927;https://content.morgandetoi.fr/el-corte-ingles/1104943-927-F.jpg
3253634644479;1104943;927;https://content.morgandetoi.fr/el-corte-ingles/1104943-927-F.jpg
3253634648491;1105011;900;https://content.morgandetoi.fr/el-corte-ingles/1105011-900-F.jpg
3253634648460;1105011;900;https://content.morgandetoi.fr/el-corte-ingles/1105011-900-F.jpg
3253634648484;1105011;900;https://content.morgandetoi.fr/el-corte-ingles/1105011-900-F.jpg
3253634648453;1105011;900;https://content.morgandetoi.fr/el-corte-ingles/1105011-900-F.jpg
3253634648477;1105011;900;https://content.morgandetoi.fr/el-corte-ingles/1105011-900-F.jpg
3253634642086;1104901;900;https://content.morgandetoi.fr/el-corte-ingles/1104901-900-F.jpg
3253634642093;1104901;900;https://content.morgandetoi.fr/el-corte-ingles/1104901-900-F.jpg
3253634642116;1104901;900;https://content.morgandetoi.fr/el-corte-ingles/1104901-900-F.jpg
3253634642062;1104901;900;https://content.morgandetoi.fr/el-corte-ingles/1104901-900-F.jpg
3253634642109;1104901;900;https://content.morgandetoi.fr/el-corte-ingles/1104901-900-F.jpg
3253634642079;1104901;900;https://content.morgandetoi.fr/el-corte-ingles/1104901-900-F.jpg
3253634648507;1105012;900;https://content.morgandetoi.fr/el-corte-ingles/1105012-900-F.jpg
3253634648538;1105012;900;https://content.morgandetoi.fr/el-corte-ingles/1105012-900-F.jpg
3253634648521;1105012;900;https://content.morgandetoi.fr/el-corte-ingles/1105012-900-F.jpg
3253634648552;1105012;900;https://content.morgandetoi.fr/el-corte-ingles/1105012-900-F.jpg
3253634648545;1105012;900;https://content.morgandetoi.fr/el-corte-ingles/1105012-900-F.jpg
3253634648514;1105012;900;https://content.morgandetoi.fr/el-corte-ingles/1105012-900-F.jpg
3253634648590;1105013;900;https://content.morgandetoi.fr/el-corte-ingles/1105013-900-F.jpg
3253634648569;1105013;900;https://content.morgandetoi.fr/el-corte-ingles/1105013-900-F.jpg
3253634648606;1105013;900;https://content.morgandetoi.fr/el-corte-ingles/1105013-900-F.jpg
3253634648576;1105013;900;https://content.morgandetoi.fr/el-corte-ingles/1105013-900-F.jpg
3253634648583;1105013;900;https://content.morgandetoi.fr/el-corte-ingles/1105013-900-F.jpg
3253634648613;1105013;900;https://content.morgandetoi.fr/el-corte-ingles/1105013-900-F.jpg
3253634644554;1104946;995;https://content.morgandetoi.fr/el-corte-ingles/1104946-995-F.jpg
3253634644592;1104946;995;https://content.morgandetoi.fr/el-corte-ingles/1104946-995-F.jpg
3253634644578;1104946;995;https://content.morgandetoi.fr/el-corte-ingles/1104946-995-F.jpg
3253634644561;1104946;995;https://content.morgandetoi.fr/el-corte-ingles/1104946-995-F.jpg
3253634644585;1104946;995;https://content.morgandetoi.fr/el-corte-ingles/1104946-995-F.jpg
3253634644608;1104946;995;https://content.morgandetoi.fr/el-corte-ingles/1104946-995-F.jpg
3253634648774;1105014;900;https://content.morgandetoi.fr/el-corte-ingles/1105014-900-F.jpg
3253634648750;1105014;900;https://content.morgandetoi.fr/el-corte-ingles/1105014-900-F.jpg
3253634648743;1105014;900;https://content.morgandetoi.fr/el-corte-ingles/1105014-900-F.jpg
3253634648736;1105014;900;https://content.morgandetoi.fr/el-corte-ingles/1105014-900-F.jpg
3253634648767;1105014;900;https://content.morgandetoi.fr/el-corte-ingles/1105014-900-F.jpg
3253634648729;1105014;900;https://content.morgandetoi.fr/el-corte-ingles/1105014-900-F.jpg
3253634644639;1104947;927;https://content.morgandetoi.fr/el-corte-ingles/1104947-927-F.jpg
3253634644615;1104947;927;https://content.morgandetoi.fr/el-corte-ingles/1104947-927-F.jpg
3253634644622;1104947;927;https://content.morgandetoi.fr/el-corte-ingles/1104947-927-F.jpg
3253634644646;1104947;927;https://content.morgandetoi.fr/el-corte-ingles/1104947-927-F.jpg
3253634644660;1104947;927;https://content.morgandetoi.fr/el-corte-ingles/1104947-927-F.jpg
3253634644653;1104947;927;https://content.morgandetoi.fr/el-corte-ingles/1104947-927-F.jpg
3253634642161;1104902;979;https://content.morgandetoi.fr/el-corte-ingles/1104902-979-F.jpg
3253634642130;1104902;979;https://content.morgandetoi.fr/el-corte-ingles/1104902-979-F.jpg
3253634642147;1104902;979;https://content.morgandetoi.fr/el-corte-ingles/1104902-979-F.jpg
3253634642154;1104902;979;https://content.morgandetoi.fr/el-corte-ingles/1104902-979-F.jpg
3253634642178;1104902;979;https://content.morgandetoi.fr/el-corte-ingles/1104902-979-F.jpg
3253634642123;1104902;979;https://content.morgandetoi.fr/el-corte-ingles/1104902-979-F.jpg
3253634648781;1105015;900;https://content.morgandetoi.fr/el-corte-ingles/1105015-900-F.jpg
3253634648798;1105015;900;https://content.morgandetoi.fr/el-corte-ingles/1105015-900-F.jpg
3253634648828;1105015;900;https://content.morgandetoi.fr/el-corte-ingles/1105015-900-F.jpg
3253634648811;1105015;900;https://content.morgandetoi.fr/el-corte-ingles/1105015-900-F.jpg
3253634648804;1105015;900;https://content.morgandetoi.fr/el-corte-ingles/1105015-900-F.jpg
3253634648934;1105016;900;https://content.morgandetoi.fr/el-corte-ingles/1105016-900-F.jpg
3253634648910;1105016;900;https://content.morgandetoi.fr/el-corte-ingles/1105016-900-F.jpg
3253634648897;1105016;900;https://content.morgandetoi.fr/el-corte-ingles/1105016-900-F.jpg
3253634648927;1105016;900;https://content.morgandetoi.fr/el-corte-ingles/1105016-900-F.jpg
3253634648941;1105016;900;https://content.morgandetoi.fr/el-corte-ingles/1105016-900-F.jpg
3253634648903;1105016;900;https://content.morgandetoi.fr/el-corte-ingles/1105016-900-F.jpg
3253634649108;1105017;993;https://content.morgandetoi.fr/el-corte-ingles/1105017-993-F.jpg
3253634649078;1105017;993;https://content.morgandetoi.fr/el-corte-ingles/1105017-993-F.jpg
3253634649122;1105017;993;https://content.morgandetoi.fr/el-corte-ingles/1105017-993-F.jpg
3253634649085;1105017;993;https://content.morgandetoi.fr/el-corte-ingles/1105017-993-F.jpg
3253634649115;1105017;993;https://content.morgandetoi.fr/el-corte-ingles/1105017-993-F.jpg
3253634649092;1105017;993;https://content.morgandetoi.fr/el-corte-ingles/1105017-993-F.jpg
3253634649030;1105017;995;https://content.morgandetoi.fr/el-corte-ingles/1105017-995-F.jpg
3253634649047;1105017;995;https://content.morgandetoi.fr/el-corte-ingles/1105017-995-F.jpg
3253634649054;1105017;995;https://content.morgandetoi.fr/el-corte-ingles/1105017-995-F.jpg
3253634649016;1105017;995;https://content.morgandetoi.fr/el-corte-ingles/1105017-995-F.jpg
3253634649061;1105017;995;https://content.morgandetoi.fr/el-corte-ingles/1105017-995-F.jpg
3253634649023;1105017;995;https://content.morgandetoi.fr/el-corte-ingles/1105017-995-F.jpg
3253634642222;1104903;1156;https://content.morgandetoi.fr/el-corte-ingles/1104903-1156-F.jpg
3253634642208;1104903;1156;https://content.morgandetoi.fr/el-corte-ingles/1104903-1156-F.jpg
3253634642215;1104903;1156;https://content.morgandetoi.fr/el-corte-ingles/1104903-1156-F.jpg
3253634642239;1104903;1156;https://content.morgandetoi.fr/el-corte-ingles/1104903-1156-F.jpg
3253634642192;1104903;1156;https://content.morgandetoi.fr/el-corte-ingles/1104903-1156-F.jpg
3253634642185;1104903;1156;https://content.morgandetoi.fr/el-corte-ingles/1104903-1156-F.jpg
3253634644844;1104952;307;https://content.morgandetoi.fr/el-corte-ingles/1104952-307-F.jpg
3253634644813;1104952;307;https://content.morgandetoi.fr/el-corte-ingles/1104952-307-F.jpg
3253634644820;1104952;307;https://content.morgandetoi.fr/el-corte-ingles/1104952-307-F.jpg
3253634644790;1104952;307;https://content.morgandetoi.fr/el-corte-ingles/1104952-307-F.jpg
3253634644837;1104952;307;https://content.morgandetoi.fr/el-corte-ingles/1104952-307-F.jpg
3253634644806;1104952;307;https://content.morgandetoi.fr/el-corte-ingles/1104952-307-F.jpg
3253634649146;1105018;900;https://content.morgandetoi.fr/el-corte-ingles/1105018-900-F.jpg
3253634649153;1105018;900;https://content.morgandetoi.fr/el-corte-ingles/1105018-900-F.jpg
3253634649160;1105018;900;https://content.morgandetoi.fr/el-corte-ingles/1105018-900-F.jpg
3253634649177;1105018;900;https://content.morgandetoi.fr/el-corte-ingles/1105018-900-F.jpg
3253634649184;1105018;900;https://content.morgandetoi.fr/el-corte-ingles/1105018-900-F.jpg
3253634649139;1105018;900;https://content.morgandetoi.fr/el-corte-ingles/1105018-900-F.jpg
3253634649214;1105019;900;https://content.morgandetoi.fr/el-corte-ingles/1105019-900-F.jpg
3253634649221;1105019;900;https://content.morgandetoi.fr/el-corte-ingles/1105019-900-F.jpg
3253634649191;1105019;900;https://content.morgandetoi.fr/el-corte-ingles/1105019-900-F.jpg
3253634649238;1105019;900;https://content.morgandetoi.fr/el-corte-ingles/1105019-900-F.jpg
3253634649207;1105019;900;https://content.morgandetoi.fr/el-corte-ingles/1105019-900-F.jpg
3253634642291;1104904;931;https://content.morgandetoi.fr/el-corte-ingles/1104904-931-F.jpg
3253634642260;1104904;931;https://content.morgandetoi.fr/el-corte-ingles/1104904-931-F.jpg
3253634642253;1104904;931;https://content.morgandetoi.fr/el-corte-ingles/1104904-931-F.jpg
3253634642277;1104904;931;https://content.morgandetoi.fr/el-corte-ingles/1104904-931-F.jpg
3253634642246;1104904;931;https://content.morgandetoi.fr/el-corte-ingles/1104904-931-F.jpg
3253634642284;1104904;931;https://content.morgandetoi.fr/el-corte-ingles/1104904-931-F.jpg
3253634644943;1104954;1105;https://content.morgandetoi.fr/el-corte-ingles/1104954-1105-F.jpg
3253634644912;1104954;1105;https://content.morgandetoi.fr/el-corte-ingles/1104954-1105-F.jpg
3253634644967;1104954;1105;https://content.morgandetoi.fr/el-corte-ingles/1104954-1105-F.jpg
3253634644950;1104954;1105;https://content.morgandetoi.fr/el-corte-ingles/1104954-1105-F.jpg
3253634644929;1104954;1105;https://content.morgandetoi.fr/el-corte-ingles/1104954-1105-F.jpg
3253634644936;1104954;1105;https://content.morgandetoi.fr/el-corte-ingles/1104954-1105-F.jpg
3253634649276;1105020;900;https://content.morgandetoi.fr/el-corte-ingles/1105020-900-F.jpg
3253634649283;1105020;900;https://content.morgandetoi.fr/el-corte-ingles/1105020-900-F.jpg
3253634649245;1105020;900;https://content.morgandetoi.fr/el-corte-ingles/1105020-900-F.jpg
3253634649252;1105020;900;https://content.morgandetoi.fr/el-corte-ingles/1105020-900-F.jpg
3253634649269;1105020;900;https://content.morgandetoi.fr/el-corte-ingles/1105020-900-F.jpg
3253634649474;1105021;1145;https://content.morgandetoi.fr/el-corte-ingles/1105021-1145-F.jpg
3253634649504;1105021;1145;https://content.morgandetoi.fr/el-corte-ingles/1105021-1145-F.jpg
3253634649498;1105021;1145;https://content.morgandetoi.fr/el-corte-ingles/1105021-1145-F.jpg
3253634649528;1105021;1145;https://content.morgandetoi.fr/el-corte-ingles/1105021-1145-F.jpg
3253634649511;1105021;1145;https://content.morgandetoi.fr/el-corte-ingles/1105021-1145-F.jpg
3253634649481;1105021;1145;https://content.morgandetoi.fr/el-corte-ingles/1105021-1145-F.jpg
3253634687179;1105021;1203;https://content.morgandetoi.fr/el-corte-ingles/1105021-1203-F.jpg
3253634687124;1105021;1203;https://content.morgandetoi.fr/el-corte-ingles/1105021-1203-F.jpg
3253634687209;1105021;1203;https://content.morgandetoi.fr/el-corte-ingles/1105021-1203-F.jpg
3253634687193;1105021;1203;https://content.morgandetoi.fr/el-corte-ingles/1105021-1203-F.jpg
3253634687216;1105021;1203;https://content.morgandetoi.fr/el-corte-ingles/1105021-1203-F.jpg
3253634687186;1105021;1203;https://content.morgandetoi.fr/el-corte-ingles/1105021-1203-F.jpg
3253634686387;1105021;1198;https://content.morgandetoi.fr/el-corte-ingles/1105021-1198-F.jpg
3253634686400;1105021;1198;https://content.morgandetoi.fr/el-corte-ingles/1105021-1198-F.jpg
3253634686394;1105021;1198;https://content.morgandetoi.fr/el-corte-ingles/1105021-1198-F.jpg
3253634686370;1105021;1198;https://content.morgandetoi.fr/el-corte-ingles/1105021-1198-F.jpg
3253634686363;1105021;1198;https://content.morgandetoi.fr/el-corte-ingles/1105021-1198-F.jpg
3253634686264;1105021;1198;https://content.morgandetoi.fr/el-corte-ingles/1105021-1198-F.jpg
3253634686431;1105021;1200;https://content.morgandetoi.fr/el-corte-ingles/1105021-1200-F.jpg
3253634686455;1105021;1200;https://content.morgandetoi.fr/el-corte-ingles/1105021-1200-F.jpg
3253634686448;1105021;1200;https://content.morgandetoi.fr/el-corte-ingles/1105021-1200-F.jpg
3253634686417;1105021;1200;https://content.morgandetoi.fr/el-corte-ingles/1105021-1200-F.jpg
3253634686424;1105021;1200;https://content.morgandetoi.fr/el-corte-ingles/1105021-1200-F.jpg
3253634686271;1105021;1200;https://content.morgandetoi.fr/el-corte-ingles/1105021-1200-F.jpg
3253634693392;1105021;1118;https://content.morgandetoi.fr/el-corte-ingles/1105021-1118-F.jpg
3253634693439;1105021;1118;https://content.morgandetoi.fr/el-corte-ingles/1105021-1118-F.jpg
3253634693415;1105021;1118;https://content.morgandetoi.fr/el-corte-ingles/1105021-1118-F.jpg
3253634693422;1105021;1118;https://content.morgandetoi.fr/el-corte-ingles/1105021-1118-F.jpg
3253634693408;1105021;1118;https://content.morgandetoi.fr/el-corte-ingles/1105021-1118-F.jpg
3253634693385;1105021;1118;https://content.morgandetoi.fr/el-corte-ingles/1105021-1118-F.jpg
3253634645056;1104956;987;https://content.morgandetoi.fr/el-corte-ingles/1104956-987-F.jpg
3253634645063;1104956;987;https://content.morgandetoi.fr/el-corte-ingles/1104956-987-F.jpg
3253634645032;1104956;987;https://content.morgandetoi.fr/el-corte-ingles/1104956-987-F.jpg
3253634645049;1104956;987;https://content.morgandetoi.fr/el-corte-ingles/1104956-987-F.jpg
3253634645025;1104956;987;https://content.morgandetoi.fr/el-corte-ingles/1104956-987-F.jpg
3253634645070;1104956;987;https://content.morgandetoi.fr/el-corte-ingles/1104956-987-F.jpg
3253634649559;1105022;931;https://content.morgandetoi.fr/el-corte-ingles/1105022-931-F.jpg
3253634649580;1105022;931;https://content.morgandetoi.fr/el-corte-ingles/1105022-931-F.jpg
3253634649566;1105022;931;https://content.morgandetoi.fr/el-corte-ingles/1105022-931-F.jpg
3253634649535;1105022;931;https://content.morgandetoi.fr/el-corte-ingles/1105022-931-F.jpg
3253634649573;1105022;931;https://content.morgandetoi.fr/el-corte-ingles/1105022-931-F.jpg
3253634649542;1105022;931;https://content.morgandetoi.fr/el-corte-ingles/1105022-931-F.jpg
3253634645087;1104957;992;https://content.morgandetoi.fr/el-corte-ingles/1104957-992-F.jpg
3253634645100;1104957;992;https://content.morgandetoi.fr/el-corte-ingles/1104957-992-F.jpg
3253634645094;1104957;992;https://content.morgandetoi.fr/el-corte-ingles/1104957-992-F.jpg
3253634645131;1104957;992;https://content.morgandetoi.fr/el-corte-ingles/1104957-992-F.jpg
3253634645117;1104957;992;https://content.morgandetoi.fr/el-corte-ingles/1104957-992-F.jpg
3253634645124;1104957;992;https://content.morgandetoi.fr/el-corte-ingles/1104957-992-F.jpg
3253634649627;1105023;900;https://content.morgandetoi.fr/el-corte-ingles/1105023-900-F.jpg
3253634649610;1105023;900;https://content.morgandetoi.fr/el-corte-ingles/1105023-900-F.jpg
3253634649603;1105023;900;https://content.morgandetoi.fr/el-corte-ingles/1105023-900-F.jpg
3253634649597;1105023;900;https://content.morgandetoi.fr/el-corte-ingles/1105023-900-F.jpg
3253634649634;1105023;900;https://content.morgandetoi.fr/el-corte-ingles/1105023-900-F.jpg
3253634645377;1104958;969;https://content.morgandetoi.fr/el-corte-ingles/1104958-969-F.jpg
3253634645322;1104958;969;https://content.morgandetoi.fr/el-corte-ingles/1104958-969-F.jpg
3253634645360;1104958;969;https://content.morgandetoi.fr/el-corte-ingles/1104958-969-F.jpg
3253634645339;1104958;969;https://content.morgandetoi.fr/el-corte-ingles/1104958-969-F.jpg
3253634645353;1104958;969;https://content.morgandetoi.fr/el-corte-ingles/1104958-969-F.jpg
3253634645346;1104958;969;https://content.morgandetoi.fr/el-corte-ingles/1104958-969-F.jpg
3253634645438;1104961;1105;https://content.morgandetoi.fr/el-corte-ingles/1104961-1105-F.jpg
3253634645476;1104961;1105;https://content.morgandetoi.fr/el-corte-ingles/1104961-1105-F.jpg
3253634645452;1104961;1105;https://content.morgandetoi.fr/el-corte-ingles/1104961-1105-F.jpg
3253634645421;1104961;1105;https://content.morgandetoi.fr/el-corte-ingles/1104961-1105-F.jpg
3253634645469;1104961;1105;https://content.morgandetoi.fr/el-corte-ingles/1104961-1105-F.jpg
3253634645445;1104961;1105;https://content.morgandetoi.fr/el-corte-ingles/1104961-1105-F.jpg
3253634645483;1104962;931;https://content.morgandetoi.fr/el-corte-ingles/1104962-931-F.jpg
3253634645490;1104962;931;https://content.morgandetoi.fr/el-corte-ingles/1104962-931-F.jpg
3253634645520;1104962;931;https://content.morgandetoi.fr/el-corte-ingles/1104962-931-F.jpg
3253634645513;1104962;931;https://content.morgandetoi.fr/el-corte-ingles/1104962-931-F.jpg
3253634645537;1104962;931;https://content.morgandetoi.fr/el-corte-ingles/1104962-931-F.jpg
3253634645506;1104962;931;https://content.morgandetoi.fr/el-corte-ingles/1104962-931-F.jpg
3253634645599;1104963;979;https://content.morgandetoi.fr/el-corte-ingles/1104963-979-F.jpg
3253634645551;1104963;979;https://content.morgandetoi.fr/el-corte-ingles/1104963-979-F.jpg
3253634645582;1104963;979;https://content.morgandetoi.fr/el-corte-ingles/1104963-979-F.jpg
3253634645568;1104963;979;https://content.morgandetoi.fr/el-corte-ingles/1104963-979-F.jpg
3253634645575;1104963;979;https://content.morgandetoi.fr/el-corte-ingles/1104963-979-F.jpg
3253634645544;1104963;979;https://content.morgandetoi.fr/el-corte-ingles/1104963-979-F.jpg
3253634645681;1104965;931;https://content.morgandetoi.fr/el-corte-ingles/1104965-931-F.jpg
3253634645643;1104965;931;https://content.morgandetoi.fr/el-corte-ingles/1104965-931-F.jpg
3253634645636;1104965;931;https://content.morgandetoi.fr/el-corte-ingles/1104965-931-F.jpg
3253634645667;1104965;931;https://content.morgandetoi.fr/el-corte-ingles/1104965-931-F.jpg
3253634645674;1104965;931;https://content.morgandetoi.fr/el-corte-ingles/1104965-931-F.jpg
3253634645650;1104965;931;https://content.morgandetoi.fr/el-corte-ingles/1104965-931-F.jpg
3253634645803;1104966;1153;https://content.morgandetoi.fr/el-corte-ingles/1104966-1153-F.jpg
3253634645759;1104966;1153;https://content.morgandetoi.fr/el-corte-ingles/1104966-1153-F.jpg
3253634645780;1104966;1153;https://content.morgandetoi.fr/el-corte-ingles/1104966-1153-F.jpg
3253634645766;1104966;1153;https://content.morgandetoi.fr/el-corte-ingles/1104966-1153-F.jpg
3253634645797;1104966;1153;https://content.morgandetoi.fr/el-corte-ingles/1104966-1153-F.jpg
3253634645773;1104966;1153;https://content.morgandetoi.fr/el-corte-ingles/1104966-1153-F.jpg
3253634651989;1105060;931;https://content.morgandetoi.fr/el-corte-ingles/1105060-931-F.jpg
3253634651965;1105060;931;https://content.morgandetoi.fr/el-corte-ingles/1105060-931-F.jpg
3253634651958;1105060;931;https://content.morgandetoi.fr/el-corte-ingles/1105060-931-F.jpg
3253634651941;1105060;931;https://content.morgandetoi.fr/el-corte-ingles/1105060-931-F.jpg
3253634651972;1105060;931;https://content.morgandetoi.fr/el-corte-ingles/1105060-931-F.jpg
3253634651934;1105060;931;https://content.morgandetoi.fr/el-corte-ingles/1105060-931-F.jpg
3253634652016;1105061;987;https://content.morgandetoi.fr/el-corte-ingles/1105061-987-F.jpg
3253634651996;1105061;987;https://content.morgandetoi.fr/el-corte-ingles/1105061-987-F.jpg
3253634652030;1105061;987;https://content.morgandetoi.fr/el-corte-ingles/1105061-987-F.jpg
3253634652023;1105061;987;https://content.morgandetoi.fr/el-corte-ingles/1105061-987-F.jpg
3253634652009;1105061;987;https://content.morgandetoi.fr/el-corte-ingles/1105061-987-F.jpg
3253634652153;1105062;900;https://content.morgandetoi.fr/el-corte-ingles/1105062-900-F.jpg
3253634652108;1105062;900;https://content.morgandetoi.fr/el-corte-ingles/1105062-900-F.jpg
3253634652122;1105062;900;https://content.morgandetoi.fr/el-corte-ingles/1105062-900-F.jpg
3253634652139;1105062;900;https://content.morgandetoi.fr/el-corte-ingles/1105062-900-F.jpg
3253634652146;1105062;900;https://content.morgandetoi.fr/el-corte-ingles/1105062-900-F.jpg
3253634652115;1105062;900;https://content.morgandetoi.fr/el-corte-ingles/1105062-900-F.jpg
3253634652191;1105063;900;https://content.morgandetoi.fr/el-corte-ingles/1105063-900-F.jpg
3253634652160;1105063;900;https://content.morgandetoi.fr/el-corte-ingles/1105063-900-F.jpg
3253634652184;1105063;900;https://content.morgandetoi.fr/el-corte-ingles/1105063-900-F.jpg
3253634652207;1105063;900;https://content.morgandetoi.fr/el-corte-ingles/1105063-900-F.jpg
3253634652177;1105063;900;https://content.morgandetoi.fr/el-corte-ingles/1105063-900-F.jpg
3253634652214;1105063;900;https://content.morgandetoi.fr/el-corte-ingles/1105063-900-F.jpg
3253634652733;1105065;931;https://content.morgandetoi.fr/el-corte-ingles/1105065-931-F.jpg
3253634652702;1105065;931;https://content.morgandetoi.fr/el-corte-ingles/1105065-931-F.jpg
3253634652719;1105065;931;https://content.morgandetoi.fr/el-corte-ingles/1105065-931-F.jpg
3253634652740;1105065;931;https://content.morgandetoi.fr/el-corte-ingles/1105065-931-F.jpg
3253634652726;1105065;931;https://content.morgandetoi.fr/el-corte-ingles/1105065-931-F.jpg
3253634652924;1105067;900;https://content.morgandetoi.fr/el-corte-ingles/1105067-900-F.jpg
3253634652931;1105067;900;https://content.morgandetoi.fr/el-corte-ingles/1105067-900-F.jpg
3253634652962;1105067;900;https://content.morgandetoi.fr/el-corte-ingles/1105067-900-F.jpg
3253634652948;1105067;900;https://content.morgandetoi.fr/el-corte-ingles/1105067-900-F.jpg
3253634652979;1105067;900;https://content.morgandetoi.fr/el-corte-ingles/1105067-900-F.jpg
3253634652955;1105067;900;https://content.morgandetoi.fr/el-corte-ingles/1105067-900-F.jpg
3253634652993;1105068;994;https://content.morgandetoi.fr/el-corte-ingles/1105068-994-F.jpg
3253634652986;1105068;994;https://content.morgandetoi.fr/el-corte-ingles/1105068-994-F.jpg
3253634653037;1105068;994;https://content.morgandetoi.fr/el-corte-ingles/1105068-994-F.jpg
3253634653006;1105068;994;https://content.morgandetoi.fr/el-corte-ingles/1105068-994-F.jpg
3253634653020;1105068;994;https://content.morgandetoi.fr/el-corte-ingles/1105068-994-F.jpg
3253634653013;1105068;994;https://content.morgandetoi.fr/el-corte-ingles/1105068-994-F.jpg
3253634656502;1105231;927;https://content.morgandetoi.fr/el-corte-ingles/1105231-927-F.jpg
3253634656519;1105231;927;https://content.morgandetoi.fr/el-corte-ingles/1105231-927-F.jpg
3253634656533;1105231;927;https://content.morgandetoi.fr/el-corte-ingles/1105231-927-F.jpg
3253634656540;1105231;927;https://content.morgandetoi.fr/el-corte-ingles/1105231-927-F.jpg
3253634656526;1105231;927;https://content.morgandetoi.fr/el-corte-ingles/1105231-927-F.jpg
3253634656557;1105231;927;https://content.morgandetoi.fr/el-corte-ingles/1105231-927-F.jpg
3253634675145;1105486;900;https://content.morgandetoi.fr/el-corte-ingles/1105486-900-F.jpg
3253634675152;1105486;900;https://content.morgandetoi.fr/el-corte-ingles/1105486-900-F.jpg
3253634675138;1105486;900;https://content.morgandetoi.fr/el-corte-ingles/1105486-900-F.jpg
3253634675114;1105486;900;https://content.morgandetoi.fr/el-corte-ingles/1105486-900-F.jpg
3253634674933;1105486;900;https://content.morgandetoi.fr/el-corte-ingles/1105486-900-F.jpg
3253634675121;1105486;900;https://content.morgandetoi.fr/el-corte-ingles/1105486-900-F.jpg
3253634675268;1105489;900;https://content.morgandetoi.fr/el-corte-ingles/1105489-900-F.jpg
3253634675244;1105489;900;https://content.morgandetoi.fr/el-corte-ingles/1105489-900-F.jpg
3253634674964;1105489;900;https://content.morgandetoi.fr/el-corte-ingles/1105489-900-F.jpg
3253634675282;1105489;900;https://content.morgandetoi.fr/el-corte-ingles/1105489-900-F.jpg
3253634675251;1105489;900;https://content.morgandetoi.fr/el-corte-ingles/1105489-900-F.jpg
3253634675275;1105489;900;https://content.morgandetoi.fr/el-corte-ingles/1105489-900-F.jpg
3253634675336;1105490;931;https://content.morgandetoi.fr/el-corte-ingles/1105490-931-F.jpg
3253634675329;1105490;931;https://content.morgandetoi.fr/el-corte-ingles/1105490-931-F.jpg
3253634675299;1105490;931;https://content.morgandetoi.fr/el-corte-ingles/1105490-931-F.jpg
3253634675312;1105490;931;https://content.morgandetoi.fr/el-corte-ingles/1105490-931-F.jpg
3253634675305;1105490;931;https://content.morgandetoi.fr/el-corte-ingles/1105490-931-F.jpg
3253634675763;1105524;900;https://content.morgandetoi.fr/el-corte-ingles/1105524-900-F.jpg
3253634675794;1105524;900;https://content.morgandetoi.fr/el-corte-ingles/1105524-900-F.jpg
3253634675787;1105524;900;https://content.morgandetoi.fr/el-corte-ingles/1105524-900-F.jpg
3253634675749;1105524;900;https://content.morgandetoi.fr/el-corte-ingles/1105524-900-F.jpg
3253634675800;1105524;900;https://content.morgandetoi.fr/el-corte-ingles/1105524-900-F.jpg
3253634675770;1105524;900;https://content.morgandetoi.fr/el-corte-ingles/1105524-900-F.jpg
3253634675831;1105525;900;https://content.morgandetoi.fr/el-corte-ingles/1105525-900-F.jpg
3253634675817;1105525;900;https://content.morgandetoi.fr/el-corte-ingles/1105525-900-F.jpg
3253634675855;1105525;900;https://content.morgandetoi.fr/el-corte-ingles/1105525-900-F.jpg
3253634675756;1105525;900;https://content.morgandetoi.fr/el-corte-ingles/1105525-900-F.jpg
3253634675848;1105525;900;https://content.morgandetoi.fr/el-corte-ingles/1105525-900-F.jpg
3253634675824;1105525;900;https://content.morgandetoi.fr/el-corte-ingles/1105525-900-F.jpg
3253634676067;1105529;900;https://content.morgandetoi.fr/el-corte-ingles/1105529-900-F.jpg
3253634676098;1105529;900;https://content.morgandetoi.fr/el-corte-ingles/1105529-900-F.jpg
3253634676050;1105529;900;https://content.morgandetoi.fr/el-corte-ingles/1105529-900-F.jpg
3253634676074;1105529;900;https://content.morgandetoi.fr/el-corte-ingles/1105529-900-F.jpg
3253634676081;1105529;900;https://content.morgandetoi.fr/el-corte-ingles/1105529-900-F.jpg
3253634675992;1105529;900;https://content.morgandetoi.fr/el-corte-ingles/1105529-900-F.jpg
3253634677095;1105547;987;https://content.morgandetoi.fr/el-corte-ingles/1105547-987-F.jpg
3253634677088;1105547;987;https://content.morgandetoi.fr/el-corte-ingles/1105547-987-F.jpg
3253634677057;1105547;987;https://content.morgandetoi.fr/el-corte-ingles/1105547-987-F.jpg
3253634677071;1105547;987;https://content.morgandetoi.fr/el-corte-ingles/1105547-987-F.jpg
3253634677064;1105547;987;https://content.morgandetoi.fr/el-corte-ingles/1105547-987-F.jpg
3253634677101;1105548;900;https://content.morgandetoi.fr/el-corte-ingles/1105548-900-F.jpg
3253634677200;1105548;900;https://content.morgandetoi.fr/el-corte-ingles/1105548-900-F.jpg
3253634677194;1105548;900;https://content.morgandetoi.fr/el-corte-ingles/1105548-900-F.jpg
3253634677217;1105548;900;https://content.morgandetoi.fr/el-corte-ingles/1105548-900-F.jpg
3253634677224;1105548;900;https://content.morgandetoi.fr/el-corte-ingles/1105548-900-F.jpg
3253634677187;1105548;900;https://content.morgandetoi.fr/el-corte-ingles/1105548-900-F.jpg
3253634677255;1105549;1128;https://content.morgandetoi.fr/el-corte-ingles/1105549-1128-F.jpg
3253634677279;1105549;1128;https://content.morgandetoi.fr/el-corte-ingles/1105549-1128-F.jpg
3253634677248;1105549;1128;https://content.morgandetoi.fr/el-corte-ingles/1105549-1128-F.jpg
3253634677118;1105549;1128;https://content.morgandetoi.fr/el-corte-ingles/1105549-1128-F.jpg
3253634677262;1105549;1128;https://content.morgandetoi.fr/el-corte-ingles/1105549-1128-F.jpg
3253634677231;1105549;1128;https://content.morgandetoi.fr/el-corte-ingles/1105549-1128-F.jpg
3253634677477;1105553;900;https://content.morgandetoi.fr/el-corte-ingles/1105553-900-F.jpg
3253634677446;1105553;900;https://content.morgandetoi.fr/el-corte-ingles/1105553-900-F.jpg
3253634677156;1105553;900;https://content.morgandetoi.fr/el-corte-ingles/1105553-900-F.jpg
3253634677460;1105553;900;https://content.morgandetoi.fr/el-corte-ingles/1105553-900-F.jpg
3253634677453;1105553;900;https://content.morgandetoi.fr/el-corte-ingles/1105553-900-F.jpg
3253634677439;1105553;900;https://content.morgandetoi.fr/el-corte-ingles/1105553-900-F.jpg
3253634677163;1105554;900;https://content.morgandetoi.fr/el-corte-ingles/1105554-900-F.jpg
3253634677507;1105554;900;https://content.morgandetoi.fr/el-corte-ingles/1105554-900-F.jpg
3253634677491;1105554;900;https://content.morgandetoi.fr/el-corte-ingles/1105554-900-F.jpg
3253634677484;1105554;900;https://content.morgandetoi.fr/el-corte-ingles/1105554-900-F.jpg
3253634677521;1105554;900;https://content.morgandetoi.fr/el-corte-ingles/1105554-900-F.jpg
3253634677514;1105554;900;https://content.morgandetoi.fr/el-corte-ingles/1105554-900-F.jpg
3253634677705;1105558;1191;https://content.morgandetoi.fr/el-corte-ingles/1105558-1191-F.jpg
3253634677606;1105558;1191;https://content.morgandetoi.fr/el-corte-ingles/1105558-1191-F.jpg
3253634677729;1105558;1191;https://content.morgandetoi.fr/el-corte-ingles/1105558-1191-F.jpg
3253634677712;1105558;1191;https://content.morgandetoi.fr/el-corte-ingles/1105558-1191-F.jpg
3253634677736;1105558;1191;https://content.morgandetoi.fr/el-corte-ingles/1105558-1191-F.jpg
3253634677781;1105560;900;https://content.morgandetoi.fr/el-corte-ingles/1105560-900-F.jpg
3253634677811;1105560;900;https://content.morgandetoi.fr/el-corte-ingles/1105560-900-F.jpg
3253634677842;1105560;900;https://content.morgandetoi.fr/el-corte-ingles/1105560-900-F.jpg
3253634677835;1105560;900;https://content.morgandetoi.fr/el-corte-ingles/1105560-900-F.jpg
3253634677828;1105560;900;https://content.morgandetoi.fr/el-corte-ingles/1105560-900-F.jpg
3253634677804;1105560;900;https://content.morgandetoi.fr/el-corte-ingles/1105560-900-F.jpg
3253634677972;1105561;1191;https://content.morgandetoi.fr/el-corte-ingles/1105561-1191-F.jpg
3253634677965;1105561;1191;https://content.morgandetoi.fr/el-corte-ingles/1105561-1191-F.jpg
3253634677903;1105561;1191;https://content.morgandetoi.fr/el-corte-ingles/1105561-1191-F.jpg
3253634677996;1105561;1191;https://content.morgandetoi.fr/el-corte-ingles/1105561-1191-F.jpg
3253634677989;1105561;1191;https://content.morgandetoi.fr/el-corte-ingles/1105561-1191-F.jpg
3253634678153;1105563;1192;https://content.morgandetoi.fr/el-corte-ingles/1105563-1192-F.jpg
3253634678122;1105563;1192;https://content.morgandetoi.fr/el-corte-ingles/1105563-1192-F.jpg
3253634678177;1105563;1192;https://content.morgandetoi.fr/el-corte-ingles/1105563-1192-F.jpg
3253634678160;1105563;1192;https://content.morgandetoi.fr/el-corte-ingles/1105563-1192-F.jpg
3253634678146;1105563;1192;https://content.morgandetoi.fr/el-corte-ingles/1105563-1192-F.jpg
3253634678139;1105563;991;https://content.morgandetoi.fr/el-corte-ingles/1105563-991-F.jpg
3253634678207;1105563;991;https://content.morgandetoi.fr/el-corte-ingles/1105563-991-F.jpg
3253634678184;1105563;991;https://content.morgandetoi.fr/el-corte-ingles/1105563-991-F.jpg
3253634678191;1105563;991;https://content.morgandetoi.fr/el-corte-ingles/1105563-991-F.jpg
3253634678214;1105563;991;https://content.morgandetoi.fr/el-corte-ingles/1105563-991-F.jpg
3253634678535;1105566;992;https://content.morgandetoi.fr/el-corte-ingles/1105566-992-F.jpg
3253634678511;1105566;992;https://content.morgandetoi.fr/el-corte-ingles/1105566-992-F.jpg
3253634678443;1105566;992;https://content.morgandetoi.fr/el-corte-ingles/1105566-992-F.jpg
3253634678542;1105566;992;https://content.morgandetoi.fr/el-corte-ingles/1105566-992-F.jpg
3253634678528;1105566;992;https://content.morgandetoi.fr/el-corte-ingles/1105566-992-F.jpg
3253634678580;1105567;1041;https://content.morgandetoi.fr/el-corte-ingles/1105567-1041-F.jpg
3253634678566;1105567;1041;https://content.morgandetoi.fr/el-corte-ingles/1105567-1041-F.jpg
3253634678573;1105567;1041;https://content.morgandetoi.fr/el-corte-ingles/1105567-1041-F.jpg
3253634678559;1105567;1041;https://content.morgandetoi.fr/el-corte-ingles/1105567-1041-F.jpg
3253634678450;1105567;1041;https://content.morgandetoi.fr/el-corte-ingles/1105567-1041-F.jpg
3253634678627;1105568;900;https://content.morgandetoi.fr/el-corte-ingles/1105568-900-F.jpg
3253634678641;1105568;900;https://content.morgandetoi.fr/el-corte-ingles/1105568-900-F.jpg
3253634678597;1105568;900;https://content.morgandetoi.fr/el-corte-ingles/1105568-900-F.jpg
3253634678634;1105568;900;https://content.morgandetoi.fr/el-corte-ingles/1105568-900-F.jpg
3253634678610;1105568;900;https://content.morgandetoi.fr/el-corte-ingles/1105568-900-F.jpg
3253634678603;1105568;900;https://content.morgandetoi.fr/el-corte-ingles/1105568-900-F.jpg
3253634678689;1105569;978;https://content.morgandetoi.fr/el-corte-ingles/1105569-978-F.jpg
3253634678665;1105569;978;https://content.morgandetoi.fr/el-corte-ingles/1105569-978-F.jpg
3253634678696;1105569;978;https://content.morgandetoi.fr/el-corte-ingles/1105569-978-F.jpg
3253634678672;1105569;978;https://content.morgandetoi.fr/el-corte-ingles/1105569-978-F.jpg
3253634678658;1105569;978;https://content.morgandetoi.fr/el-corte-ingles/1105569-978-F.jpg
3253634678702;1105570;993;https://content.morgandetoi.fr/el-corte-ingles/1105570-993-F.jpg
3253634678733;1105570;993;https://content.morgandetoi.fr/el-corte-ingles/1105570-993-F.jpg
3253634678740;1105570;993;https://content.morgandetoi.fr/el-corte-ingles/1105570-993-F.jpg
3253634678719;1105570;993;https://content.morgandetoi.fr/el-corte-ingles/1105570-993-F.jpg
3253634678726;1105570;993;https://content.morgandetoi.fr/el-corte-ingles/1105570-993-F.jpg
3253634678887;1105656;979;https://content.morgandetoi.fr/el-corte-ingles/1105656-979-F.jpg
3253634679051;1105656;979;https://content.morgandetoi.fr/el-corte-ingles/1105656-979-F.jpg
3253634679037;1105656;979;https://content.morgandetoi.fr/el-corte-ingles/1105656-979-F.jpg
3253634679020;1105656;979;https://content.morgandetoi.fr/el-corte-ingles/1105656-979-F.jpg
3253634679044;1105656;979;https://content.morgandetoi.fr/el-corte-ingles/1105656-979-F.jpg
3253634679143;1105658;931;https://content.morgandetoi.fr/el-corte-ingles/1105658-931-F.jpg
3253634679129;1105658;931;https://content.morgandetoi.fr/el-corte-ingles/1105658-931-F.jpg
3253634679112;1105658;931;https://content.morgandetoi.fr/el-corte-ingles/1105658-931-F.jpg
3253634679150;1105658;931;https://content.morgandetoi.fr/el-corte-ingles/1105658-931-F.jpg
3253634679136;1105658;931;https://content.morgandetoi.fr/el-corte-ingles/1105658-931-F.jpg
3253634679235;1105659;930;https://content.morgandetoi.fr/el-corte-ingles/1105659-930-F.jpg
3253634679228;1105659;930;https://content.morgandetoi.fr/el-corte-ingles/1105659-930-F.jpg
3253634679167;1105659;930;https://content.morgandetoi.fr/el-corte-ingles/1105659-930-F.jpg
3253634679242;1105659;930;https://content.morgandetoi.fr/el-corte-ingles/1105659-930-F.jpg
3253634679259;1105659;930;https://content.morgandetoi.fr/el-corte-ingles/1105659-930-F.jpg
3253634679204;1105659;926;https://content.morgandetoi.fr/el-corte-ingles/1105659-926-F.jpg
3253634679181;1105659;926;https://content.morgandetoi.fr/el-corte-ingles/1105659-926-F.jpg
3253634679211;1105659;926;https://content.morgandetoi.fr/el-corte-ingles/1105659-926-F.jpg
3253634679174;1105659;926;https://content.morgandetoi.fr/el-corte-ingles/1105659-926-F.jpg
3253634679198;1105659;926;https://content.morgandetoi.fr/el-corte-ingles/1105659-926-F.jpg
3253634679303;1105660;979;https://content.morgandetoi.fr/el-corte-ingles/1105660-979-F.jpg
3253634679273;1105660;979;https://content.morgandetoi.fr/el-corte-ingles/1105660-979-F.jpg
3253634679310;1105660;979;https://content.morgandetoi.fr/el-corte-ingles/1105660-979-F.jpg
3253634679280;1105660;979;https://content.morgandetoi.fr/el-corte-ingles/1105660-979-F.jpg
3253634679297;1105660;979;https://content.morgandetoi.fr/el-corte-ingles/1105660-979-F.jpg
3253634679266;1105660;979;https://content.morgandetoi.fr/el-corte-ingles/1105660-979-F.jpg
3253634679532;1105664;979;https://content.morgandetoi.fr/el-corte-ingles/1105664-979-F.jpg
3253634679525;1105664;979;https://content.morgandetoi.fr/el-corte-ingles/1105664-979-F.jpg
3253634679488;1105664;979;https://content.morgandetoi.fr/el-corte-ingles/1105664-979-F.jpg
3253634679518;1105664;979;https://content.morgandetoi.fr/el-corte-ingles/1105664-979-F.jpg
3253634679501;1105664;979;https://content.morgandetoi.fr/el-corte-ingles/1105664-979-F.jpg
3253634679495;1105664;979;https://content.morgandetoi.fr/el-corte-ingles/1105664-979-F.jpg
3253634679556;1105665;900;https://content.morgandetoi.fr/el-corte-ingles/1105665-900-F.jpg
3253634679549;1105665;900;https://content.morgandetoi.fr/el-corte-ingles/1105665-900-F.jpg
3253634679587;1105665;900;https://content.morgandetoi.fr/el-corte-ingles/1105665-900-F.jpg
3253634679570;1105665;900;https://content.morgandetoi.fr/el-corte-ingles/1105665-900-F.jpg
3253634679563;1105665;900;https://content.morgandetoi.fr/el-corte-ingles/1105665-900-F.jpg
3253634679594;1105665;900;https://content.morgandetoi.fr/el-corte-ingles/1105665-900-F.jpg
3253634680309;1105668;1204;https://content.morgandetoi.fr/el-corte-ingles/1105668-1204-F.jpg
3253634680316;1105668;1204;https://content.morgandetoi.fr/el-corte-ingles/1105668-1204-F.jpg
3253634680293;1105668;1204;https://content.morgandetoi.fr/el-corte-ingles/1105668-1204-F.jpg
3253634680323;1105668;1204;https://content.morgandetoi.fr/el-corte-ingles/1105668-1204-F.jpg
3253634679716;1105668;1204;https://content.morgandetoi.fr/el-corte-ingles/1105668-1204-F.jpg
3253634680354;1105668;987;https://content.morgandetoi.fr/el-corte-ingles/1105668-987-F.jpg
3253634680347;1105668;987;https://content.morgandetoi.fr/el-corte-ingles/1105668-987-F.jpg
3253634680361;1105668;987;https://content.morgandetoi.fr/el-corte-ingles/1105668-987-F.jpg
3253634679723;1105668;987;https://content.morgandetoi.fr/el-corte-ingles/1105668-987-F.jpg
3253634680330;1105668;987;https://content.morgandetoi.fr/el-corte-ingles/1105668-987-F.jpg
3253634679761;1105669;1132;https://content.morgandetoi.fr/el-corte-ingles/1105669-1132-F.jpg
3253634680408;1105669;1132;https://content.morgandetoi.fr/el-corte-ingles/1105669-1132-F.jpg
3253634680392;1105669;1132;https://content.morgandetoi.fr/el-corte-ingles/1105669-1132-F.jpg
3253634680385;1105669;1132;https://content.morgandetoi.fr/el-corte-ingles/1105669-1132-F.jpg
3253634680378;1105669;1132;https://content.morgandetoi.fr/el-corte-ingles/1105669-1132-F.jpg
3253634680439;1105670;1199;https://content.morgandetoi.fr/el-corte-ingles/1105670-1199-F.jpg
3253634679778;1105670;1199;https://content.morgandetoi.fr/el-corte-ingles/1105670-1199-F.jpg
3253634680422;1105670;1199;https://content.morgandetoi.fr/el-corte-ingles/1105670-1199-F.jpg
3253634680415;1105670;1199;https://content.morgandetoi.fr/el-corte-ingles/1105670-1199-F.jpg
3253634680446;1105670;1199;https://content.morgandetoi.fr/el-corte-ingles/1105670-1199-F.jpg
3253634679785;1105671;931;https://content.morgandetoi.fr/el-corte-ingles/1105671-931-F.jpg
3253634680484;1105671;931;https://content.morgandetoi.fr/el-corte-ingles/1105671-931-F.jpg
3253634680477;1105671;931;https://content.morgandetoi.fr/el-corte-ingles/1105671-931-F.jpg
3253634680460;1105671;931;https://content.morgandetoi.fr/el-corte-ingles/1105671-931-F.jpg
3253634680453;1105671;931;https://content.morgandetoi.fr/el-corte-ingles/1105671-931-F.jpg
3253634680521;1105672;1166;https://content.morgandetoi.fr/el-corte-ingles/1105672-1166-F.jpg
3253634680514;1105672;1166;https://content.morgandetoi.fr/el-corte-ingles/1105672-1166-F.jpg
3253634680507;1105672;1166;https://content.morgandetoi.fr/el-corte-ingles/1105672-1166-F.jpg
3253634680491;1105672;1166;https://content.morgandetoi.fr/el-corte-ingles/1105672-1166-F.jpg
3253634679792;1105672;1166;https://content.morgandetoi.fr/el-corte-ingles/1105672-1166-F.jpg
3253634681177;1105672;931;https://content.morgandetoi.fr/el-corte-ingles/1105672-931-F.jpg
3253634681160;1105672;931;https://content.morgandetoi.fr/el-corte-ingles/1105672-931-F.jpg
3253634681146;1105672;931;https://content.morgandetoi.fr/el-corte-ingles/1105672-931-F.jpg
3253634681153;1105672;931;https://content.morgandetoi.fr/el-corte-ingles/1105672-931-F.jpg
3253634681115;1105672;931;https://content.morgandetoi.fr/el-corte-ingles/1105672-931-F.jpg
3253634680576;1105674;1213;https://content.morgandetoi.fr/el-corte-ingles/1105674-1213-F.jpg
3253634680583;1105674;1213;https://content.morgandetoi.fr/el-corte-ingles/1105674-1213-F.jpg
3253634679846;1105674;1213;https://content.morgandetoi.fr/el-corte-ingles/1105674-1213-F.jpg
3253634680606;1105674;1213;https://content.morgandetoi.fr/el-corte-ingles/1105674-1213-F.jpg
3253634680590;1105674;1213;https://content.morgandetoi.fr/el-corte-ingles/1105674-1213-F.jpg
3253634679853;1105675;931;https://content.morgandetoi.fr/el-corte-ingles/1105675-931-F.jpg
3253634680620;1105675;931;https://content.morgandetoi.fr/el-corte-ingles/1105675-931-F.jpg
3253634680637;1105675;931;https://content.morgandetoi.fr/el-corte-ingles/1105675-931-F.jpg
3253634680644;1105675;931;https://content.morgandetoi.fr/el-corte-ingles/1105675-931-F.jpg
3253634680613;1105675;931;https://content.morgandetoi.fr/el-corte-ingles/1105675-931-F.jpg
3253634680675;1105676;1199;https://content.morgandetoi.fr/el-corte-ingles/1105676-1199-F.jpg
3253634679860;1105676;1199;https://content.morgandetoi.fr/el-corte-ingles/1105676-1199-F.jpg
3253634680682;1105676;1199;https://content.morgandetoi.fr/el-corte-ingles/1105676-1199-F.jpg
3253634680668;1105676;1199;https://content.morgandetoi.fr/el-corte-ingles/1105676-1199-F.jpg
3253634680651;1105676;1199;https://content.morgandetoi.fr/el-corte-ingles/1105676-1199-F.jpg
3253634680729;1105676;979;https://content.morgandetoi.fr/el-corte-ingles/1105676-979-F.jpg
3253634680705;1105676;979;https://content.morgandetoi.fr/el-corte-ingles/1105676-979-F.jpg
3253634679877;1105676;979;https://content.morgandetoi.fr/el-corte-ingles/1105676-979-F.jpg
3253634680699;1105676;979;https://content.morgandetoi.fr/el-corte-ingles/1105676-979-F.jpg
3253634680712;1105676;979;https://content.morgandetoi.fr/el-corte-ingles/1105676-979-F.jpg
3253634680750;1105677;926;https://content.morgandetoi.fr/el-corte-ingles/1105677-926-F.jpg
3253634679884;1105677;926;https://content.morgandetoi.fr/el-corte-ingles/1105677-926-F.jpg
3253634680767;1105677;926;https://content.morgandetoi.fr/el-corte-ingles/1105677-926-F.jpg
3253634680743;1105677;926;https://content.morgandetoi.fr/el-corte-ingles/1105677-926-F.jpg
3253634680736;1105677;926;https://content.morgandetoi.fr/el-corte-ingles/1105677-926-F.jpg
3253634680781;1105678;1043;https://content.morgandetoi.fr/el-corte-ingles/1105678-1043-F.jpg
3253634679907;1105678;1043;https://content.morgandetoi.fr/el-corte-ingles/1105678-1043-F.jpg
3253634680804;1105678;1043;https://content.morgandetoi.fr/el-corte-ingles/1105678-1043-F.jpg
3253634680798;1105678;1043;https://content.morgandetoi.fr/el-corte-ingles/1105678-1043-F.jpg
3253634680774;1105678;1043;https://content.morgandetoi.fr/el-corte-ingles/1105678-1043-F.jpg
3253634680965;1105679;931;https://content.morgandetoi.fr/el-corte-ingles/1105679-931-F.jpg
3253634680972;1105679;931;https://content.morgandetoi.fr/el-corte-ingles/1105679-931-F.jpg
3253634680989;1105679;931;https://content.morgandetoi.fr/el-corte-ingles/1105679-931-F.jpg
3253634680958;1105679;931;https://content.morgandetoi.fr/el-corte-ingles/1105679-931-F.jpg
3253634680811;1105679;931;https://content.morgandetoi.fr/el-corte-ingles/1105679-931-F.jpg
3253634680897;1105679;1204;https://content.morgandetoi.fr/el-corte-ingles/1105679-1204-F.jpg
3253634680828;1105679;1204;https://content.morgandetoi.fr/el-corte-ingles/1105679-1204-F.jpg
3253634680903;1105679;1204;https://content.morgandetoi.fr/el-corte-ingles/1105679-1204-F.jpg
3253634680880;1105679;1204;https://content.morgandetoi.fr/el-corte-ingles/1105679-1204-F.jpg
3253634680873;1105679;1204;https://content.morgandetoi.fr/el-corte-ingles/1105679-1204-F.jpg
3253634680835;1105679;1213;https://content.morgandetoi.fr/el-corte-ingles/1105679-1213-F.jpg
3253634680941;1105679;1213;https://content.morgandetoi.fr/el-corte-ingles/1105679-1213-F.jpg
3253634680934;1105679;1213;https://content.morgandetoi.fr/el-corte-ingles/1105679-1213-F.jpg
3253634680910;1105679;1213;https://content.morgandetoi.fr/el-corte-ingles/1105679-1213-F.jpg
3253634680927;1105679;1213;https://content.morgandetoi.fr/el-corte-ingles/1105679-1213-F.jpg
3253634681092;1105680;987;https://content.morgandetoi.fr/el-corte-ingles/1105680-987-F.jpg
3253634681085;1105680;987;https://content.morgandetoi.fr/el-corte-ingles/1105680-987-F.jpg
3253634681108;1105680;987;https://content.morgandetoi.fr/el-corte-ingles/1105680-987-F.jpg
3253634681078;1105680;987;https://content.morgandetoi.fr/el-corte-ingles/1105680-987-F.jpg
3253634680859;1105680;987;https://content.morgandetoi.fr/el-corte-ingles/1105680-987-F.jpg
3253634681054;1105680;1118;https://content.morgandetoi.fr/el-corte-ingles/1105680-1118-F.jpg
3253634681047;1105680;1118;https://content.morgandetoi.fr/el-corte-ingles/1105680-1118-F.jpg
3253634681030;1105680;1118;https://content.morgandetoi.fr/el-corte-ingles/1105680-1118-F.jpg
3253634681061;1105680;1118;https://content.morgandetoi.fr/el-corte-ingles/1105680-1118-F.jpg
3253634680866;1105680;1118;https://content.morgandetoi.fr/el-corte-ingles/1105680-1118-F.jpg
3253634705576;1105680;931;https://content.morgandetoi.fr/el-corte-ingles/1105680-931-F.jpg
3253634705552;1105680;931;https://content.morgandetoi.fr/el-corte-ingles/1105680-931-F.jpg
3253634705507;1105680;931;https://content.morgandetoi.fr/el-corte-ingles/1105680-931-F.jpg
3253634705583;1105680;931;https://content.morgandetoi.fr/el-corte-ingles/1105680-931-F.jpg
3253634705569;1105680;931;https://content.morgandetoi.fr/el-corte-ingles/1105680-931-F.jpg
3253634681184;1105681;931;https://content.morgandetoi.fr/el-corte-ingles/1105681-931-F.jpg
3253634681214;1105681;931;https://content.morgandetoi.fr/el-corte-ingles/1105681-931-F.jpg
3253634681207;1105681;931;https://content.morgandetoi.fr/el-corte-ingles/1105681-931-F.jpg
3253634681122;1105681;931;https://content.morgandetoi.fr/el-corte-ingles/1105681-931-F.jpg
3253634681191;1105681;931;https://content.morgandetoi.fr/el-corte-ingles/1105681-931-F.jpg
3253634681221;1105682;1023;https://content.morgandetoi.fr/el-corte-ingles/1105682-1023-F.jpg
3253634681245;1105682;1023;https://content.morgandetoi.fr/el-corte-ingles/1105682-1023-F.jpg
3253634681139;1105682;1023;https://content.morgandetoi.fr/el-corte-ingles/1105682-1023-F.jpg
3253634681252;1105682;1023;https://content.morgandetoi.fr/el-corte-ingles/1105682-1023-F.jpg
3253634681238;1105682;1023;https://content.morgandetoi.fr/el-corte-ingles/1105682-1023-F.jpg
3253634681269;1105683;979;https://content.morgandetoi.fr/el-corte-ingles/1105683-979-F.jpg
3253634681344;1105683;979;https://content.morgandetoi.fr/el-corte-ingles/1105683-979-F.jpg
3253634681368;1105683;979;https://content.morgandetoi.fr/el-corte-ingles/1105683-979-F.jpg
3253634681375;1105683;979;https://content.morgandetoi.fr/el-corte-ingles/1105683-979-F.jpg
3253634681351;1105683;979;https://content.morgandetoi.fr/el-corte-ingles/1105683-979-F.jpg
3253634681382;1105683;979;https://content.morgandetoi.fr/el-corte-ingles/1105683-979-F.jpg
3253634681429;1105684;1218;https://content.morgandetoi.fr/el-corte-ingles/1105684-1218-F.jpg
3253634681405;1105684;1218;https://content.morgandetoi.fr/el-corte-ingles/1105684-1218-F.jpg
3253634681412;1105684;1218;https://content.morgandetoi.fr/el-corte-ingles/1105684-1218-F.jpg
3253634681436;1105684;1218;https://content.morgandetoi.fr/el-corte-ingles/1105684-1218-F.jpg
3253634681399;1105684;1218;https://content.morgandetoi.fr/el-corte-ingles/1105684-1218-F.jpg
3253634681276;1105684;1218;https://content.morgandetoi.fr/el-corte-ingles/1105684-1218-F.jpg
3253634706542;1105685;979;https://content.morgandetoi.fr/el-corte-ingles/1105685-979-F.jpg
3253634706528;1105685;979;https://content.morgandetoi.fr/el-corte-ingles/1105685-979-F.jpg
3253634706511;1105685;979;https://content.morgandetoi.fr/el-corte-ingles/1105685-979-F.jpg
3253634706535;1105685;979;https://content.morgandetoi.fr/el-corte-ingles/1105685-979-F.jpg
3253634706559;1105685;979;https://content.morgandetoi.fr/el-corte-ingles/1105685-979-F.jpg
3253634706566;1105685;979;https://content.morgandetoi.fr/el-corte-ingles/1105685-979-F.jpg
3253634681498;1105686;1218;https://content.morgandetoi.fr/el-corte-ingles/1105686-1218-F.jpg
3253634681290;1105686;1218;https://content.morgandetoi.fr/el-corte-ingles/1105686-1218-F.jpg
3253634681504;1105686;1218;https://content.morgandetoi.fr/el-corte-ingles/1105686-1218-F.jpg
3253634681511;1105686;1218;https://content.morgandetoi.fr/el-corte-ingles/1105686-1218-F.jpg
3253634681535;1105686;1218;https://content.morgandetoi.fr/el-corte-ingles/1105686-1218-F.jpg
3253634681528;1105686;1218;https://content.morgandetoi.fr/el-corte-ingles/1105686-1218-F.jpg
3253634681573;1105687;979;https://content.morgandetoi.fr/el-corte-ingles/1105687-979-F.jpg
3253634681566;1105687;979;https://content.morgandetoi.fr/el-corte-ingles/1105687-979-F.jpg
3253634681306;1105687;979;https://content.morgandetoi.fr/el-corte-ingles/1105687-979-F.jpg
3253634681580;1105687;979;https://content.morgandetoi.fr/el-corte-ingles/1105687-979-F.jpg
3253634681559;1105687;979;https://content.morgandetoi.fr/el-corte-ingles/1105687-979-F.jpg
3253634681542;1105687;979;https://content.morgandetoi.fr/el-corte-ingles/1105687-979-F.jpg
3253634681610;1105688;979;https://content.morgandetoi.fr/el-corte-ingles/1105688-979-F.jpg
3253634681597;1105688;979;https://content.morgandetoi.fr/el-corte-ingles/1105688-979-F.jpg
3253634681313;1105688;979;https://content.morgandetoi.fr/el-corte-ingles/1105688-979-F.jpg
3253634681627;1105688;979;https://content.morgandetoi.fr/el-corte-ingles/1105688-979-F.jpg
3253634681603;1105688;979;https://content.morgandetoi.fr/el-corte-ingles/1105688-979-F.jpg
3253634681634;1105688;979;https://content.morgandetoi.fr/el-corte-ingles/1105688-979-F.jpg
3253634681689;1105689;979;https://content.morgandetoi.fr/el-corte-ingles/1105689-979-F.jpg
3253634681665;1105689;979;https://content.morgandetoi.fr/el-corte-ingles/1105689-979-F.jpg
3253634681658;1105689;979;https://content.morgandetoi.fr/el-corte-ingles/1105689-979-F.jpg
3253634681641;1105689;979;https://content.morgandetoi.fr/el-corte-ingles/1105689-979-F.jpg
3253634681320;1105689;979;https://content.morgandetoi.fr/el-corte-ingles/1105689-979-F.jpg
3253634681672;1105689;979;https://content.morgandetoi.fr/el-corte-ingles/1105689-979-F.jpg
3253634681733;1105690;979;https://content.morgandetoi.fr/el-corte-ingles/1105690-979-F.jpg
3253634681702;1105690;979;https://content.morgandetoi.fr/el-corte-ingles/1105690-979-F.jpg
3253634681337;1105690;979;https://content.morgandetoi.fr/el-corte-ingles/1105690-979-F.jpg
3253634681726;1105690;979;https://content.morgandetoi.fr/el-corte-ingles/1105690-979-F.jpg
3253634681696;1105690;979;https://content.morgandetoi.fr/el-corte-ingles/1105690-979-F.jpg
3253634681719;1105690;979;https://content.morgandetoi.fr/el-corte-ingles/1105690-979-F.jpg
3253634706610;1105691;979;https://content.morgandetoi.fr/el-corte-ingles/1105691-979-F.jpg
3253634706504;1105691;979;https://content.morgandetoi.fr/el-corte-ingles/1105691-979-F.jpg
3253634706580;1105691;979;https://content.morgandetoi.fr/el-corte-ingles/1105691-979-F.jpg
3253634706603;1105691;979;https://content.morgandetoi.fr/el-corte-ingles/1105691-979-F.jpg
3253634706597;1105691;979;https://content.morgandetoi.fr/el-corte-ingles/1105691-979-F.jpg
3253634706573;1105691;979;https://content.morgandetoi.fr/el-corte-ingles/1105691-979-F.jpg
3253634681825;1105692;979;https://content.morgandetoi.fr/el-corte-ingles/1105692-979-F.jpg
3253634681832;1105692;979;https://content.morgandetoi.fr/el-corte-ingles/1105692-979-F.jpg
3253634681863;1105692;979;https://content.morgandetoi.fr/el-corte-ingles/1105692-979-F.jpg
3253634681856;1105692;979;https://content.morgandetoi.fr/el-corte-ingles/1105692-979-F.jpg
3253634681849;1105692;979;https://content.morgandetoi.fr/el-corte-ingles/1105692-979-F.jpg
3253634681757;1105692;979;https://content.morgandetoi.fr/el-corte-ingles/1105692-979-F.jpg
3253634681887;1105693;1199;https://content.morgandetoi.fr/el-corte-ingles/1105693-1199-F.jpg
3253634681900;1105693;1199;https://content.morgandetoi.fr/el-corte-ingles/1105693-1199-F.jpg
3253634681870;1105693;1199;https://content.morgandetoi.fr/el-corte-ingles/1105693-1199-F.jpg
3253634681764;1105693;1199;https://content.morgandetoi.fr/el-corte-ingles/1105693-1199-F.jpg
3253634681917;1105693;1199;https://content.morgandetoi.fr/el-corte-ingles/1105693-1199-F.jpg
3253634681894;1105693;1199;https://content.morgandetoi.fr/el-corte-ingles/1105693-1199-F.jpg
3253634682235;1105694;1219;https://content.morgandetoi.fr/el-corte-ingles/1105694-1219-F.jpg
3253634682266;1105694;1219;https://content.morgandetoi.fr/el-corte-ingles/1105694-1219-F.jpg
3253634682259;1105694;1219;https://content.morgandetoi.fr/el-corte-ingles/1105694-1219-F.jpg
3253634682129;1105694;1219;https://content.morgandetoi.fr/el-corte-ingles/1105694-1219-F.jpg
3253634682242;1105694;1219;https://content.morgandetoi.fr/el-corte-ingles/1105694-1219-F.jpg
3253634682280;1105695;931;https://content.morgandetoi.fr/el-corte-ingles/1105695-931-F.jpg
3253634682303;1105695;931;https://content.morgandetoi.fr/el-corte-ingles/1105695-931-F.jpg
3253634682297;1105695;931;https://content.morgandetoi.fr/el-corte-ingles/1105695-931-F.jpg
3253634682136;1105695;931;https://content.morgandetoi.fr/el-corte-ingles/1105695-931-F.jpg
3253634682273;1105695;931;https://content.morgandetoi.fr/el-corte-ingles/1105695-931-F.jpg
3253634682341;1105696;978;https://content.morgandetoi.fr/el-corte-ingles/1105696-978-F.jpg
3253634682327;1105696;978;https://content.morgandetoi.fr/el-corte-ingles/1105696-978-F.jpg
3253634682310;1105696;978;https://content.morgandetoi.fr/el-corte-ingles/1105696-978-F.jpg
3253634682143;1105696;978;https://content.morgandetoi.fr/el-corte-ingles/1105696-978-F.jpg
3253634682334;1105696;978;https://content.morgandetoi.fr/el-corte-ingles/1105696-978-F.jpg
3253634682372;1105697;1144;https://content.morgandetoi.fr/el-corte-ingles/1105697-1144-F.jpg
3253634682365;1105697;1144;https://content.morgandetoi.fr/el-corte-ingles/1105697-1144-F.jpg
3253634682150;1105697;1144;https://content.morgandetoi.fr/el-corte-ingles/1105697-1144-F.jpg
3253634682389;1105697;1144;https://content.morgandetoi.fr/el-corte-ingles/1105697-1144-F.jpg
3253634682358;1105697;1144;https://content.morgandetoi.fr/el-corte-ingles/1105697-1144-F.jpg
3253634682402;1105698;1199;https://content.morgandetoi.fr/el-corte-ingles/1105698-1199-F.jpg
3253634682419;1105698;1199;https://content.morgandetoi.fr/el-corte-ingles/1105698-1199-F.jpg
3253634682396;1105698;1199;https://content.morgandetoi.fr/el-corte-ingles/1105698-1199-F.jpg
3253634682426;1105698;1199;https://content.morgandetoi.fr/el-corte-ingles/1105698-1199-F.jpg
3253634682167;1105698;1199;https://content.morgandetoi.fr/el-corte-ingles/1105698-1199-F.jpg
3253634682440;1105699;929;https://content.morgandetoi.fr/el-corte-ingles/1105699-929-F.jpg
3253634682174;1105699;929;https://content.morgandetoi.fr/el-corte-ingles/1105699-929-F.jpg
3253634682464;1105699;929;https://content.morgandetoi.fr/el-corte-ingles/1105699-929-F.jpg
3253634682457;1105699;929;https://content.morgandetoi.fr/el-corte-ingles/1105699-929-F.jpg
3253634682433;1105699;929;https://content.morgandetoi.fr/el-corte-ingles/1105699-929-F.jpg
3253634682181;1105700;1191;https://content.morgandetoi.fr/el-corte-ingles/1105700-1191-F.jpg
3253634682488;1105700;1191;https://content.morgandetoi.fr/el-corte-ingles/1105700-1191-F.jpg
3253634682471;1105700;1191;https://content.morgandetoi.fr/el-corte-ingles/1105700-1191-F.jpg
3253634682501;1105700;1191;https://content.morgandetoi.fr/el-corte-ingles/1105700-1191-F.jpg
3253634682495;1105700;1191;https://content.morgandetoi.fr/el-corte-ingles/1105700-1191-F.jpg
3253634682198;1105701;979;https://content.morgandetoi.fr/el-corte-ingles/1105701-979-F.jpg
3253634682549;1105701;979;https://content.morgandetoi.fr/el-corte-ingles/1105701-979-F.jpg
3253634682532;1105701;979;https://content.morgandetoi.fr/el-corte-ingles/1105701-979-F.jpg
3253634682525;1105701;979;https://content.morgandetoi.fr/el-corte-ingles/1105701-979-F.jpg
3253634682518;1105701;979;https://content.morgandetoi.fr/el-corte-ingles/1105701-979-F.jpg
3253634682563;1105702;1198;https://content.morgandetoi.fr/el-corte-ingles/1105702-1198-F.jpg
3253634682587;1105702;1198;https://content.morgandetoi.fr/el-corte-ingles/1105702-1198-F.jpg
3253634682204;1105702;1198;https://content.morgandetoi.fr/el-corte-ingles/1105702-1198-F.jpg
3253634682570;1105702;1198;https://content.morgandetoi.fr/el-corte-ingles/1105702-1198-F.jpg
3253634682556;1105702;1198;https://content.morgandetoi.fr/el-corte-ingles/1105702-1198-F.jpg
3253634682617;1105702;401;https://content.morgandetoi.fr/el-corte-ingles/1105702-401-F.jpg
3253634682594;1105702;401;https://content.morgandetoi.fr/el-corte-ingles/1105702-401-F.jpg
3253634682624;1105702;401;https://content.morgandetoi.fr/el-corte-ingles/1105702-401-F.jpg
3253634682600;1105702;401;https://content.morgandetoi.fr/el-corte-ingles/1105702-401-F.jpg
3253634682211;1105702;401;https://content.morgandetoi.fr/el-corte-ingles/1105702-401-F.jpg
3253634682228;1105703;1118;https://content.morgandetoi.fr/el-corte-ingles/1105703-1118-F.jpg
3253634682631;1105703;1118;https://content.morgandetoi.fr/el-corte-ingles/1105703-1118-F.jpg
3253634682662;1105703;1118;https://content.morgandetoi.fr/el-corte-ingles/1105703-1118-F.jpg
3253634682648;1105703;1118;https://content.morgandetoi.fr/el-corte-ingles/1105703-1118-F.jpg
3253634682655;1105703;1118;https://content.morgandetoi.fr/el-corte-ingles/1105703-1118-F.jpg
3253634682716;1105704;931;https://content.morgandetoi.fr/el-corte-ingles/1105704-931-F.jpg
3253634682747;1105704;931;https://content.morgandetoi.fr/el-corte-ingles/1105704-931-F.jpg
3253634682730;1105704;931;https://content.morgandetoi.fr/el-corte-ingles/1105704-931-F.jpg
3253634682723;1105704;931;https://content.morgandetoi.fr/el-corte-ingles/1105704-931-F.jpg
3253634682679;1105704;931;https://content.morgandetoi.fr/el-corte-ingles/1105704-931-F.jpg
3253634682815;1105706;1199;https://content.morgandetoi.fr/el-corte-ingles/1105706-1199-F.jpg
3253634682792;1105706;1199;https://content.morgandetoi.fr/el-corte-ingles/1105706-1199-F.jpg
3253634682822;1105706;1199;https://content.morgandetoi.fr/el-corte-ingles/1105706-1199-F.jpg
3253634682808;1105706;1199;https://content.morgandetoi.fr/el-corte-ingles/1105706-1199-F.jpg
3253634682839;1105706;1199;https://content.morgandetoi.fr/el-corte-ingles/1105706-1199-F.jpg
3253634692647;1105706;1191;https://content.morgandetoi.fr/el-corte-ingles/1105706-1191-F.jpg
3253634692630;1105706;1191;https://content.morgandetoi.fr/el-corte-ingles/1105706-1191-F.jpg
3253634692623;1105706;1191;https://content.morgandetoi.fr/el-corte-ingles/1105706-1191-F.jpg
3253634692616;1105706;1191;https://content.morgandetoi.fr/el-corte-ingles/1105706-1191-F.jpg
3253634692326;1105706;1191;https://content.morgandetoi.fr/el-corte-ingles/1105706-1191-F.jpg
3253634682884;1105707;931;https://content.morgandetoi.fr/el-corte-ingles/1105707-931-F.jpg
3253634682860;1105707;931;https://content.morgandetoi.fr/el-corte-ingles/1105707-931-F.jpg
3253634682846;1105707;931;https://content.morgandetoi.fr/el-corte-ingles/1105707-931-F.jpg
3253634682877;1105707;931;https://content.morgandetoi.fr/el-corte-ingles/1105707-931-F.jpg
3253634682891;1105707;931;https://content.morgandetoi.fr/el-corte-ingles/1105707-931-F.jpg
3253634682921;1105708;930;https://content.morgandetoi.fr/el-corte-ingles/1105708-930-F.jpg
3253634682907;1105708;930;https://content.morgandetoi.fr/el-corte-ingles/1105708-930-F.jpg
3253634682938;1105708;930;https://content.morgandetoi.fr/el-corte-ingles/1105708-930-F.jpg
3253634682914;1105708;930;https://content.morgandetoi.fr/el-corte-ingles/1105708-930-F.jpg
3253634682853;1105708;930;https://content.morgandetoi.fr/el-corte-ingles/1105708-930-F.jpg
3253634683119;1105709;1132;https://content.morgandetoi.fr/el-corte-ingles/1105709-1132-F.jpg
3253634683010;1105709;1132;https://content.morgandetoi.fr/el-corte-ingles/1105709-1132-F.jpg
3253634683126;1105709;1132;https://content.morgandetoi.fr/el-corte-ingles/1105709-1132-F.jpg
3253634683102;1105709;1132;https://content.morgandetoi.fr/el-corte-ingles/1105709-1132-F.jpg
3253634683096;1105709;1132;https://content.morgandetoi.fr/el-corte-ingles/1105709-1132-F.jpg
3253634683164;1105709;1138;https://content.morgandetoi.fr/el-corte-ingles/1105709-1138-F.jpg
3253634683157;1105709;1138;https://content.morgandetoi.fr/el-corte-ingles/1105709-1138-F.jpg
3253634683140;1105709;1138;https://content.morgandetoi.fr/el-corte-ingles/1105709-1138-F.jpg
3253634683133;1105709;1138;https://content.morgandetoi.fr/el-corte-ingles/1105709-1138-F.jpg
3253634683027;1105709;1138;https://content.morgandetoi.fr/el-corte-ingles/1105709-1138-F.jpg
3253634685083;1105740;931;https://content.morgandetoi.fr/el-corte-ingles/1105740-931-F.jpg
3253634685069;1105740;931;https://content.morgandetoi.fr/el-corte-ingles/1105740-931-F.jpg
3253634685045;1105740;931;https://content.morgandetoi.fr/el-corte-ingles/1105740-931-F.jpg
3253634685076;1105740;931;https://content.morgandetoi.fr/el-corte-ingles/1105740-931-F.jpg
3253634685052;1105740;931;https://content.morgandetoi.fr/el-corte-ingles/1105740-931-F.jpg
3253634683638;1105740;931;https://content.morgandetoi.fr/el-corte-ingles/1105740-931-F.jpg
3253634685090;1105741;979;https://content.morgandetoi.fr/el-corte-ingles/1105741-979-F.jpg
3253634685120;1105741;979;https://content.morgandetoi.fr/el-corte-ingles/1105741-979-F.jpg
3253634685137;1105741;979;https://content.morgandetoi.fr/el-corte-ingles/1105741-979-F.jpg
3253634685113;1105741;979;https://content.morgandetoi.fr/el-corte-ingles/1105741-979-F.jpg
3253634685106;1105741;979;https://content.morgandetoi.fr/el-corte-ingles/1105741-979-F.jpg
3253634683645;1105741;979;https://content.morgandetoi.fr/el-corte-ingles/1105741-979-F.jpg
3253634685168;1105742;931;https://content.morgandetoi.fr/el-corte-ingles/1105742-931-F.jpg
3253634685182;1105742;931;https://content.morgandetoi.fr/el-corte-ingles/1105742-931-F.jpg
3253634685144;1105742;931;https://content.morgandetoi.fr/el-corte-ingles/1105742-931-F.jpg
3253634685175;1105742;931;https://content.morgandetoi.fr/el-corte-ingles/1105742-931-F.jpg
3253634683652;1105742;931;https://content.morgandetoi.fr/el-corte-ingles/1105742-931-F.jpg
3253634685151;1105742;931;https://content.morgandetoi.fr/el-corte-ingles/1105742-931-F.jpg
3253634685212;1105743;1213;https://content.morgandetoi.fr/el-corte-ingles/1105743-1213-F.jpg
3253634685229;1105743;1213;https://content.morgandetoi.fr/el-corte-ingles/1105743-1213-F.jpg
3253634683669;1105743;1213;https://content.morgandetoi.fr/el-corte-ingles/1105743-1213-F.jpg
3253634685205;1105743;1213;https://content.morgandetoi.fr/el-corte-ingles/1105743-1213-F.jpg
3253634685199;1105743;1213;https://content.morgandetoi.fr/el-corte-ingles/1105743-1213-F.jpg
3253634685274;1105744;979;https://content.morgandetoi.fr/el-corte-ingles/1105744-979-F.jpg
3253634685236;1105744;979;https://content.morgandetoi.fr/el-corte-ingles/1105744-979-F.jpg
3253634685267;1105744;979;https://content.morgandetoi.fr/el-corte-ingles/1105744-979-F.jpg
3253634683683;1105744;979;https://content.morgandetoi.fr/el-corte-ingles/1105744-979-F.jpg
3253634685250;1105744;979;https://content.morgandetoi.fr/el-corte-ingles/1105744-979-F.jpg
3253634685243;1105744;979;https://content.morgandetoi.fr/el-corte-ingles/1105744-979-F.jpg
3253634683690;1105745;931;https://content.morgandetoi.fr/el-corte-ingles/1105745-931-F.jpg
3253634685304;1105745;931;https://content.morgandetoi.fr/el-corte-ingles/1105745-931-F.jpg
3253634685281;1105745;931;https://content.morgandetoi.fr/el-corte-ingles/1105745-931-F.jpg
3253634685328;1105745;931;https://content.morgandetoi.fr/el-corte-ingles/1105745-931-F.jpg
3253634685311;1105745;931;https://content.morgandetoi.fr/el-corte-ingles/1105745-931-F.jpg
3253634685298;1105745;931;https://content.morgandetoi.fr/el-corte-ingles/1105745-931-F.jpg
3253634685373;1105746;1166;https://content.morgandetoi.fr/el-corte-ingles/1105746-1166-F.jpg
3253634685342;1105746;1166;https://content.morgandetoi.fr/el-corte-ingles/1105746-1166-F.jpg
3253634685359;1105746;1166;https://content.morgandetoi.fr/el-corte-ingles/1105746-1166-F.jpg
3253634685366;1105746;1166;https://content.morgandetoi.fr/el-corte-ingles/1105746-1166-F.jpg
3253634683713;1105746;1166;https://content.morgandetoi.fr/el-corte-ingles/1105746-1166-F.jpg
3253634685335;1105746;1166;https://content.morgandetoi.fr/el-corte-ingles/1105746-1166-F.jpg
3253634685403;1105747;1166;https://content.morgandetoi.fr/el-corte-ingles/1105747-1166-F.jpg
3253634685397;1105747;1166;https://content.morgandetoi.fr/el-corte-ingles/1105747-1166-F.jpg
3253634685380;1105747;1166;https://content.morgandetoi.fr/el-corte-ingles/1105747-1166-F.jpg
3253634685410;1105747;1166;https://content.morgandetoi.fr/el-corte-ingles/1105747-1166-F.jpg
3253634683720;1105747;1166;https://content.morgandetoi.fr/el-corte-ingles/1105747-1166-F.jpg
3253634685427;1105747;1166;https://content.morgandetoi.fr/el-corte-ingles/1105747-1166-F.jpg
3253634683737;1105748;1200;https://content.morgandetoi.fr/el-corte-ingles/1105748-1200-F.jpg
3253634685465;1105748;1200;https://content.morgandetoi.fr/el-corte-ingles/1105748-1200-F.jpg
3253634685458;1105748;1200;https://content.morgandetoi.fr/el-corte-ingles/1105748-1200-F.jpg
3253634685472;1105748;1200;https://content.morgandetoi.fr/el-corte-ingles/1105748-1200-F.jpg
3253634685441;1105748;1200;https://content.morgandetoi.fr/el-corte-ingles/1105748-1200-F.jpg
3253634685434;1105748;1200;https://content.morgandetoi.fr/el-corte-ingles/1105748-1200-F.jpg
3253634685489;1105748;931;https://content.morgandetoi.fr/el-corte-ingles/1105748-931-F.jpg
3253634685519;1105748;931;https://content.morgandetoi.fr/el-corte-ingles/1105748-931-F.jpg
3253634685496;1105748;931;https://content.morgandetoi.fr/el-corte-ingles/1105748-931-F.jpg
3253634685526;1105748;931;https://content.morgandetoi.fr/el-corte-ingles/1105748-931-F.jpg
3253634685502;1105748;931;https://content.morgandetoi.fr/el-corte-ingles/1105748-931-F.jpg
3253634683744;1105748;931;https://content.morgandetoi.fr/el-corte-ingles/1105748-931-F.jpg
3253634685564;1105749;1198;https://content.morgandetoi.fr/el-corte-ingles/1105749-1198-F.jpg
3253634685540;1105749;1198;https://content.morgandetoi.fr/el-corte-ingles/1105749-1198-F.jpg
3253634685533;1105749;1198;https://content.morgandetoi.fr/el-corte-ingles/1105749-1198-F.jpg
3253634685557;1105749;1198;https://content.morgandetoi.fr/el-corte-ingles/1105749-1198-F.jpg
3253634685571;1105749;1198;https://content.morgandetoi.fr/el-corte-ingles/1105749-1198-F.jpg
3253634683751;1105749;1198;https://content.morgandetoi.fr/el-corte-ingles/1105749-1198-F.jpg
3253634685601;1105750;1144;https://content.morgandetoi.fr/el-corte-ingles/1105750-1144-F.jpg
3253634685625;1105750;1144;https://content.morgandetoi.fr/el-corte-ingles/1105750-1144-F.jpg
3253634683768;1105750;1144;https://content.morgandetoi.fr/el-corte-ingles/1105750-1144-F.jpg
3253634685618;1105750;1144;https://content.morgandetoi.fr/el-corte-ingles/1105750-1144-F.jpg
3253634685588;1105750;1144;https://content.morgandetoi.fr/el-corte-ingles/1105750-1144-F.jpg
3253634685595;1105750;1144;https://content.morgandetoi.fr/el-corte-ingles/1105750-1144-F.jpg
3253634685670;1105751;931;https://content.morgandetoi.fr/el-corte-ingles/1105751-931-F.jpg
3253634685656;1105751;931;https://content.morgandetoi.fr/el-corte-ingles/1105751-931-F.jpg
3253634685649;1105751;931;https://content.morgandetoi.fr/el-corte-ingles/1105751-931-F.jpg
3253634685632;1105751;931;https://content.morgandetoi.fr/el-corte-ingles/1105751-931-F.jpg
3253634683775;1105751;931;https://content.morgandetoi.fr/el-corte-ingles/1105751-931-F.jpg
3253634685663;1105751;931;https://content.morgandetoi.fr/el-corte-ingles/1105751-931-F.jpg
3253634683782;1105752;931;https://content.morgandetoi.fr/el-corte-ingles/1105752-931-F.jpg
3253634685687;1105752;931;https://content.morgandetoi.fr/el-corte-ingles/1105752-931-F.jpg
3253634685700;1105752;931;https://content.morgandetoi.fr/el-corte-ingles/1105752-931-F.jpg
3253634685724;1105752;931;https://content.morgandetoi.fr/el-corte-ingles/1105752-931-F.jpg
3253634685717;1105752;931;https://content.morgandetoi.fr/el-corte-ingles/1105752-931-F.jpg
3253634685694;1105752;931;https://content.morgandetoi.fr/el-corte-ingles/1105752-931-F.jpg
3253634684253;1105724;1198;https://content.morgandetoi.fr/el-corte-ingles/1105724-1198-F.jpg
3253634684239;1105724;1198;https://content.morgandetoi.fr/el-corte-ingles/1105724-1198-F.jpg
3253634684222;1105724;1198;https://content.morgandetoi.fr/el-corte-ingles/1105724-1198-F.jpg
3253634684260;1105724;1198;https://content.morgandetoi.fr/el-corte-ingles/1105724-1198-F.jpg
3253634684246;1105724;1198;https://content.morgandetoi.fr/el-corte-ingles/1105724-1198-F.jpg
3253634683447;1105724;1198;https://content.morgandetoi.fr/el-corte-ingles/1105724-1198-F.jpg
3253634685748;1105753;1205;https://content.morgandetoi.fr/el-corte-ingles/1105753-1205-F.jpg
3253634685779;1105753;1205;https://content.morgandetoi.fr/el-corte-ingles/1105753-1205-F.jpg
3253634685731;1105753;1205;https://content.morgandetoi.fr/el-corte-ingles/1105753-1205-F.jpg
3253634683799;1105753;1205;https://content.morgandetoi.fr/el-corte-ingles/1105753-1205-F.jpg
3253634685762;1105753;1205;https://content.morgandetoi.fr/el-corte-ingles/1105753-1205-F.jpg
3253634685755;1105753;1205;https://content.morgandetoi.fr/el-corte-ingles/1105753-1205-F.jpg
3253634683454;1105725;1144;https://content.morgandetoi.fr/el-corte-ingles/1105725-1144-F.jpg
3253634684307;1105725;1144;https://content.morgandetoi.fr/el-corte-ingles/1105725-1144-F.jpg
3253634684291;1105725;1144;https://content.morgandetoi.fr/el-corte-ingles/1105725-1144-F.jpg
3253634684277;1105725;1144;https://content.morgandetoi.fr/el-corte-ingles/1105725-1144-F.jpg
3253634684314;1105725;1144;https://content.morgandetoi.fr/el-corte-ingles/1105725-1144-F.jpg
3253634684284;1105725;1144;https://content.morgandetoi.fr/el-corte-ingles/1105725-1144-F.jpg
3253634685786;1105754;931;https://content.morgandetoi.fr/el-corte-ingles/1105754-931-F.jpg
3253634685823;1105754;931;https://content.morgandetoi.fr/el-corte-ingles/1105754-931-F.jpg
3253634685793;1105754;931;https://content.morgandetoi.fr/el-corte-ingles/1105754-931-F.jpg
3253634683805;1105754;931;https://content.morgandetoi.fr/el-corte-ingles/1105754-931-F.jpg
3253634685809;1105754;931;https://content.morgandetoi.fr/el-corte-ingles/1105754-931-F.jpg
3253634685816;1105754;931;https://content.morgandetoi.fr/el-corte-ingles/1105754-931-F.jpg
3253634684369;1105726;931;https://content.morgandetoi.fr/el-corte-ingles/1105726-931-F.jpg
3253634684352;1105726;931;https://content.morgandetoi.fr/el-corte-ingles/1105726-931-F.jpg
3253634684345;1105726;931;https://content.morgandetoi.fr/el-corte-ingles/1105726-931-F.jpg
3253634684338;1105726;931;https://content.morgandetoi.fr/el-corte-ingles/1105726-931-F.jpg
3253634684321;1105726;931;https://content.morgandetoi.fr/el-corte-ingles/1105726-931-F.jpg
3253634683461;1105726;931;https://content.morgandetoi.fr/el-corte-ingles/1105726-931-F.jpg
3253634685847;1105755;993;https://content.morgandetoi.fr/el-corte-ingles/1105755-993-F.jpg
3253634683812;1105755;993;https://content.morgandetoi.fr/el-corte-ingles/1105755-993-F.jpg
3253634685878;1105755;993;https://content.morgandetoi.fr/el-corte-ingles/1105755-993-F.jpg
3253634685861;1105755;993;https://content.morgandetoi.fr/el-corte-ingles/1105755-993-F.jpg
3253634685854;1105755;993;https://content.morgandetoi.fr/el-corte-ingles/1105755-993-F.jpg
3253634685830;1105755;993;https://content.morgandetoi.fr/el-corte-ingles/1105755-993-F.jpg
3253634684413;1105727;931;https://content.morgandetoi.fr/el-corte-ingles/1105727-931-F.jpg
3253634684390;1105727;931;https://content.morgandetoi.fr/el-corte-ingles/1105727-931-F.jpg
3253634684383;1105727;931;https://content.morgandetoi.fr/el-corte-ingles/1105727-931-F.jpg
3253634684376;1105727;931;https://content.morgandetoi.fr/el-corte-ingles/1105727-931-F.jpg
3253634683478;1105727;931;https://content.morgandetoi.fr/el-corte-ingles/1105727-931-F.jpg
3253634684406;1105727;931;https://content.morgandetoi.fr/el-corte-ingles/1105727-931-F.jpg
3253634685915;1105756;1198;https://content.morgandetoi.fr/el-corte-ingles/1105756-1198-F.jpg
3253634685908;1105756;1198;https://content.morgandetoi.fr/el-corte-ingles/1105756-1198-F.jpg
3253634685892;1105756;1198;https://content.morgandetoi.fr/el-corte-ingles/1105756-1198-F.jpg
3253634683829;1105756;1198;https://content.morgandetoi.fr/el-corte-ingles/1105756-1198-F.jpg
3253634685922;1105756;1198;https://content.morgandetoi.fr/el-corte-ingles/1105756-1198-F.jpg
3253634685885;1105756;1198;https://content.morgandetoi.fr/el-corte-ingles/1105756-1198-F.jpg
3253634683485;1105728;1205;https://content.morgandetoi.fr/el-corte-ingles/1105728-1205-F.jpg
3253634684468;1105728;1205;https://content.morgandetoi.fr/el-corte-ingles/1105728-1205-F.jpg
3253634684420;1105728;1205;https://content.morgandetoi.fr/el-corte-ingles/1105728-1205-F.jpg
3253634684451;1105728;1205;https://content.morgandetoi.fr/el-corte-ingles/1105728-1205-F.jpg
3253634684444;1105728;1205;https://content.morgandetoi.fr/el-corte-ingles/1105728-1205-F.jpg
3253634684437;1105728;1205;https://content.morgandetoi.fr/el-corte-ingles/1105728-1205-F.jpg
3253634685977;1105757;993;https://content.morgandetoi.fr/el-corte-ingles/1105757-993-F.jpg
3253634685939;1105757;993;https://content.morgandetoi.fr/el-corte-ingles/1105757-993-F.jpg
3253634683843;1105757;993;https://content.morgandetoi.fr/el-corte-ingles/1105757-993-F.jpg
3253634685960;1105757;993;https://content.morgandetoi.fr/el-corte-ingles/1105757-993-F.jpg
3253634685946;1105757;993;https://content.morgandetoi.fr/el-corte-ingles/1105757-993-F.jpg
3253634685953;1105757;993;https://content.morgandetoi.fr/el-corte-ingles/1105757-993-F.jpg
3253634684512;1105729;993;https://content.morgandetoi.fr/el-corte-ingles/1105729-993-F.jpg
3253634684499;1105729;993;https://content.morgandetoi.fr/el-corte-ingles/1105729-993-F.jpg
3253634684475;1105729;993;https://content.morgandetoi.fr/el-corte-ingles/1105729-993-F.jpg
3253634684505;1105729;993;https://content.morgandetoi.fr/el-corte-ingles/1105729-993-F.jpg
3253634683492;1105729;993;https://content.morgandetoi.fr/el-corte-ingles/1105729-993-F.jpg
3253634684482;1105729;993;https://content.morgandetoi.fr/el-corte-ingles/1105729-993-F.jpg
3253634685991;1105758;1118;https://content.morgandetoi.fr/el-corte-ingles/1105758-1118-F.jpg
3253634683850;1105758;1118;https://content.morgandetoi.fr/el-corte-ingles/1105758-1118-F.jpg
3253634686004;1105758;1118;https://content.morgandetoi.fr/el-corte-ingles/1105758-1118-F.jpg
3253634686011;1105758;1118;https://content.morgandetoi.fr/el-corte-ingles/1105758-1118-F.jpg
3253634685984;1105758;1118;https://content.morgandetoi.fr/el-corte-ingles/1105758-1118-F.jpg
3253634686059;1105759;993;https://content.morgandetoi.fr/el-corte-ingles/1105759-993-F.jpg
3253634686035;1105759;993;https://content.morgandetoi.fr/el-corte-ingles/1105759-993-F.jpg
3253634686066;1105759;993;https://content.morgandetoi.fr/el-corte-ingles/1105759-993-F.jpg
3253634686042;1105759;993;https://content.morgandetoi.fr/el-corte-ingles/1105759-993-F.jpg
3253634683867;1105759;993;https://content.morgandetoi.fr/el-corte-ingles/1105759-993-F.jpg
3253634686028;1105759;993;https://content.morgandetoi.fr/el-corte-ingles/1105759-993-F.jpg
3253634684604;1105731;401;https://content.morgandetoi.fr/el-corte-ingles/1105731-401-F.jpg
3253634684598;1105731;401;https://content.morgandetoi.fr/el-corte-ingles/1105731-401-F.jpg
3253634684581;1105731;401;https://content.morgandetoi.fr/el-corte-ingles/1105731-401-F.jpg
3253634683515;1105731;401;https://content.morgandetoi.fr/el-corte-ingles/1105731-401-F.jpg
3253634684574;1105731;401;https://content.morgandetoi.fr/el-corte-ingles/1105731-401-F.jpg
3253634684659;1105732;1118;https://content.morgandetoi.fr/el-corte-ingles/1105732-1118-F.jpg
3253634684611;1105732;1118;https://content.morgandetoi.fr/el-corte-ingles/1105732-1118-F.jpg
3253634683522;1105732;1118;https://content.morgandetoi.fr/el-corte-ingles/1105732-1118-F.jpg
3253634684642;1105732;1118;https://content.morgandetoi.fr/el-corte-ingles/1105732-1118-F.jpg
3253634684635;1105732;1118;https://content.morgandetoi.fr/el-corte-ingles/1105732-1118-F.jpg
3253634684628;1105732;1118;https://content.morgandetoi.fr/el-corte-ingles/1105732-1118-F.jpg
3253634686158;1105761;1023;https://content.morgandetoi.fr/el-corte-ingles/1105761-1023-F.jpg
3253634683904;1105761;1023;https://content.morgandetoi.fr/el-corte-ingles/1105761-1023-F.jpg
3253634686141;1105761;1023;https://content.morgandetoi.fr/el-corte-ingles/1105761-1023-F.jpg
3253634686127;1105761;1023;https://content.morgandetoi.fr/el-corte-ingles/1105761-1023-F.jpg
3253634686134;1105761;1023;https://content.morgandetoi.fr/el-corte-ingles/1105761-1023-F.jpg
3253634686165;1105761;1023;https://content.morgandetoi.fr/el-corte-ingles/1105761-1023-F.jpg
3253634684680;1105733;931;https://content.morgandetoi.fr/el-corte-ingles/1105733-931-F.jpg
3253634684703;1105733;931;https://content.morgandetoi.fr/el-corte-ingles/1105733-931-F.jpg
3253634684673;1105733;931;https://content.morgandetoi.fr/el-corte-ingles/1105733-931-F.jpg
3253634684666;1105733;931;https://content.morgandetoi.fr/el-corte-ingles/1105733-931-F.jpg
3253634684697;1105733;931;https://content.morgandetoi.fr/el-corte-ingles/1105733-931-F.jpg
3253634683539;1105733;931;https://content.morgandetoi.fr/el-corte-ingles/1105733-931-F.jpg
3253634686486;1105762;900;https://content.morgandetoi.fr/el-corte-ingles/1105762-900-F.jpg
3253634686493;1105762;900;https://content.morgandetoi.fr/el-corte-ingles/1105762-900-F.jpg
3253634686172;1105762;900;https://content.morgandetoi.fr/el-corte-ingles/1105762-900-F.jpg
3253634686479;1105762;900;https://content.morgandetoi.fr/el-corte-ingles/1105762-900-F.jpg
3253634686462;1105762;900;https://content.morgandetoi.fr/el-corte-ingles/1105762-900-F.jpg
3253634684758;1105734;900;https://content.morgandetoi.fr/el-corte-ingles/1105734-900-F.jpg
3253634684710;1105734;900;https://content.morgandetoi.fr/el-corte-ingles/1105734-900-F.jpg
3253634684741;1105734;900;https://content.morgandetoi.fr/el-corte-ingles/1105734-900-F.jpg
3253634684727;1105734;900;https://content.morgandetoi.fr/el-corte-ingles/1105734-900-F.jpg
3253634684734;1105734;900;https://content.morgandetoi.fr/el-corte-ingles/1105734-900-F.jpg
3253634683546;1105734;900;https://content.morgandetoi.fr/el-corte-ingles/1105734-900-F.jpg
3253634684796;1105735;900;https://content.morgandetoi.fr/el-corte-ingles/1105735-900-F.jpg
3253634684765;1105735;900;https://content.morgandetoi.fr/el-corte-ingles/1105735-900-F.jpg
3253634683553;1105735;900;https://content.morgandetoi.fr/el-corte-ingles/1105735-900-F.jpg
3253634684802;1105735;900;https://content.morgandetoi.fr/el-corte-ingles/1105735-900-F.jpg
3253634684772;1105735;900;https://content.morgandetoi.fr/el-corte-ingles/1105735-900-F.jpg
3253634684789;1105735;900;https://content.morgandetoi.fr/el-corte-ingles/1105735-900-F.jpg
3253634684819;1105736;900;https://content.morgandetoi.fr/el-corte-ingles/1105736-900-F.jpg
3253634684857;1105736;900;https://content.morgandetoi.fr/el-corte-ingles/1105736-900-F.jpg
3253634684833;1105736;900;https://content.morgandetoi.fr/el-corte-ingles/1105736-900-F.jpg
3253634684826;1105736;900;https://content.morgandetoi.fr/el-corte-ingles/1105736-900-F.jpg
3253634684840;1105736;900;https://content.morgandetoi.fr/el-corte-ingles/1105736-900-F.jpg
3253634683577;1105736;900;https://content.morgandetoi.fr/el-corte-ingles/1105736-900-F.jpg
3253634686219;1105764;900;https://content.morgandetoi.fr/el-corte-ingles/1105764-900-F.jpg
3253634686585;1105764;900;https://content.morgandetoi.fr/el-corte-ingles/1105764-900-F.jpg
3253634686608;1105764;900;https://content.morgandetoi.fr/el-corte-ingles/1105764-900-F.jpg
3253634686615;1105764;900;https://content.morgandetoi.fr/el-corte-ingles/1105764-900-F.jpg
3253634686592;1105764;900;https://content.morgandetoi.fr/el-corte-ingles/1105764-900-F.jpg
3253634684895;1105737;1205;https://content.morgandetoi.fr/el-corte-ingles/1105737-1205-F.jpg
3253634683591;1105737;1205;https://content.morgandetoi.fr/el-corte-ingles/1105737-1205-F.jpg
3253634684864;1105737;1205;https://content.morgandetoi.fr/el-corte-ingles/1105737-1205-F.jpg
3253634684888;1105737;1205;https://content.morgandetoi.fr/el-corte-ingles/1105737-1205-F.jpg
3253634684871;1105737;1205;https://content.morgandetoi.fr/el-corte-ingles/1105737-1205-F.jpg
3253634683607;1105737;931;https://content.morgandetoi.fr/el-corte-ingles/1105737-931-F.jpg
3253634684932;1105737;931;https://content.morgandetoi.fr/el-corte-ingles/1105737-931-F.jpg
3253634684918;1105737;931;https://content.morgandetoi.fr/el-corte-ingles/1105737-931-F.jpg
3253634684901;1105737;931;https://content.morgandetoi.fr/el-corte-ingles/1105737-931-F.jpg
3253634684925;1105737;931;https://content.morgandetoi.fr/el-corte-ingles/1105737-931-F.jpg
3253634686226;1105765;931;https://content.morgandetoi.fr/el-corte-ingles/1105765-931-F.jpg
3253634686622;1105765;931;https://content.morgandetoi.fr/el-corte-ingles/1105765-931-F.jpg
3253634686646;1105765;931;https://content.morgandetoi.fr/el-corte-ingles/1105765-931-F.jpg
3253634686639;1105765;931;https://content.morgandetoi.fr/el-corte-ingles/1105765-931-F.jpg
3253634686653;1105765;931;https://content.morgandetoi.fr/el-corte-ingles/1105765-931-F.jpg
3253634684987;1105738;1023;https://content.morgandetoi.fr/el-corte-ingles/1105738-1023-F.jpg
3253634684949;1105738;1023;https://content.morgandetoi.fr/el-corte-ingles/1105738-1023-F.jpg
3253634683614;1105738;1023;https://content.morgandetoi.fr/el-corte-ingles/1105738-1023-F.jpg
3253634684963;1105738;1023;https://content.morgandetoi.fr/el-corte-ingles/1105738-1023-F.jpg
3253634684970;1105738;1023;https://content.morgandetoi.fr/el-corte-ingles/1105738-1023-F.jpg
3253634684956;1105738;1023;https://content.morgandetoi.fr/el-corte-ingles/1105738-1023-F.jpg
3253634686738;1105767;931;https://content.morgandetoi.fr/el-corte-ingles/1105767-931-F.jpg
3253634686257;1105767;931;https://content.morgandetoi.fr/el-corte-ingles/1105767-931-F.jpg
3253634686745;1105767;931;https://content.morgandetoi.fr/el-corte-ingles/1105767-931-F.jpg
3253634686721;1105767;931;https://content.morgandetoi.fr/el-corte-ingles/1105767-931-F.jpg
3253634686714;1105767;931;https://content.morgandetoi.fr/el-corte-ingles/1105767-931-F.jpg
3253634685007;1105739;979;https://content.morgandetoi.fr/el-corte-ingles/1105739-979-F.jpg
3253634685021;1105739;979;https://content.morgandetoi.fr/el-corte-ingles/1105739-979-F.jpg
3253634685014;1105739;979;https://content.morgandetoi.fr/el-corte-ingles/1105739-979-F.jpg
3253634684994;1105739;979;https://content.morgandetoi.fr/el-corte-ingles/1105739-979-F.jpg
3253634685038;1105739;979;https://content.morgandetoi.fr/el-corte-ingles/1105739-979-F.jpg
3253634683621;1105739;979;https://content.morgandetoi.fr/el-corte-ingles/1105739-979-F.jpg
3253634686844;1105769;900;https://content.morgandetoi.fr/el-corte-ingles/1105769-900-F.jpg
3253634686820;1105769;900;https://content.morgandetoi.fr/el-corte-ingles/1105769-900-F.jpg
3253634686806;1105769;900;https://content.morgandetoi.fr/el-corte-ingles/1105769-900-F.jpg
3253634686837;1105769;900;https://content.morgandetoi.fr/el-corte-ingles/1105769-900-F.jpg
3253634686295;1105769;900;https://content.morgandetoi.fr/el-corte-ingles/1105769-900-F.jpg
3253634686813;1105769;900;https://content.morgandetoi.fr/el-corte-ingles/1105769-900-F.jpg
3253634686851;1105770;931;https://content.morgandetoi.fr/el-corte-ingles/1105770-931-F.jpg
3253634686943;1105770;931;https://content.morgandetoi.fr/el-corte-ingles/1105770-931-F.jpg
3253634686936;1105770;931;https://content.morgandetoi.fr/el-corte-ingles/1105770-931-F.jpg
3253634686929;1105770;931;https://content.morgandetoi.fr/el-corte-ingles/1105770-931-F.jpg
3253634686912;1105770;931;https://content.morgandetoi.fr/el-corte-ingles/1105770-931-F.jpg
3253634687261;1105771;994;https://content.morgandetoi.fr/el-corte-ingles/1105771-994-F.jpg
3253634687254;1105771;994;https://content.morgandetoi.fr/el-corte-ingles/1105771-994-F.jpg
3253634687247;1105771;994;https://content.morgandetoi.fr/el-corte-ingles/1105771-994-F.jpg
3253634687223;1105771;994;https://content.morgandetoi.fr/el-corte-ingles/1105771-994-F.jpg
3253634686950;1105771;994;https://content.morgandetoi.fr/el-corte-ingles/1105771-994-F.jpg
3253634687230;1105771;994;https://content.morgandetoi.fr/el-corte-ingles/1105771-994-F.jpg
3253634687292;1105772;900;https://content.morgandetoi.fr/el-corte-ingles/1105772-900-F.jpg
3253634687285;1105772;900;https://content.morgandetoi.fr/el-corte-ingles/1105772-900-F.jpg
3253634687278;1105772;900;https://content.morgandetoi.fr/el-corte-ingles/1105772-900-F.jpg
3253634687308;1105772;900;https://content.morgandetoi.fr/el-corte-ingles/1105772-900-F.jpg
3253634686967;1105772;900;https://content.morgandetoi.fr/el-corte-ingles/1105772-900-F.jpg
3253634687315;1105772;900;https://content.morgandetoi.fr/el-corte-ingles/1105772-900-F.jpg
3253634687469;1105774;900;https://content.morgandetoi.fr/el-corte-ingles/1105774-900-F.jpg
3253634687438;1105774;900;https://content.morgandetoi.fr/el-corte-ingles/1105774-900-F.jpg
3253634687421;1105774;900;https://content.morgandetoi.fr/el-corte-ingles/1105774-900-F.jpg
3253634686998;1105774;900;https://content.morgandetoi.fr/el-corte-ingles/1105774-900-F.jpg
3253634687452;1105774;900;https://content.morgandetoi.fr/el-corte-ingles/1105774-900-F.jpg
3253634687445;1105774;900;https://content.morgandetoi.fr/el-corte-ingles/1105774-900-F.jpg
3253634687490;1105775;994;https://content.morgandetoi.fr/el-corte-ingles/1105775-994-F.jpg
3253634687483;1105775;994;https://content.morgandetoi.fr/el-corte-ingles/1105775-994-F.jpg
3253634687506;1105775;994;https://content.morgandetoi.fr/el-corte-ingles/1105775-994-F.jpg
3253634687476;1105775;994;https://content.morgandetoi.fr/el-corte-ingles/1105775-994-F.jpg
3253634687513;1105775;994;https://content.morgandetoi.fr/el-corte-ingles/1105775-994-F.jpg
3253634687001;1105775;994;https://content.morgandetoi.fr/el-corte-ingles/1105775-994-F.jpg
3253634687568;1105776;900;https://content.morgandetoi.fr/el-corte-ingles/1105776-900-F.jpg
3253634687551;1105776;900;https://content.morgandetoi.fr/el-corte-ingles/1105776-900-F.jpg
3253634687544;1105776;900;https://content.morgandetoi.fr/el-corte-ingles/1105776-900-F.jpg
3253634687537;1105776;900;https://content.morgandetoi.fr/el-corte-ingles/1105776-900-F.jpg
3253634687520;1105776;900;https://content.morgandetoi.fr/el-corte-ingles/1105776-900-F.jpg
3253634687018;1105776;900;https://content.morgandetoi.fr/el-corte-ingles/1105776-900-F.jpg
3253634687605;1105777;994;https://content.morgandetoi.fr/el-corte-ingles/1105777-994-F.jpg
3253634687582;1105777;994;https://content.morgandetoi.fr/el-corte-ingles/1105777-994-F.jpg
3253634687612;1105777;994;https://content.morgandetoi.fr/el-corte-ingles/1105777-994-F.jpg
3253634687575;1105777;994;https://content.morgandetoi.fr/el-corte-ingles/1105777-994-F.jpg
3253634687599;1105777;994;https://content.morgandetoi.fr/el-corte-ingles/1105777-994-F.jpg
3253634687025;1105777;994;https://content.morgandetoi.fr/el-corte-ingles/1105777-994-F.jpg
3253634687032;1105778;900;https://content.morgandetoi.fr/el-corte-ingles/1105778-900-F.jpg
3253634687643;1105778;900;https://content.morgandetoi.fr/el-corte-ingles/1105778-900-F.jpg
3253634687636;1105778;900;https://content.morgandetoi.fr/el-corte-ingles/1105778-900-F.jpg
3253634687629;1105778;900;https://content.morgandetoi.fr/el-corte-ingles/1105778-900-F.jpg
3253634687667;1105778;900;https://content.morgandetoi.fr/el-corte-ingles/1105778-900-F.jpg
3253634687650;1105778;900;https://content.morgandetoi.fr/el-corte-ingles/1105778-900-F.jpg
3253634687742;1105780;900;https://content.morgandetoi.fr/el-corte-ingles/1105780-900-F.jpg
3253634687766;1105780;900;https://content.morgandetoi.fr/el-corte-ingles/1105780-900-F.jpg
3253634687735;1105780;900;https://content.morgandetoi.fr/el-corte-ingles/1105780-900-F.jpg
3253634687759;1105780;900;https://content.morgandetoi.fr/el-corte-ingles/1105780-900-F.jpg
3253634687728;1105780;900;https://content.morgandetoi.fr/el-corte-ingles/1105780-900-F.jpg
3253634687063;1105780;900;https://content.morgandetoi.fr/el-corte-ingles/1105780-900-F.jpg
3253634687803;1105781;1219;https://content.morgandetoi.fr/el-corte-ingles/1105781-1219-F.jpg
3253634687780;1105781;1219;https://content.morgandetoi.fr/el-corte-ingles/1105781-1219-F.jpg
3253634687773;1105781;1219;https://content.morgandetoi.fr/el-corte-ingles/1105781-1219-F.jpg
3253634687070;1105781;1219;https://content.morgandetoi.fr/el-corte-ingles/1105781-1219-F.jpg
3253634687810;1105781;1219;https://content.morgandetoi.fr/el-corte-ingles/1105781-1219-F.jpg
3253634687797;1105781;1219;https://content.morgandetoi.fr/el-corte-ingles/1105781-1219-F.jpg
3253634687858;1105782;1118;https://content.morgandetoi.fr/el-corte-ingles/1105782-1118-F.jpg
3253634687865;1105782;1118;https://content.morgandetoi.fr/el-corte-ingles/1105782-1118-F.jpg
3253634687827;1105782;1118;https://content.morgandetoi.fr/el-corte-ingles/1105782-1118-F.jpg
3253634687094;1105782;1118;https://content.morgandetoi.fr/el-corte-ingles/1105782-1118-F.jpg
3253634687841;1105782;1118;https://content.morgandetoi.fr/el-corte-ingles/1105782-1118-F.jpg
3253634687834;1105782;1118;https://content.morgandetoi.fr/el-corte-ingles/1105782-1118-F.jpg
3253634687988;1105783;900;https://content.morgandetoi.fr/el-corte-ingles/1105783-900-F.jpg
3253634688015;1105783;900;https://content.morgandetoi.fr/el-corte-ingles/1105783-900-F.jpg
3253634688008;1105783;900;https://content.morgandetoi.fr/el-corte-ingles/1105783-900-F.jpg
3253634687117;1105783;900;https://content.morgandetoi.fr/el-corte-ingles/1105783-900-F.jpg
3253634687971;1105783;900;https://content.morgandetoi.fr/el-corte-ingles/1105783-900-F.jpg
3253634687995;1105783;900;https://content.morgandetoi.fr/el-corte-ingles/1105783-900-F.jpg
3253634690049;1105794;1200;https://content.morgandetoi.fr/el-corte-ingles/1105794-1200-F.jpg
3253634690087;1105794;1200;https://content.morgandetoi.fr/el-corte-ingles/1105794-1200-F.jpg
3253634690056;1105794;1200;https://content.morgandetoi.fr/el-corte-ingles/1105794-1200-F.jpg
3253634690063;1105794;1200;https://content.morgandetoi.fr/el-corte-ingles/1105794-1200-F.jpg
3253634690070;1105794;1200;https://content.morgandetoi.fr/el-corte-ingles/1105794-1200-F.jpg
3253634688206;1105794;1200;https://content.morgandetoi.fr/el-corte-ingles/1105794-1200-F.jpg
3253634690117;1105795;1199;https://content.morgandetoi.fr/el-corte-ingles/1105795-1199-F.jpg
3253634688213;1105795;1199;https://content.morgandetoi.fr/el-corte-ingles/1105795-1199-F.jpg
3253634690131;1105795;1199;https://content.morgandetoi.fr/el-corte-ingles/1105795-1199-F.jpg
3253634690094;1105795;1199;https://content.morgandetoi.fr/el-corte-ingles/1105795-1199-F.jpg
3253634690124;1105795;1199;https://content.morgandetoi.fr/el-corte-ingles/1105795-1199-F.jpg
3253634690100;1105795;1199;https://content.morgandetoi.fr/el-corte-ingles/1105795-1199-F.jpg
3253634690179;1105796;308;https://content.morgandetoi.fr/el-corte-ingles/1105796-308-F.jpg
3253634690148;1105796;308;https://content.morgandetoi.fr/el-corte-ingles/1105796-308-F.jpg
3253634690162;1105796;308;https://content.morgandetoi.fr/el-corte-ingles/1105796-308-F.jpg
3253634688220;1105796;308;https://content.morgandetoi.fr/el-corte-ingles/1105796-308-F.jpg
3253634690186;1105796;308;https://content.morgandetoi.fr/el-corte-ingles/1105796-308-F.jpg
3253634690155;1105796;308;https://content.morgandetoi.fr/el-corte-ingles/1105796-308-F.jpg
3253634690223;1105797;1144;https://content.morgandetoi.fr/el-corte-ingles/1105797-1144-F.jpg
3253634688237;1105797;1144;https://content.morgandetoi.fr/el-corte-ingles/1105797-1144-F.jpg
3253634690216;1105797;1144;https://content.morgandetoi.fr/el-corte-ingles/1105797-1144-F.jpg
3253634690193;1105797;1144;https://content.morgandetoi.fr/el-corte-ingles/1105797-1144-F.jpg
3253634690230;1105797;1144;https://content.morgandetoi.fr/el-corte-ingles/1105797-1144-F.jpg
3253634690209;1105797;1144;https://content.morgandetoi.fr/el-corte-ingles/1105797-1144-F.jpg
3253634690247;1105798;900;https://content.morgandetoi.fr/el-corte-ingles/1105798-900-F.jpg
3253634688268;1105798;900;https://content.morgandetoi.fr/el-corte-ingles/1105798-900-F.jpg
3253634690254;1105798;900;https://content.morgandetoi.fr/el-corte-ingles/1105798-900-F.jpg
3253634690278;1105798;900;https://content.morgandetoi.fr/el-corte-ingles/1105798-900-F.jpg
3253634690261;1105798;900;https://content.morgandetoi.fr/el-corte-ingles/1105798-900-F.jpg
3253634690285;1105798;900;https://content.morgandetoi.fr/el-corte-ingles/1105798-900-F.jpg
3253634690339;1105799;1200;https://content.morgandetoi.fr/el-corte-ingles/1105799-1200-F.jpg
3253634690322;1105799;1200;https://content.morgandetoi.fr/el-corte-ingles/1105799-1200-F.jpg
3253634690292;1105799;1200;https://content.morgandetoi.fr/el-corte-ingles/1105799-1200-F.jpg
3253634690308;1105799;1200;https://content.morgandetoi.fr/el-corte-ingles/1105799-1200-F.jpg
3253634688275;1105799;1200;https://content.morgandetoi.fr/el-corte-ingles/1105799-1200-F.jpg
3253634690315;1105799;1200;https://content.morgandetoi.fr/el-corte-ingles/1105799-1200-F.jpg
3253634690377;1105800;1023;https://content.morgandetoi.fr/el-corte-ingles/1105800-1023-F.jpg
3253634690360;1105800;1023;https://content.morgandetoi.fr/el-corte-ingles/1105800-1023-F.jpg
3253634690384;1105800;1023;https://content.morgandetoi.fr/el-corte-ingles/1105800-1023-F.jpg
3253634690353;1105800;1023;https://content.morgandetoi.fr/el-corte-ingles/1105800-1023-F.jpg
3253634690346;1105800;1023;https://content.morgandetoi.fr/el-corte-ingles/1105800-1023-F.jpg
3253634688282;1105800;1023;https://content.morgandetoi.fr/el-corte-ingles/1105800-1023-F.jpg
3253634690421;1105801;1191;https://content.morgandetoi.fr/el-corte-ingles/1105801-1191-F.jpg
3253634690391;1105801;1191;https://content.morgandetoi.fr/el-corte-ingles/1105801-1191-F.jpg
3253634690438;1105801;1191;https://content.morgandetoi.fr/el-corte-ingles/1105801-1191-F.jpg
3253634690407;1105801;1191;https://content.morgandetoi.fr/el-corte-ingles/1105801-1191-F.jpg
3253634688305;1105801;1191;https://content.morgandetoi.fr/el-corte-ingles/1105801-1191-F.jpg
3253634690414;1105801;1191;https://content.morgandetoi.fr/el-corte-ingles/1105801-1191-F.jpg
3253634690483;1105802;979;https://content.morgandetoi.fr/el-corte-ingles/1105802-979-F.jpg
3253634690476;1105802;979;https://content.morgandetoi.fr/el-corte-ingles/1105802-979-F.jpg
3253634690452;1105802;979;https://content.morgandetoi.fr/el-corte-ingles/1105802-979-F.jpg
3253634688312;1105802;979;https://content.morgandetoi.fr/el-corte-ingles/1105802-979-F.jpg
3253634690469;1105802;979;https://content.morgandetoi.fr/el-corte-ingles/1105802-979-F.jpg
3253634690445;1105802;979;https://content.morgandetoi.fr/el-corte-ingles/1105802-979-F.jpg
3253634690513;1105803;900;https://content.morgandetoi.fr/el-corte-ingles/1105803-900-F.jpg
3253634690520;1105803;900;https://content.morgandetoi.fr/el-corte-ingles/1105803-900-F.jpg
3253634690506;1105803;900;https://content.morgandetoi.fr/el-corte-ingles/1105803-900-F.jpg
3253634690490;1105803;900;https://content.morgandetoi.fr/el-corte-ingles/1105803-900-F.jpg
3253634688329;1105803;900;https://content.morgandetoi.fr/el-corte-ingles/1105803-900-F.jpg
3253634690537;1105803;900;https://content.morgandetoi.fr/el-corte-ingles/1105803-900-F.jpg
3253634690575;1105804;979;https://content.morgandetoi.fr/el-corte-ingles/1105804-979-F.jpg
3253634690551;1105804;979;https://content.morgandetoi.fr/el-corte-ingles/1105804-979-F.jpg
3253634688336;1105804;979;https://content.morgandetoi.fr/el-corte-ingles/1105804-979-F.jpg
3253634690582;1105804;979;https://content.morgandetoi.fr/el-corte-ingles/1105804-979-F.jpg
3253634690544;1105804;979;https://content.morgandetoi.fr/el-corte-ingles/1105804-979-F.jpg
3253634690568;1105804;979;https://content.morgandetoi.fr/el-corte-ingles/1105804-979-F.jpg
3253634693460;1105804;931;https://content.morgandetoi.fr/el-corte-ingles/1105804-931-F.jpg
3253634703237;1105804;931;https://content.morgandetoi.fr/el-corte-ingles/1105804-931-F.jpg
3253634703251;1105804;931;https://content.morgandetoi.fr/el-corte-ingles/1105804-931-F.jpg
3253634703213;1105804;931;https://content.morgandetoi.fr/el-corte-ingles/1105804-931-F.jpg
3253634703244;1105804;931;https://content.morgandetoi.fr/el-corte-ingles/1105804-931-F.jpg
3253634703220;1105804;931;https://content.morgandetoi.fr/el-corte-ingles/1105804-931-F.jpg
3253634690605;1105805;900;https://content.morgandetoi.fr/el-corte-ingles/1105805-900-F.jpg
3253634690599;1105805;900;https://content.morgandetoi.fr/el-corte-ingles/1105805-900-F.jpg
3253634690612;1105805;900;https://content.morgandetoi.fr/el-corte-ingles/1105805-900-F.jpg
3253634688343;1105805;900;https://content.morgandetoi.fr/el-corte-ingles/1105805-900-F.jpg
3253634690636;1105805;900;https://content.morgandetoi.fr/el-corte-ingles/1105805-900-F.jpg
3253634690629;1105805;900;https://content.morgandetoi.fr/el-corte-ingles/1105805-900-F.jpg
3253634690674;1105806;1144;https://content.morgandetoi.fr/el-corte-ingles/1105806-1144-F.jpg
3253634690643;1105806;1144;https://content.morgandetoi.fr/el-corte-ingles/1105806-1144-F.jpg
3253634690650;1105806;1144;https://content.morgandetoi.fr/el-corte-ingles/1105806-1144-F.jpg
3253634690667;1105806;1144;https://content.morgandetoi.fr/el-corte-ingles/1105806-1144-F.jpg
3253634688350;1105806;1144;https://content.morgandetoi.fr/el-corte-ingles/1105806-1144-F.jpg
3253634690681;1105806;1144;https://content.morgandetoi.fr/el-corte-ingles/1105806-1144-F.jpg
3253634690728;1105807;931;https://content.morgandetoi.fr/el-corte-ingles/1105807-931-F.jpg
3253634690735;1105807;931;https://content.morgandetoi.fr/el-corte-ingles/1105807-931-F.jpg
3253634690698;1105807;931;https://content.morgandetoi.fr/el-corte-ingles/1105807-931-F.jpg
3253634690711;1105807;931;https://content.morgandetoi.fr/el-corte-ingles/1105807-931-F.jpg
3253634690704;1105807;931;https://content.morgandetoi.fr/el-corte-ingles/1105807-931-F.jpg
3253634688367;1105807;931;https://content.morgandetoi.fr/el-corte-ingles/1105807-931-F.jpg
3253634690742;1105808;985;https://content.morgandetoi.fr/el-corte-ingles/1105808-985-F.jpg
3253634690780;1105808;985;https://content.morgandetoi.fr/el-corte-ingles/1105808-985-F.jpg
3253634688374;1105808;985;https://content.morgandetoi.fr/el-corte-ingles/1105808-985-F.jpg
3253634690773;1105808;985;https://content.morgandetoi.fr/el-corte-ingles/1105808-985-F.jpg
3253634690766;1105808;985;https://content.morgandetoi.fr/el-corte-ingles/1105808-985-F.jpg
3253634690759;1105808;985;https://content.morgandetoi.fr/el-corte-ingles/1105808-985-F.jpg
3253634690834;1105809;1166;https://content.morgandetoi.fr/el-corte-ingles/1105809-1166-F.jpg
3253634690803;1105809;1166;https://content.morgandetoi.fr/el-corte-ingles/1105809-1166-F.jpg
3253634688381;1105809;1166;https://content.morgandetoi.fr/el-corte-ingles/1105809-1166-F.jpg
3253634690810;1105809;1166;https://content.morgandetoi.fr/el-corte-ingles/1105809-1166-F.jpg
3253634690827;1105809;1166;https://content.morgandetoi.fr/el-corte-ingles/1105809-1166-F.jpg
3253634690797;1105809;1166;https://content.morgandetoi.fr/el-corte-ingles/1105809-1166-F.jpg
3253634690889;1105810;1200;https://content.morgandetoi.fr/el-corte-ingles/1105810-1200-F.jpg
3253634690865;1105810;1200;https://content.morgandetoi.fr/el-corte-ingles/1105810-1200-F.jpg
3253634690872;1105810;1200;https://content.morgandetoi.fr/el-corte-ingles/1105810-1200-F.jpg
3253634688398;1105810;1200;https://content.morgandetoi.fr/el-corte-ingles/1105810-1200-F.jpg
3253634690858;1105810;1200;https://content.morgandetoi.fr/el-corte-ingles/1105810-1200-F.jpg
3253634690841;1105810;1200;https://content.morgandetoi.fr/el-corte-ingles/1105810-1200-F.jpg
3253634690896;1105811;929;https://content.morgandetoi.fr/el-corte-ingles/1105811-929-F.jpg
3253634690919;1105811;929;https://content.morgandetoi.fr/el-corte-ingles/1105811-929-F.jpg
3253634688466;1105811;929;https://content.morgandetoi.fr/el-corte-ingles/1105811-929-F.jpg
3253634690933;1105811;929;https://content.morgandetoi.fr/el-corte-ingles/1105811-929-F.jpg
3253634690926;1105811;929;https://content.morgandetoi.fr/el-corte-ingles/1105811-929-F.jpg
3253634690902;1105811;929;https://content.morgandetoi.fr/el-corte-ingles/1105811-929-F.jpg
3253634690988;1105812;1200;https://content.morgandetoi.fr/el-corte-ingles/1105812-1200-F.jpg
3253634690964;1105812;1200;https://content.morgandetoi.fr/el-corte-ingles/1105812-1200-F.jpg
3253634690957;1105812;1200;https://content.morgandetoi.fr/el-corte-ingles/1105812-1200-F.jpg
3253634688473;1105812;1200;https://content.morgandetoi.fr/el-corte-ingles/1105812-1200-F.jpg
3253634690971;1105812;1200;https://content.morgandetoi.fr/el-corte-ingles/1105812-1200-F.jpg
3253634690940;1105812;1200;https://content.morgandetoi.fr/el-corte-ingles/1105812-1200-F.jpg
3253634691039;1105813;1201;https://content.morgandetoi.fr/el-corte-ingles/1105813-1201-F.jpg
3253634690995;1105813;1201;https://content.morgandetoi.fr/el-corte-ingles/1105813-1201-F.jpg
3253634691022;1105813;1201;https://content.morgandetoi.fr/el-corte-ingles/1105813-1201-F.jpg
3253634691015;1105813;1201;https://content.morgandetoi.fr/el-corte-ingles/1105813-1201-F.jpg
3253634688497;1105813;1201;https://content.morgandetoi.fr/el-corte-ingles/1105813-1201-F.jpg
3253634691008;1105813;1201;https://content.morgandetoi.fr/el-corte-ingles/1105813-1201-F.jpg
3253634691077;1105814;900;https://content.morgandetoi.fr/el-corte-ingles/1105814-900-F.jpg
3253634691060;1105814;900;https://content.morgandetoi.fr/el-corte-ingles/1105814-900-F.jpg
3253634691053;1105814;900;https://content.morgandetoi.fr/el-corte-ingles/1105814-900-F.jpg
3253634688503;1105814;900;https://content.morgandetoi.fr/el-corte-ingles/1105814-900-F.jpg
3253634691084;1105814;900;https://content.morgandetoi.fr/el-corte-ingles/1105814-900-F.jpg
3253634691046;1105814;900;https://content.morgandetoi.fr/el-corte-ingles/1105814-900-F.jpg
3253634691138;1105815;900;https://content.morgandetoi.fr/el-corte-ingles/1105815-900-F.jpg
3253634691121;1105815;900;https://content.morgandetoi.fr/el-corte-ingles/1105815-900-F.jpg
3253634691114;1105815;900;https://content.morgandetoi.fr/el-corte-ingles/1105815-900-F.jpg
3253634691107;1105815;900;https://content.morgandetoi.fr/el-corte-ingles/1105815-900-F.jpg
3253634688534;1105815;900;https://content.morgandetoi.fr/el-corte-ingles/1105815-900-F.jpg
3253634691091;1105815;900;https://content.morgandetoi.fr/el-corte-ingles/1105815-900-F.jpg
3253634691183;1105816;987;https://content.morgandetoi.fr/el-corte-ingles/1105816-987-F.jpg
3253634691145;1105816;987;https://content.morgandetoi.fr/el-corte-ingles/1105816-987-F.jpg
3253634691169;1105816;987;https://content.morgandetoi.fr/el-corte-ingles/1105816-987-F.jpg
3253634691176;1105816;987;https://content.morgandetoi.fr/el-corte-ingles/1105816-987-F.jpg
3253634691152;1105816;987;https://content.morgandetoi.fr/el-corte-ingles/1105816-987-F.jpg
3253634688541;1105816;987;https://content.morgandetoi.fr/el-corte-ingles/1105816-987-F.jpg
3253634691237;1105817;931;https://content.morgandetoi.fr/el-corte-ingles/1105817-931-F.jpg
3253634691220;1105817;931;https://content.morgandetoi.fr/el-corte-ingles/1105817-931-F.jpg
3253634691206;1105817;931;https://content.morgandetoi.fr/el-corte-ingles/1105817-931-F.jpg
3253634688558;1105817;931;https://content.morgandetoi.fr/el-corte-ingles/1105817-931-F.jpg
3253634691213;1105817;931;https://content.morgandetoi.fr/el-corte-ingles/1105817-931-F.jpg
3253634691190;1105817;931;https://content.morgandetoi.fr/el-corte-ingles/1105817-931-F.jpg
3253634691282;1105818;931;https://content.morgandetoi.fr/el-corte-ingles/1105818-931-F.jpg
3253634691275;1105818;931;https://content.morgandetoi.fr/el-corte-ingles/1105818-931-F.jpg
3253634691268;1105818;931;https://content.morgandetoi.fr/el-corte-ingles/1105818-931-F.jpg
3253634691251;1105818;931;https://content.morgandetoi.fr/el-corte-ingles/1105818-931-F.jpg
3253634691244;1105818;931;https://content.morgandetoi.fr/el-corte-ingles/1105818-931-F.jpg
3253634688565;1105818;931;https://content.morgandetoi.fr/el-corte-ingles/1105818-931-F.jpg
3253634691312;1105819;308;https://content.morgandetoi.fr/el-corte-ingles/1105819-308-F.jpg
3253634691305;1105819;308;https://content.morgandetoi.fr/el-corte-ingles/1105819-308-F.jpg
3253634691336;1105819;308;https://content.morgandetoi.fr/el-corte-ingles/1105819-308-F.jpg
3253634691299;1105819;308;https://content.morgandetoi.fr/el-corte-ingles/1105819-308-F.jpg
3253634688572;1105819;308;https://content.morgandetoi.fr/el-corte-ingles/1105819-308-F.jpg
3253634691329;1105819;308;https://content.morgandetoi.fr/el-corte-ingles/1105819-308-F.jpg
3253634691367;1105820;1191;https://content.morgandetoi.fr/el-corte-ingles/1105820-1191-F.jpg
3253634691343;1105820;1191;https://content.morgandetoi.fr/el-corte-ingles/1105820-1191-F.jpg
3253634688589;1105820;1191;https://content.morgandetoi.fr/el-corte-ingles/1105820-1191-F.jpg
3253634691350;1105820;1191;https://content.morgandetoi.fr/el-corte-ingles/1105820-1191-F.jpg
3253634691381;1105820;1191;https://content.morgandetoi.fr/el-corte-ingles/1105820-1191-F.jpg
3253634691374;1105820;1191;https://content.morgandetoi.fr/el-corte-ingles/1105820-1191-F.jpg
3253634692173;1105820;1199;https://content.morgandetoi.fr/el-corte-ingles/1105820-1199-F.jpg
3253634692159;1105820;1199;https://content.morgandetoi.fr/el-corte-ingles/1105820-1199-F.jpg
3253634692180;1105820;1199;https://content.morgandetoi.fr/el-corte-ingles/1105820-1199-F.jpg
3253634692197;1105820;1199;https://content.morgandetoi.fr/el-corte-ingles/1105820-1199-F.jpg
3253634692166;1105820;1199;https://content.morgandetoi.fr/el-corte-ingles/1105820-1199-F.jpg
3253634691824;1105820;1199;https://content.morgandetoi.fr/el-corte-ingles/1105820-1199-F.jpg
3253634691404;1105821;1213;https://content.morgandetoi.fr/el-corte-ingles/1105821-1213-F.jpg
3253634691398;1105821;1213;https://content.morgandetoi.fr/el-corte-ingles/1105821-1213-F.jpg
3253634691435;1105821;1213;https://content.morgandetoi.fr/el-corte-ingles/1105821-1213-F.jpg
3253634691411;1105821;1213;https://content.morgandetoi.fr/el-corte-ingles/1105821-1213-F.jpg
3253634691428;1105821;1213;https://content.morgandetoi.fr/el-corte-ingles/1105821-1213-F.jpg
3253634688626;1105821;1213;https://content.morgandetoi.fr/el-corte-ingles/1105821-1213-F.jpg
3253634691466;1105822;931;https://content.morgandetoi.fr/el-corte-ingles/1105822-931-F.jpg
3253634688633;1105822;931;https://content.morgandetoi.fr/el-corte-ingles/1105822-931-F.jpg
3253634691480;1105822;931;https://content.morgandetoi.fr/el-corte-ingles/1105822-931-F.jpg
3253634691473;1105822;931;https://content.morgandetoi.fr/el-corte-ingles/1105822-931-F.jpg
3253634691459;1105822;931;https://content.morgandetoi.fr/el-corte-ingles/1105822-931-F.jpg
3253634691442;1105822;931;https://content.morgandetoi.fr/el-corte-ingles/1105822-931-F.jpg
3253634691503;1105823;1201;https://content.morgandetoi.fr/el-corte-ingles/1105823-1201-F.jpg
3253634691510;1105823;1201;https://content.morgandetoi.fr/el-corte-ingles/1105823-1201-F.jpg
3253634691527;1105823;1201;https://content.morgandetoi.fr/el-corte-ingles/1105823-1201-F.jpg
3253634691497;1105823;1201;https://content.morgandetoi.fr/el-corte-ingles/1105823-1201-F.jpg
3253634688640;1105823;1201;https://content.morgandetoi.fr/el-corte-ingles/1105823-1201-F.jpg
3253634691534;1105823;1201;https://content.morgandetoi.fr/el-corte-ingles/1105823-1201-F.jpg
3253634691565;1105824;979;https://content.morgandetoi.fr/el-corte-ingles/1105824-979-F.jpg
3253634691558;1105824;979;https://content.morgandetoi.fr/el-corte-ingles/1105824-979-F.jpg
3253634688657;1105824;979;https://content.morgandetoi.fr/el-corte-ingles/1105824-979-F.jpg
3253634691572;1105824;979;https://content.morgandetoi.fr/el-corte-ingles/1105824-979-F.jpg
3253634691541;1105824;979;https://content.morgandetoi.fr/el-corte-ingles/1105824-979-F.jpg
3253634691589;1105824;979;https://content.morgandetoi.fr/el-corte-ingles/1105824-979-F.jpg
3253634688664;1105825;900;https://content.morgandetoi.fr/el-corte-ingles/1105825-900-F.jpg
3253634691633;1105825;900;https://content.morgandetoi.fr/el-corte-ingles/1105825-900-F.jpg
3253634691626;1105825;900;https://content.morgandetoi.fr/el-corte-ingles/1105825-900-F.jpg
3253634691619;1105825;900;https://content.morgandetoi.fr/el-corte-ingles/1105825-900-F.jpg
3253634691602;1105825;900;https://content.morgandetoi.fr/el-corte-ingles/1105825-900-F.jpg
3253634691596;1105825;900;https://content.morgandetoi.fr/el-corte-ingles/1105825-900-F.jpg
3253634691640;1105826;1118;https://content.morgandetoi.fr/el-corte-ingles/1105826-1118-F.jpg
3253634691688;1105826;1118;https://content.morgandetoi.fr/el-corte-ingles/1105826-1118-F.jpg
3253634691657;1105826;1118;https://content.morgandetoi.fr/el-corte-ingles/1105826-1118-F.jpg
3253634688671;1105826;1118;https://content.morgandetoi.fr/el-corte-ingles/1105826-1118-F.jpg
3253634691671;1105826;1118;https://content.morgandetoi.fr/el-corte-ingles/1105826-1118-F.jpg
3253634691664;1105826;1118;https://content.morgandetoi.fr/el-corte-ingles/1105826-1118-F.jpg
3253634688688;1105827;1023;https://content.morgandetoi.fr/el-corte-ingles/1105827-1023-F.jpg
3253634691732;1105827;1023;https://content.morgandetoi.fr/el-corte-ingles/1105827-1023-F.jpg
3253634691725;1105827;1023;https://content.morgandetoi.fr/el-corte-ingles/1105827-1023-F.jpg
3253634691718;1105827;1023;https://content.morgandetoi.fr/el-corte-ingles/1105827-1023-F.jpg
3253634691701;1105827;1023;https://content.morgandetoi.fr/el-corte-ingles/1105827-1023-F.jpg
3253634691695;1105827;1023;https://content.morgandetoi.fr/el-corte-ingles/1105827-1023-F.jpg
3253634691817;1105828;930;https://content.morgandetoi.fr/el-corte-ingles/1105828-930-F.jpg
3253634692227;1105828;930;https://content.morgandetoi.fr/el-corte-ingles/1105828-930-F.jpg
3253634692203;1105828;930;https://content.morgandetoi.fr/el-corte-ingles/1105828-930-F.jpg
3253634692234;1105828;930;https://content.morgandetoi.fr/el-corte-ingles/1105828-930-F.jpg
3253634692210;1105828;930;https://content.morgandetoi.fr/el-corte-ingles/1105828-930-F.jpg
3253634692333;1105831;931;https://content.morgandetoi.fr/el-corte-ingles/1105831-931-F.jpg
3253634692661;1105831;931;https://content.morgandetoi.fr/el-corte-ingles/1105831-931-F.jpg
3253634692654;1105831;931;https://content.morgandetoi.fr/el-corte-ingles/1105831-931-F.jpg
3253634692685;1105831;931;https://content.morgandetoi.fr/el-corte-ingles/1105831-931-F.jpg
3253634692678;1105831;931;https://content.morgandetoi.fr/el-corte-ingles/1105831-931-F.jpg
3253634692784;1105832;979;https://content.morgandetoi.fr/el-corte-ingles/1105832-979-F.jpg
3253634692807;1105832;979;https://content.morgandetoi.fr/el-corte-ingles/1105832-979-F.jpg
3253634692340;1105832;979;https://content.morgandetoi.fr/el-corte-ingles/1105832-979-F.jpg
3253634692791;1105832;979;https://content.morgandetoi.fr/el-corte-ingles/1105832-979-F.jpg
3253634692777;1105832;979;https://content.morgandetoi.fr/el-corte-ingles/1105832-979-F.jpg
3253634692708;1105832;1023;https://content.morgandetoi.fr/el-corte-ingles/1105832-1023-F.jpg
3253634692692;1105832;1023;https://content.morgandetoi.fr/el-corte-ingles/1105832-1023-F.jpg
3253634692722;1105832;1023;https://content.morgandetoi.fr/el-corte-ingles/1105832-1023-F.jpg
3253634692357;1105832;1023;https://content.morgandetoi.fr/el-corte-ingles/1105832-1023-F.jpg
3253634692715;1105832;1023;https://content.morgandetoi.fr/el-corte-ingles/1105832-1023-F.jpg
3253634692760;1105832;931;https://content.morgandetoi.fr/el-corte-ingles/1105832-931-F.jpg
3253634692746;1105832;931;https://content.morgandetoi.fr/el-corte-ingles/1105832-931-F.jpg
3253634692739;1105832;931;https://content.morgandetoi.fr/el-corte-ingles/1105832-931-F.jpg
3253634692364;1105832;931;https://content.morgandetoi.fr/el-corte-ingles/1105832-931-F.jpg
3253634692753;1105832;931;https://content.morgandetoi.fr/el-corte-ingles/1105832-931-F.jpg
3253634692814;1105833;931;https://content.morgandetoi.fr/el-corte-ingles/1105833-931-F.jpg
3253634692845;1105833;931;https://content.morgandetoi.fr/el-corte-ingles/1105833-931-F.jpg
3253634692821;1105833;931;https://content.morgandetoi.fr/el-corte-ingles/1105833-931-F.jpg
3253634692838;1105833;931;https://content.morgandetoi.fr/el-corte-ingles/1105833-931-F.jpg
3253634692371;1105833;931;https://content.morgandetoi.fr/el-corte-ingles/1105833-931-F.jpg
3253634692883;1105834;931;https://content.morgandetoi.fr/el-corte-ingles/1105834-931-F.jpg
3253634692869;1105834;931;https://content.morgandetoi.fr/el-corte-ingles/1105834-931-F.jpg
3253634692876;1105834;931;https://content.morgandetoi.fr/el-corte-ingles/1105834-931-F.jpg
3253634692852;1105834;931;https://content.morgandetoi.fr/el-corte-ingles/1105834-931-F.jpg
3253634692388;1105834;931;https://content.morgandetoi.fr/el-corte-ingles/1105834-931-F.jpg
3253634735436;1105834;979;https://content.morgandetoi.fr/el-corte-ingles/1105834-979-F.jpg
3253634735450;1105834;979;https://content.morgandetoi.fr/el-corte-ingles/1105834-979-F.jpg
3253634735443;1105834;979;https://content.morgandetoi.fr/el-corte-ingles/1105834-979-F.jpg
3253634735467;1105834;979;https://content.morgandetoi.fr/el-corte-ingles/1105834-979-F.jpg
3253634735474;1105834;979;https://content.morgandetoi.fr/el-corte-ingles/1105834-979-F.jpg
3253634692890;1105835;931;https://content.morgandetoi.fr/el-corte-ingles/1105835-931-F.jpg
3253634692906;1105835;931;https://content.morgandetoi.fr/el-corte-ingles/1105835-931-F.jpg
3253634692395;1105835;931;https://content.morgandetoi.fr/el-corte-ingles/1105835-931-F.jpg
3253634692913;1105835;931;https://content.morgandetoi.fr/el-corte-ingles/1105835-931-F.jpg
3253634692920;1105835;931;https://content.morgandetoi.fr/el-corte-ingles/1105835-931-F.jpg
3253634692418;1105836;1213;https://content.morgandetoi.fr/el-corte-ingles/1105836-1213-F.jpg
3253634692999;1105836;1213;https://content.morgandetoi.fr/el-corte-ingles/1105836-1213-F.jpg
3253634692982;1105836;1213;https://content.morgandetoi.fr/el-corte-ingles/1105836-1213-F.jpg
3253634692975;1105836;1213;https://content.morgandetoi.fr/el-corte-ingles/1105836-1213-F.jpg
3253634693002;1105836;1213;https://content.morgandetoi.fr/el-corte-ingles/1105836-1213-F.jpg
3253634693026;1105837;1144;https://content.morgandetoi.fr/el-corte-ingles/1105837-1144-F.jpg
3253634693033;1105837;1144;https://content.morgandetoi.fr/el-corte-ingles/1105837-1144-F.jpg
3253634693019;1105837;1144;https://content.morgandetoi.fr/el-corte-ingles/1105837-1144-F.jpg
3253634693040;1105837;1144;https://content.morgandetoi.fr/el-corte-ingles/1105837-1144-F.jpg
3253634692449;1105837;1144;https://content.morgandetoi.fr/el-corte-ingles/1105837-1144-F.jpg
3253634693064;1105838;1198;https://content.morgandetoi.fr/el-corte-ingles/1105838-1198-F.jpg
3253634693057;1105838;1198;https://content.morgandetoi.fr/el-corte-ingles/1105838-1198-F.jpg
3253634692456;1105838;1198;https://content.morgandetoi.fr/el-corte-ingles/1105838-1198-F.jpg
3253634693088;1105838;1198;https://content.morgandetoi.fr/el-corte-ingles/1105838-1198-F.jpg
3253634693071;1105838;1198;https://content.morgandetoi.fr/el-corte-ingles/1105838-1198-F.jpg
3253634693125;1105839;931;https://content.morgandetoi.fr/el-corte-ingles/1105839-931-F.jpg
3253634693095;1105839;931;https://content.morgandetoi.fr/el-corte-ingles/1105839-931-F.jpg
3253634693118;1105839;931;https://content.morgandetoi.fr/el-corte-ingles/1105839-931-F.jpg
3253634692463;1105839;931;https://content.morgandetoi.fr/el-corte-ingles/1105839-931-F.jpg
3253634693101;1105839;931;https://content.morgandetoi.fr/el-corte-ingles/1105839-931-F.jpg
3253634693156;1105840;931;https://content.morgandetoi.fr/el-corte-ingles/1105840-931-F.jpg
3253634693163;1105840;931;https://content.morgandetoi.fr/el-corte-ingles/1105840-931-F.jpg
3253634693149;1105840;931;https://content.morgandetoi.fr/el-corte-ingles/1105840-931-F.jpg
3253634692470;1105840;931;https://content.morgandetoi.fr/el-corte-ingles/1105840-931-F.jpg
3253634693132;1105840;931;https://content.morgandetoi.fr/el-corte-ingles/1105840-931-F.jpg
3253634693194;1105841;1166;https://content.morgandetoi.fr/el-corte-ingles/1105841-1166-F.jpg
3253634692487;1105841;1166;https://content.morgandetoi.fr/el-corte-ingles/1105841-1166-F.jpg
3253634693170;1105841;1166;https://content.morgandetoi.fr/el-corte-ingles/1105841-1166-F.jpg
3253634693187;1105841;1166;https://content.morgandetoi.fr/el-corte-ingles/1105841-1166-F.jpg
3253634693200;1105841;1166;https://content.morgandetoi.fr/el-corte-ingles/1105841-1166-F.jpg
3253634693330;1105842;931;https://content.morgandetoi.fr/el-corte-ingles/1105842-931-F.jpg
3253634693361;1105842;931;https://content.morgandetoi.fr/el-corte-ingles/1105842-931-F.jpg
3253634692494;1105842;931;https://content.morgandetoi.fr/el-corte-ingles/1105842-931-F.jpg
3253634693354;1105842;931;https://content.morgandetoi.fr/el-corte-ingles/1105842-931-F.jpg
3253634693347;1105842;931;https://content.morgandetoi.fr/el-corte-ingles/1105842-931-F.jpg
3253634693224;1105842;1023;https://content.morgandetoi.fr/el-corte-ingles/1105842-1023-F.jpg
3253634692500;1105842;1023;https://content.morgandetoi.fr/el-corte-ingles/1105842-1023-F.jpg
3253634693231;1105842;1023;https://content.morgandetoi.fr/el-corte-ingles/1105842-1023-F.jpg
3253634693217;1105842;1023;https://content.morgandetoi.fr/el-corte-ingles/1105842-1023-F.jpg
3253634693248;1105842;1023;https://content.morgandetoi.fr/el-corte-ingles/1105842-1023-F.jpg
3253634693262;1105842;1199;https://content.morgandetoi.fr/el-corte-ingles/1105842-1199-F.jpg
3253634692517;1105842;1199;https://content.morgandetoi.fr/el-corte-ingles/1105842-1199-F.jpg
3253634693286;1105842;1199;https://content.morgandetoi.fr/el-corte-ingles/1105842-1199-F.jpg
3253634693279;1105842;1199;https://content.morgandetoi.fr/el-corte-ingles/1105842-1199-F.jpg
3253634693255;1105842;1199;https://content.morgandetoi.fr/el-corte-ingles/1105842-1199-F.jpg
3253634693309;1105842;1200;https://content.morgandetoi.fr/el-corte-ingles/1105842-1200-F.jpg
3253634693323;1105842;1200;https://content.morgandetoi.fr/el-corte-ingles/1105842-1200-F.jpg
3253634692524;1105842;1200;https://content.morgandetoi.fr/el-corte-ingles/1105842-1200-F.jpg
3253634693316;1105842;1200;https://content.morgandetoi.fr/el-corte-ingles/1105842-1200-F.jpg
3253634693293;1105842;1200;https://content.morgandetoi.fr/el-corte-ingles/1105842-1200-F.jpg
3253634688084;1105784;1200;https://content.morgandetoi.fr/el-corte-ingles/1105784-1200-F.jpg
3253634689586;1105784;1200;https://content.morgandetoi.fr/el-corte-ingles/1105784-1200-F.jpg
3253634689555;1105784;1200;https://content.morgandetoi.fr/el-corte-ingles/1105784-1200-F.jpg
3253634689548;1105784;1200;https://content.morgandetoi.fr/el-corte-ingles/1105784-1200-F.jpg
3253634689579;1105784;1200;https://content.morgandetoi.fr/el-corte-ingles/1105784-1200-F.jpg
3253634689562;1105784;1200;https://content.morgandetoi.fr/el-corte-ingles/1105784-1200-F.jpg
3253634733456;1105784;1023;https://content.morgandetoi.fr/el-corte-ingles/1105784-1023-F.jpg
3253634733463;1105784;1023;https://content.morgandetoi.fr/el-corte-ingles/1105784-1023-F.jpg
3253634733302;1105784;1023;https://content.morgandetoi.fr/el-corte-ingles/1105784-1023-F.jpg
3253634733487;1105784;1023;https://content.morgandetoi.fr/el-corte-ingles/1105784-1023-F.jpg
3253634733470;1105784;1023;https://content.morgandetoi.fr/el-corte-ingles/1105784-1023-F.jpg
3253634733494;1105784;1023;https://content.morgandetoi.fr/el-corte-ingles/1105784-1023-F.jpg
3253634689623;1105785;1213;https://content.morgandetoi.fr/el-corte-ingles/1105785-1213-F.jpg
3253634688091;1105785;1213;https://content.morgandetoi.fr/el-corte-ingles/1105785-1213-F.jpg
3253634689593;1105785;1213;https://content.morgandetoi.fr/el-corte-ingles/1105785-1213-F.jpg
3253634689616;1105785;1213;https://content.morgandetoi.fr/el-corte-ingles/1105785-1213-F.jpg
3253634689609;1105785;1213;https://content.morgandetoi.fr/el-corte-ingles/1105785-1213-F.jpg
3253634689630;1105785;1213;https://content.morgandetoi.fr/el-corte-ingles/1105785-1213-F.jpg
3253634732190;1105785;987;https://content.morgandetoi.fr/el-corte-ingles/1105785-987-F.jpg
3253634732176;1105785;987;https://content.morgandetoi.fr/el-corte-ingles/1105785-987-F.jpg
3253634732183;1105785;987;https://content.morgandetoi.fr/el-corte-ingles/1105785-987-F.jpg
3253634732145;1105785;987;https://content.morgandetoi.fr/el-corte-ingles/1105785-987-F.jpg
3253634732169;1105785;987;https://content.morgandetoi.fr/el-corte-ingles/1105785-987-F.jpg
3253634732152;1105785;987;https://content.morgandetoi.fr/el-corte-ingles/1105785-987-F.jpg
3253634689678;1105786;931;https://content.morgandetoi.fr/el-corte-ingles/1105786-931-F.jpg
3253634689654;1105786;931;https://content.morgandetoi.fr/el-corte-ingles/1105786-931-F.jpg
3253634689647;1105786;931;https://content.morgandetoi.fr/el-corte-ingles/1105786-931-F.jpg
3253634689685;1105786;931;https://content.morgandetoi.fr/el-corte-ingles/1105786-931-F.jpg
3253634689661;1105786;931;https://content.morgandetoi.fr/el-corte-ingles/1105786-931-F.jpg
3253634688114;1105786;931;https://content.morgandetoi.fr/el-corte-ingles/1105786-931-F.jpg
3253634689739;1105787;931;https://content.morgandetoi.fr/el-corte-ingles/1105787-931-F.jpg
3253634688121;1105787;931;https://content.morgandetoi.fr/el-corte-ingles/1105787-931-F.jpg
3253634689708;1105787;931;https://content.morgandetoi.fr/el-corte-ingles/1105787-931-F.jpg
3253634689692;1105787;931;https://content.morgandetoi.fr/el-corte-ingles/1105787-931-F.jpg
3253634689715;1105787;931;https://content.morgandetoi.fr/el-corte-ingles/1105787-931-F.jpg
3253634689722;1105787;931;https://content.morgandetoi.fr/el-corte-ingles/1105787-931-F.jpg
3253634689777;1105788;931;https://content.morgandetoi.fr/el-corte-ingles/1105788-931-F.jpg
3253634689784;1105788;931;https://content.morgandetoi.fr/el-corte-ingles/1105788-931-F.jpg
3253634689760;1105788;931;https://content.morgandetoi.fr/el-corte-ingles/1105788-931-F.jpg
3253634689753;1105788;931;https://content.morgandetoi.fr/el-corte-ingles/1105788-931-F.jpg
3253634689746;1105788;931;https://content.morgandetoi.fr/el-corte-ingles/1105788-931-F.jpg
3253634688138;1105788;931;https://content.morgandetoi.fr/el-corte-ingles/1105788-931-F.jpg
3253634689821;1105789;1144;https://content.morgandetoi.fr/el-corte-ingles/1105789-1144-F.jpg
3253634689814;1105789;1144;https://content.morgandetoi.fr/el-corte-ingles/1105789-1144-F.jpg
3253634689807;1105789;1144;https://content.morgandetoi.fr/el-corte-ingles/1105789-1144-F.jpg
3253634688145;1105789;1144;https://content.morgandetoi.fr/el-corte-ingles/1105789-1144-F.jpg
3253634689838;1105789;1144;https://content.morgandetoi.fr/el-corte-ingles/1105789-1144-F.jpg
3253634689791;1105789;1144;https://content.morgandetoi.fr/el-corte-ingles/1105789-1144-F.jpg
3253634689876;1105790;931;https://content.morgandetoi.fr/el-corte-ingles/1105790-931-F.jpg
3253634689845;1105790;931;https://content.morgandetoi.fr/el-corte-ingles/1105790-931-F.jpg
3253634689883;1105790;931;https://content.morgandetoi.fr/el-corte-ingles/1105790-931-F.jpg
3253634688152;1105790;931;https://content.morgandetoi.fr/el-corte-ingles/1105790-931-F.jpg
3253634689869;1105790;931;https://content.morgandetoi.fr/el-corte-ingles/1105790-931-F.jpg
3253634689852;1105790;931;https://content.morgandetoi.fr/el-corte-ingles/1105790-931-F.jpg
3253634692142;1105790;1191;https://content.morgandetoi.fr/el-corte-ingles/1105790-1191-F.jpg
3253634691770;1105790;1191;https://content.morgandetoi.fr/el-corte-ingles/1105790-1191-F.jpg
3253634692135;1105790;1191;https://content.morgandetoi.fr/el-corte-ingles/1105790-1191-F.jpg
3253634692128;1105790;1191;https://content.morgandetoi.fr/el-corte-ingles/1105790-1191-F.jpg
3253634692111;1105790;1191;https://content.morgandetoi.fr/el-corte-ingles/1105790-1191-F.jpg
3253634692104;1105790;1191;https://content.morgandetoi.fr/el-corte-ingles/1105790-1191-F.jpg
3253634688169;1105791;1205;https://content.morgandetoi.fr/el-corte-ingles/1105791-1205-F.jpg
3253634689906;1105791;1205;https://content.morgandetoi.fr/el-corte-ingles/1105791-1205-F.jpg
3253634689890;1105791;1205;https://content.morgandetoi.fr/el-corte-ingles/1105791-1205-F.jpg
3253634689937;1105791;1205;https://content.morgandetoi.fr/el-corte-ingles/1105791-1205-F.jpg
3253634689920;1105791;1205;https://content.morgandetoi.fr/el-corte-ingles/1105791-1205-F.jpg
3253634689913;1105791;1205;https://content.morgandetoi.fr/el-corte-ingles/1105791-1205-F.jpg
3253634689975;1105792;900;https://content.morgandetoi.fr/el-corte-ingles/1105792-900-F.jpg
3253634689944;1105792;900;https://content.morgandetoi.fr/el-corte-ingles/1105792-900-F.jpg
3253634689982;1105792;900;https://content.morgandetoi.fr/el-corte-ingles/1105792-900-F.jpg
3253634689951;1105792;900;https://content.morgandetoi.fr/el-corte-ingles/1105792-900-F.jpg
3253634689968;1105792;900;https://content.morgandetoi.fr/el-corte-ingles/1105792-900-F.jpg
3253634688176;1105792;900;https://content.morgandetoi.fr/el-corte-ingles/1105792-900-F.jpg
3253634689999;1105793;979;https://content.morgandetoi.fr/el-corte-ingles/1105793-979-F.jpg
3253634688183;1105793;979;https://content.morgandetoi.fr/el-corte-ingles/1105793-979-F.jpg
3253634690032;1105793;979;https://content.morgandetoi.fr/el-corte-ingles/1105793-979-F.jpg
3253634690001;1105793;979;https://content.morgandetoi.fr/el-corte-ingles/1105793-979-F.jpg
3253634690025;1105793;979;https://content.morgandetoi.fr/el-corte-ingles/1105793-979-F.jpg
3253634690018;1105793;979;https://content.morgandetoi.fr/el-corte-ingles/1105793-979-F.jpg
3253634693514;1105844;992;https://content.morgandetoi.fr/el-corte-ingles/1105844-992-F.jpg
3253634693507;1105844;992;https://content.morgandetoi.fr/el-corte-ingles/1105844-992-F.jpg
3253634693491;1105844;992;https://content.morgandetoi.fr/el-corte-ingles/1105844-992-F.jpg
3253634693477;1105844;992;https://content.morgandetoi.fr/el-corte-ingles/1105844-992-F.jpg
3253634693484;1105844;992;https://content.morgandetoi.fr/el-corte-ingles/1105844-992-F.jpg
3253634693569;1105845;930;https://content.morgandetoi.fr/el-corte-ingles/1105845-930-F.jpg
3253634693521;1105845;930;https://content.morgandetoi.fr/el-corte-ingles/1105845-930-F.jpg
3253634693552;1105845;930;https://content.morgandetoi.fr/el-corte-ingles/1105845-930-F.jpg
3253634693545;1105845;930;https://content.morgandetoi.fr/el-corte-ingles/1105845-930-F.jpg
3253634693538;1105845;930;https://content.morgandetoi.fr/el-corte-ingles/1105845-930-F.jpg
3253634693712;1105846;1124;https://content.morgandetoi.fr/el-corte-ingles/1105846-1124-F.jpg
3253634693705;1105846;1124;https://content.morgandetoi.fr/el-corte-ingles/1105846-1124-F.jpg
3253634693729;1105846;1124;https://content.morgandetoi.fr/el-corte-ingles/1105846-1124-F.jpg
3253634693682;1105846;1124;https://content.morgandetoi.fr/el-corte-ingles/1105846-1124-F.jpg
3253634693699;1105846;1124;https://content.morgandetoi.fr/el-corte-ingles/1105846-1124-F.jpg
3253634703299;1106002;1131;https://content.morgandetoi.fr/el-corte-ingles/1106002-1131-F.jpg
3253634703282;1106002;1131;https://content.morgandetoi.fr/el-corte-ingles/1106002-1131-F.jpg
3253634703268;1106002;1131;https://content.morgandetoi.fr/el-corte-ingles/1106002-1131-F.jpg
3253634703275;1106002;1131;https://content.morgandetoi.fr/el-corte-ingles/1106002-1131-F.jpg
3253634703077;1106002;1131;https://content.morgandetoi.fr/el-corte-ingles/1106002-1131-F.jpg
3253634703336;1106003;927;https://content.morgandetoi.fr/el-corte-ingles/1106003-927-F.jpg
3253634703329;1106003;927;https://content.morgandetoi.fr/el-corte-ingles/1106003-927-F.jpg
3253634703312;1106003;927;https://content.morgandetoi.fr/el-corte-ingles/1106003-927-F.jpg
3253634703305;1106003;927;https://content.morgandetoi.fr/el-corte-ingles/1106003-927-F.jpg
3253634703084;1106003;927;https://content.morgandetoi.fr/el-corte-ingles/1106003-927-F.jpg
3253634703343;1106004;501;https://content.morgandetoi.fr/el-corte-ingles/1106004-501-F.jpg
3253634703350;1106004;501;https://content.morgandetoi.fr/el-corte-ingles/1106004-501-F.jpg
3253634703374;1106004;501;https://content.morgandetoi.fr/el-corte-ingles/1106004-501-F.jpg
3253634703367;1106004;501;https://content.morgandetoi.fr/el-corte-ingles/1106004-501-F.jpg
3253634703091;1106004;501;https://content.morgandetoi.fr/el-corte-ingles/1106004-501-F.jpg
3253634703381;1106005;900;https://content.morgandetoi.fr/el-corte-ingles/1106005-900-F.jpg
3253634703411;1106005;900;https://content.morgandetoi.fr/el-corte-ingles/1106005-900-F.jpg
3253634703107;1106005;900;https://content.morgandetoi.fr/el-corte-ingles/1106005-900-F.jpg
3253634703404;1106005;900;https://content.morgandetoi.fr/el-corte-ingles/1106005-900-F.jpg
3253634703398;1106005;900;https://content.morgandetoi.fr/el-corte-ingles/1106005-900-F.jpg
3253634703497;1106007;927;https://content.morgandetoi.fr/el-corte-ingles/1106007-927-F.jpg
3253634703473;1106007;927;https://content.morgandetoi.fr/el-corte-ingles/1106007-927-F.jpg
3253634703466;1106007;927;https://content.morgandetoi.fr/el-corte-ingles/1106007-927-F.jpg
3253634703480;1106007;927;https://content.morgandetoi.fr/el-corte-ingles/1106007-927-F.jpg
3253634703138;1106007;927;https://content.morgandetoi.fr/el-corte-ingles/1106007-927-F.jpg
3253634704258;1106019;978;https://content.morgandetoi.fr/el-corte-ingles/1106019-978-F.jpg
3253634704227;1106019;978;https://content.morgandetoi.fr/el-corte-ingles/1106019-978-F.jpg
3253634704111;1106019;978;https://content.morgandetoi.fr/el-corte-ingles/1106019-978-F.jpg
3253634704241;1106019;978;https://content.morgandetoi.fr/el-corte-ingles/1106019-978-F.jpg
3253634704234;1106019;978;https://content.morgandetoi.fr/el-corte-ingles/1106019-978-F.jpg
3253634704296;1106020;987;https://content.morgandetoi.fr/el-corte-ingles/1106020-987-F.jpg
3253634704272;1106020;987;https://content.morgandetoi.fr/el-corte-ingles/1106020-987-F.jpg
3253634704128;1106020;987;https://content.morgandetoi.fr/el-corte-ingles/1106020-987-F.jpg
3253634704289;1106020;987;https://content.morgandetoi.fr/el-corte-ingles/1106020-987-F.jpg
3253634704265;1106020;987;https://content.morgandetoi.fr/el-corte-ingles/1106020-987-F.jpg
3253634705705;1106041;900;https://content.morgandetoi.fr/el-corte-ingles/1106041-900-F.jpg
3253634705484;1106041;900;https://content.morgandetoi.fr/el-corte-ingles/1106041-900-F.jpg
3253634705682;1106041;900;https://content.morgandetoi.fr/el-corte-ingles/1106041-900-F.jpg
3253634705699;1106041;900;https://content.morgandetoi.fr/el-corte-ingles/1106041-900-F.jpg
3253634705675;1106041;900;https://content.morgandetoi.fr/el-corte-ingles/1106041-900-F.jpg
3253634705859;1106045;900;https://content.morgandetoi.fr/el-corte-ingles/1106045-900-F.jpg
3253634705835;1106045;900;https://content.morgandetoi.fr/el-corte-ingles/1106045-900-F.jpg
3253634705842;1106045;900;https://content.morgandetoi.fr/el-corte-ingles/1106045-900-F.jpg
3253634705538;1106045;900;https://content.morgandetoi.fr/el-corte-ingles/1106045-900-F.jpg
3253634705866;1106045;900;https://content.morgandetoi.fr/el-corte-ingles/1106045-900-F.jpg
3253634706351;1106055;1166;https://content.morgandetoi.fr/el-corte-ingles/1106055-1166-F.jpg
3253634706368;1106055;1166;https://content.morgandetoi.fr/el-corte-ingles/1106055-1166-F.jpg
3253634706344;1106055;1166;https://content.morgandetoi.fr/el-corte-ingles/1106055-1166-F.jpg
3253634706313;1106055;1166;https://content.morgandetoi.fr/el-corte-ingles/1106055-1166-F.jpg
3253634706320;1106055;1166;https://content.morgandetoi.fr/el-corte-ingles/1106055-1166-F.jpg
3253634706337;1106055;1166;https://content.morgandetoi.fr/el-corte-ingles/1106055-1166-F.jpg
3253634706375;1106056;979;https://content.morgandetoi.fr/el-corte-ingles/1106056-979-F.jpg
3253634706399;1106056;979;https://content.morgandetoi.fr/el-corte-ingles/1106056-979-F.jpg
3253634706429;1106056;979;https://content.morgandetoi.fr/el-corte-ingles/1106056-979-F.jpg
3253634706405;1106056;979;https://content.morgandetoi.fr/el-corte-ingles/1106056-979-F.jpg
3253634706436;1106056;979;https://content.morgandetoi.fr/el-corte-ingles/1106056-979-F.jpg
3253634706412;1106056;979;https://content.morgandetoi.fr/el-corte-ingles/1106056-979-F.jpg
3253634706481;1106057;979;https://content.morgandetoi.fr/el-corte-ingles/1106057-979-F.jpg
3253634706474;1106057;979;https://content.morgandetoi.fr/el-corte-ingles/1106057-979-F.jpg
3253634706450;1106057;979;https://content.morgandetoi.fr/el-corte-ingles/1106057-979-F.jpg
3253634706443;1106057;979;https://content.morgandetoi.fr/el-corte-ingles/1106057-979-F.jpg
3253634706382;1106057;979;https://content.morgandetoi.fr/el-corte-ingles/1106057-979-F.jpg
3253634706467;1106057;979;https://content.morgandetoi.fr/el-corte-ingles/1106057-979-F.jpg
3253634706719;1106060;979;https://content.morgandetoi.fr/el-corte-ingles/1106060-979-F.jpg
3253634706726;1106060;979;https://content.morgandetoi.fr/el-corte-ingles/1106060-979-F.jpg
3253634706696;1106060;979;https://content.morgandetoi.fr/el-corte-ingles/1106060-979-F.jpg
3253634706702;1106060;979;https://content.morgandetoi.fr/el-corte-ingles/1106060-979-F.jpg
3253634706672;1106060;979;https://content.morgandetoi.fr/el-corte-ingles/1106060-979-F.jpg
3253634706689;1106060;979;https://content.morgandetoi.fr/el-corte-ingles/1106060-979-F.jpg
3253634706764;1106100;979;https://content.morgandetoi.fr/el-corte-ingles/1106100-979-F.jpg
3253634706795;1106100;979;https://content.morgandetoi.fr/el-corte-ingles/1106100-979-F.jpg
3253634706788;1106100;979;https://content.morgandetoi.fr/el-corte-ingles/1106100-979-F.jpg
3253634706771;1106100;979;https://content.morgandetoi.fr/el-corte-ingles/1106100-979-F.jpg
3253634706740;1106100;979;https://content.morgandetoi.fr/el-corte-ingles/1106100-979-F.jpg
3253634706894;1106102;987;https://content.morgandetoi.fr/el-corte-ingles/1106102-987-F.jpg
3253634706887;1106102;987;https://content.morgandetoi.fr/el-corte-ingles/1106102-987-F.jpg
3253634706849;1106102;987;https://content.morgandetoi.fr/el-corte-ingles/1106102-987-F.jpg
3253634706900;1106102;987;https://content.morgandetoi.fr/el-corte-ingles/1106102-987-F.jpg
3253634706870;1106102;987;https://content.morgandetoi.fr/el-corte-ingles/1106102-987-F.jpg
3253634706924;1106103;987;https://content.morgandetoi.fr/el-corte-ingles/1106103-987-F.jpg
3253634706931;1106103;987;https://content.morgandetoi.fr/el-corte-ingles/1106103-987-F.jpg
3253634706948;1106103;987;https://content.morgandetoi.fr/el-corte-ingles/1106103-987-F.jpg
3253634706917;1106103;987;https://content.morgandetoi.fr/el-corte-ingles/1106103-987-F.jpg
3253634706856;1106103;987;https://content.morgandetoi.fr/el-corte-ingles/1106103-987-F.jpg
3253634707570;1106104;987;https://content.morgandetoi.fr/el-corte-ingles/1106104-987-F.jpg
3253634707549;1106104;987;https://content.morgandetoi.fr/el-corte-ingles/1106104-987-F.jpg
3253634707532;1106104;987;https://content.morgandetoi.fr/el-corte-ingles/1106104-987-F.jpg
3253634707563;1106104;987;https://content.morgandetoi.fr/el-corte-ingles/1106104-987-F.jpg
3253634707556;1106104;987;https://content.morgandetoi.fr/el-corte-ingles/1106104-987-F.jpg
3253634707037;1106105;1219;https://content.morgandetoi.fr/el-corte-ingles/1106105-1219-F.jpg
3253634707020;1106105;1219;https://content.morgandetoi.fr/el-corte-ingles/1106105-1219-F.jpg
3253634706993;1106105;1219;https://content.morgandetoi.fr/el-corte-ingles/1106105-1219-F.jpg
3253634707013;1106105;1219;https://content.morgandetoi.fr/el-corte-ingles/1106105-1219-F.jpg
3253634707006;1106105;1219;https://content.morgandetoi.fr/el-corte-ingles/1106105-1219-F.jpg
3253634707044;1106106;931;https://content.morgandetoi.fr/el-corte-ingles/1106106-931-F.jpg
3253634707075;1106106;931;https://content.morgandetoi.fr/el-corte-ingles/1106106-931-F.jpg
3253634707082;1106106;931;https://content.morgandetoi.fr/el-corte-ingles/1106106-931-F.jpg
3253634707068;1106106;931;https://content.morgandetoi.fr/el-corte-ingles/1106106-931-F.jpg
3253634707051;1106106;931;https://content.morgandetoi.fr/el-corte-ingles/1106106-931-F.jpg
3253634707662;1106116;900;https://content.morgandetoi.fr/el-corte-ingles/1106116-900-F.jpg
3253634707655;1106116;900;https://content.morgandetoi.fr/el-corte-ingles/1106116-900-F.jpg
3253634707631;1106116;900;https://content.morgandetoi.fr/el-corte-ingles/1106116-900-F.jpg
3253634707600;1106116;900;https://content.morgandetoi.fr/el-corte-ingles/1106116-900-F.jpg
3253634707648;1106116;900;https://content.morgandetoi.fr/el-corte-ingles/1106116-900-F.jpg
3253634707624;1106116;900;https://content.morgandetoi.fr/el-corte-ingles/1106116-900-F.jpg
3253634707679;1106117;900;https://content.morgandetoi.fr/el-corte-ingles/1106117-900-F.jpg
3253634707709;1106117;900;https://content.morgandetoi.fr/el-corte-ingles/1106117-900-F.jpg
3253634707686;1106117;900;https://content.morgandetoi.fr/el-corte-ingles/1106117-900-F.jpg
3253634707617;1106117;900;https://content.morgandetoi.fr/el-corte-ingles/1106117-900-F.jpg
3253634707716;1106117;900;https://content.morgandetoi.fr/el-corte-ingles/1106117-900-F.jpg
3253634707693;1106117;900;https://content.morgandetoi.fr/el-corte-ingles/1106117-900-F.jpg
3253634707730;1106120;930;https://content.morgandetoi.fr/el-corte-ingles/1106120-930-F.jpg
3253634707761;1106120;930;https://content.morgandetoi.fr/el-corte-ingles/1106120-930-F.jpg
3253634707723;1106120;930;https://content.morgandetoi.fr/el-corte-ingles/1106120-930-F.jpg
3253634707754;1106120;930;https://content.morgandetoi.fr/el-corte-ingles/1106120-930-F.jpg
3253634707747;1106120;930;https://content.morgandetoi.fr/el-corte-ingles/1106120-930-F.jpg
3253634707778;1106122;979;https://content.morgandetoi.fr/el-corte-ingles/1106122-979-F.jpg
3253634707815;1106122;979;https://content.morgandetoi.fr/el-corte-ingles/1106122-979-F.jpg
3253634707839;1106122;979;https://content.morgandetoi.fr/el-corte-ingles/1106122-979-F.jpg
3253634707792;1106122;979;https://content.morgandetoi.fr/el-corte-ingles/1106122-979-F.jpg
3253634707822;1106122;979;https://content.morgandetoi.fr/el-corte-ingles/1106122-979-F.jpg
3253634707808;1106122;979;https://content.morgandetoi.fr/el-corte-ingles/1106122-979-F.jpg
3253634707785;1106123;979;https://content.morgandetoi.fr/el-corte-ingles/1106123-979-F.jpg
3253634707877;1106123;979;https://content.morgandetoi.fr/el-corte-ingles/1106123-979-F.jpg
3253634707860;1106123;979;https://content.morgandetoi.fr/el-corte-ingles/1106123-979-F.jpg
3253634707853;1106123;979;https://content.morgandetoi.fr/el-corte-ingles/1106123-979-F.jpg
3253634707846;1106123;979;https://content.morgandetoi.fr/el-corte-ingles/1106123-979-F.jpg
3253634707884;1106123;979;https://content.morgandetoi.fr/el-corte-ingles/1106123-979-F.jpg
3253634707921;1106124;1088;https://content.morgandetoi.fr/el-corte-ingles/1106124-1088-F.jpg
3253634707945;1106124;1088;https://content.morgandetoi.fr/el-corte-ingles/1106124-1088-F.jpg
3253634707914;1106124;1088;https://content.morgandetoi.fr/el-corte-ingles/1106124-1088-F.jpg
3253634707907;1106124;1088;https://content.morgandetoi.fr/el-corte-ingles/1106124-1088-F.jpg
3253634707891;1106124;1088;https://content.morgandetoi.fr/el-corte-ingles/1106124-1088-F.jpg
3253634707938;1106124;1088;https://content.morgandetoi.fr/el-corte-ingles/1106124-1088-F.jpg
3253634707983;1106125;931;https://content.morgandetoi.fr/el-corte-ingles/1106125-931-F.jpg
3253634707969;1106125;931;https://content.morgandetoi.fr/el-corte-ingles/1106125-931-F.jpg
3253634707952;1106125;931;https://content.morgandetoi.fr/el-corte-ingles/1106125-931-F.jpg
3253634707990;1106125;931;https://content.morgandetoi.fr/el-corte-ingles/1106125-931-F.jpg
3253634707976;1106125;931;https://content.morgandetoi.fr/el-corte-ingles/1106125-931-F.jpg
3253634708027;1106126;979;https://content.morgandetoi.fr/el-corte-ingles/1106126-979-F.jpg
3253634708058;1106126;979;https://content.morgandetoi.fr/el-corte-ingles/1106126-979-F.jpg
3253634708041;1106126;979;https://content.morgandetoi.fr/el-corte-ingles/1106126-979-F.jpg
3253634708034;1106126;979;https://content.morgandetoi.fr/el-corte-ingles/1106126-979-F.jpg
3253634708003;1106126;979;https://content.morgandetoi.fr/el-corte-ingles/1106126-979-F.jpg
3253634708096;1106127;987;https://content.morgandetoi.fr/el-corte-ingles/1106127-987-F.jpg
3253634708072;1106127;987;https://content.morgandetoi.fr/el-corte-ingles/1106127-987-F.jpg
3253634708010;1106127;987;https://content.morgandetoi.fr/el-corte-ingles/1106127-987-F.jpg
3253634708065;1106127;987;https://content.morgandetoi.fr/el-corte-ingles/1106127-987-F.jpg
3253634708089;1106127;987;https://content.morgandetoi.fr/el-corte-ingles/1106127-987-F.jpg
3253634708133;1106140;994;https://content.morgandetoi.fr/el-corte-ingles/1106140-994-F.jpg
3253634708119;1106140;994;https://content.morgandetoi.fr/el-corte-ingles/1106140-994-F.jpg
3253634708126;1106140;994;https://content.morgandetoi.fr/el-corte-ingles/1106140-994-F.jpg
3253634708164;1106140;994;https://content.morgandetoi.fr/el-corte-ingles/1106140-994-F.jpg
3253634708157;1106140;994;https://content.morgandetoi.fr/el-corte-ingles/1106140-994-F.jpg
3253634708140;1106140;994;https://content.morgandetoi.fr/el-corte-ingles/1106140-994-F.jpg
3253634720685;1106320;925;https://content.morgandetoi.fr/el-corte-ingles/1106320-925-F.jpg
3253634720555;1106320;925;https://content.morgandetoi.fr/el-corte-ingles/1106320-925-F.jpg
3253634720678;1106320;925;https://content.morgandetoi.fr/el-corte-ingles/1106320-925-F.jpg
3253634720661;1106320;925;https://content.morgandetoi.fr/el-corte-ingles/1106320-925-F.jpg
3253634720654;1106320;925;https://content.morgandetoi.fr/el-corte-ingles/1106320-925-F.jpg
3253634722320;1106356;927;https://content.morgandetoi.fr/el-corte-ingles/1106356-927-F.jpg
3253634722351;1106356;927;https://content.morgandetoi.fr/el-corte-ingles/1106356-927-F.jpg
3253634722337;1106356;927;https://content.morgandetoi.fr/el-corte-ingles/1106356-927-F.jpg
3253634722313;1106356;927;https://content.morgandetoi.fr/el-corte-ingles/1106356-927-F.jpg
3253634722245;1106356;927;https://content.morgandetoi.fr/el-corte-ingles/1106356-927-F.jpg
3253634722344;1106356;927;https://content.morgandetoi.fr/el-corte-ingles/1106356-927-F.jpg
3253634722382;1106357;900;https://content.morgandetoi.fr/el-corte-ingles/1106357-900-F.jpg
3253634722375;1106357;900;https://content.morgandetoi.fr/el-corte-ingles/1106357-900-F.jpg
3253634722399;1106357;900;https://content.morgandetoi.fr/el-corte-ingles/1106357-900-F.jpg
3253634722368;1106357;900;https://content.morgandetoi.fr/el-corte-ingles/1106357-900-F.jpg
3253634722252;1106357;900;https://content.morgandetoi.fr/el-corte-ingles/1106357-900-F.jpg
3253634722405;1106357;900;https://content.morgandetoi.fr/el-corte-ingles/1106357-900-F.jpg
3253634722443;1106358;900;https://content.morgandetoi.fr/el-corte-ingles/1106358-900-F.jpg
3253634722450;1106358;900;https://content.morgandetoi.fr/el-corte-ingles/1106358-900-F.jpg
3253634722436;1106358;900;https://content.morgandetoi.fr/el-corte-ingles/1106358-900-F.jpg
3253634722269;1106358;900;https://content.morgandetoi.fr/el-corte-ingles/1106358-900-F.jpg
3253634722429;1106358;900;https://content.morgandetoi.fr/el-corte-ingles/1106358-900-F.jpg
3253634722412;1106358;900;https://content.morgandetoi.fr/el-corte-ingles/1106358-900-F.jpg
3253634722504;1106359;927;https://content.morgandetoi.fr/el-corte-ingles/1106359-927-F.jpg
3253634722481;1106359;927;https://content.morgandetoi.fr/el-corte-ingles/1106359-927-F.jpg
3253634722467;1106359;927;https://content.morgandetoi.fr/el-corte-ingles/1106359-927-F.jpg
3253634722474;1106359;927;https://content.morgandetoi.fr/el-corte-ingles/1106359-927-F.jpg
3253634722276;1106359;927;https://content.morgandetoi.fr/el-corte-ingles/1106359-927-F.jpg
3253634722498;1106359;927;https://content.morgandetoi.fr/el-corte-ingles/1106359-927-F.jpg
3253634722542;1106360;900;https://content.morgandetoi.fr/el-corte-ingles/1106360-900-F.jpg
3253634722535;1106360;900;https://content.morgandetoi.fr/el-corte-ingles/1106360-900-F.jpg
3253634722528;1106360;900;https://content.morgandetoi.fr/el-corte-ingles/1106360-900-F.jpg
3253634722511;1106360;900;https://content.morgandetoi.fr/el-corte-ingles/1106360-900-F.jpg
3253634722283;1106360;900;https://content.morgandetoi.fr/el-corte-ingles/1106360-900-F.jpg
3253634722559;1106360;900;https://content.morgandetoi.fr/el-corte-ingles/1106360-900-F.jpg
3253634722603;1106361;900;https://content.morgandetoi.fr/el-corte-ingles/1106361-900-F.jpg
3253634722597;1106361;900;https://content.morgandetoi.fr/el-corte-ingles/1106361-900-F.jpg
3253634722580;1106361;900;https://content.morgandetoi.fr/el-corte-ingles/1106361-900-F.jpg
3253634722566;1106361;900;https://content.morgandetoi.fr/el-corte-ingles/1106361-900-F.jpg
3253634722573;1106361;900;https://content.morgandetoi.fr/el-corte-ingles/1106361-900-F.jpg
3253634722290;1106361;900;https://content.morgandetoi.fr/el-corte-ingles/1106361-900-F.jpg
3253634722641;1106362;900;https://content.morgandetoi.fr/el-corte-ingles/1106362-900-F.jpg
3253634722634;1106362;900;https://content.morgandetoi.fr/el-corte-ingles/1106362-900-F.jpg
3253634722658;1106362;900;https://content.morgandetoi.fr/el-corte-ingles/1106362-900-F.jpg
3253634722627;1106362;900;https://content.morgandetoi.fr/el-corte-ingles/1106362-900-F.jpg
3253634722610;1106362;900;https://content.morgandetoi.fr/el-corte-ingles/1106362-900-F.jpg
3253634722306;1106362;900;https://content.morgandetoi.fr/el-corte-ingles/1106362-900-F.jpg
3253634722740;1106364;900;https://content.morgandetoi.fr/el-corte-ingles/1106364-900-F.jpg
3253634722771;1106364;900;https://content.morgandetoi.fr/el-corte-ingles/1106364-900-F.jpg
3253634722733;1106364;900;https://content.morgandetoi.fr/el-corte-ingles/1106364-900-F.jpg
3253634722764;1106364;900;https://content.morgandetoi.fr/el-corte-ingles/1106364-900-F.jpg
3253634722672;1106364;900;https://content.morgandetoi.fr/el-corte-ingles/1106364-900-F.jpg
3253634722757;1106364;900;https://content.morgandetoi.fr/el-corte-ingles/1106364-900-F.jpg
3253634732350;1106504;994;https://content.morgandetoi.fr/el-corte-ingles/1106504-994-F.jpg
3253634732343;1106504;994;https://content.morgandetoi.fr/el-corte-ingles/1106504-994-F.jpg
3253634732268;1106504;994;https://content.morgandetoi.fr/el-corte-ingles/1106504-994-F.jpg
3253634732336;1106504;994;https://content.morgandetoi.fr/el-corte-ingles/1106504-994-F.jpg
3253634732329;1106504;994;https://content.morgandetoi.fr/el-corte-ingles/1106504-994-F.jpg
3253634732305;1106504;1190;https://content.morgandetoi.fr/el-corte-ingles/1106504-1190-F.jpg
3253634732282;1106504;1190;https://content.morgandetoi.fr/el-corte-ingles/1106504-1190-F.jpg
3253634732312;1106504;1190;https://content.morgandetoi.fr/el-corte-ingles/1106504-1190-F.jpg
3253634732299;1106504;1190;https://content.morgandetoi.fr/el-corte-ingles/1106504-1190-F.jpg
3253634732275;1106504;1190;https://content.morgandetoi.fr/el-corte-ingles/1106504-1190-F.jpg
3253634732596;1106506;1227;https://content.morgandetoi.fr/el-corte-ingles/1106506-1227-F.jpg
3253634732589;1106506;1227;https://content.morgandetoi.fr/el-corte-ingles/1106506-1227-F.jpg
3253634732497;1106506;1227;https://content.morgandetoi.fr/el-corte-ingles/1106506-1227-F.jpg
3253634732572;1106506;1227;https://content.morgandetoi.fr/el-corte-ingles/1106506-1227-F.jpg
3253634732619;1106506;1227;https://content.morgandetoi.fr/el-corte-ingles/1106506-1227-F.jpg
3253634732602;1106506;1227;https://content.morgandetoi.fr/el-corte-ingles/1106506-1227-F.jpg
3253634734583;1106506;979;https://content.morgandetoi.fr/el-corte-ingles/1106506-979-F.jpg
3253634734668;1106506;979;https://content.morgandetoi.fr/el-corte-ingles/1106506-979-F.jpg
3253634734651;1106506;979;https://content.morgandetoi.fr/el-corte-ingles/1106506-979-F.jpg
3253634734644;1106506;979;https://content.morgandetoi.fr/el-corte-ingles/1106506-979-F.jpg
3253634734637;1106506;979;https://content.morgandetoi.fr/el-corte-ingles/1106506-979-F.jpg
3253634734675;1106506;979;https://content.morgandetoi.fr/el-corte-ingles/1106506-979-F.jpg
3253634732657;1106507;900;https://content.morgandetoi.fr/el-corte-ingles/1106507-900-F.jpg
3253634732626;1106507;900;https://content.morgandetoi.fr/el-corte-ingles/1106507-900-F.jpg
3253634732640;1106507;900;https://content.morgandetoi.fr/el-corte-ingles/1106507-900-F.jpg
3253634732503;1106507;900;https://content.morgandetoi.fr/el-corte-ingles/1106507-900-F.jpg
3253634732664;1106507;900;https://content.morgandetoi.fr/el-corte-ingles/1106507-900-F.jpg
3253634732633;1106507;900;https://content.morgandetoi.fr/el-corte-ingles/1106507-900-F.jpg
3253634732701;1106508;900;https://content.morgandetoi.fr/el-corte-ingles/1106508-900-F.jpg
3253634732688;1106508;900;https://content.morgandetoi.fr/el-corte-ingles/1106508-900-F.jpg
3253634732510;1106508;900;https://content.morgandetoi.fr/el-corte-ingles/1106508-900-F.jpg
3253634732718;1106508;900;https://content.morgandetoi.fr/el-corte-ingles/1106508-900-F.jpg
3253634732695;1106508;900;https://content.morgandetoi.fr/el-corte-ingles/1106508-900-F.jpg
3253634732671;1106508;900;https://content.morgandetoi.fr/el-corte-ingles/1106508-900-F.jpg
3253634732800;1106509;979;https://content.morgandetoi.fr/el-corte-ingles/1106509-979-F.jpg
3253634732725;1106509;979;https://content.morgandetoi.fr/el-corte-ingles/1106509-979-F.jpg
3253634732824;1106509;979;https://content.morgandetoi.fr/el-corte-ingles/1106509-979-F.jpg
3253634732794;1106509;979;https://content.morgandetoi.fr/el-corte-ingles/1106509-979-F.jpg
3253634732817;1106509;979;https://content.morgandetoi.fr/el-corte-ingles/1106509-979-F.jpg
3253634732763;1106509;1043;https://content.morgandetoi.fr/el-corte-ingles/1106509-1043-F.jpg
3253634732787;1106509;1043;https://content.morgandetoi.fr/el-corte-ingles/1106509-1043-F.jpg
3253634732770;1106509;1043;https://content.morgandetoi.fr/el-corte-ingles/1106509-1043-F.jpg
3253634732756;1106509;1043;https://content.morgandetoi.fr/el-corte-ingles/1106509-1043-F.jpg
3253634732732;1106509;1043;https://content.morgandetoi.fr/el-corte-ingles/1106509-1043-F.jpg
3253634732909;1106511;927;https://content.morgandetoi.fr/el-corte-ingles/1106511-927-F.jpg
3253634732879;1106511;927;https://content.morgandetoi.fr/el-corte-ingles/1106511-927-F.jpg
3253634732855;1106511;927;https://content.morgandetoi.fr/el-corte-ingles/1106511-927-F.jpg
3253634732886;1106511;927;https://content.morgandetoi.fr/el-corte-ingles/1106511-927-F.jpg
3253634732893;1106511;927;https://content.morgandetoi.fr/el-corte-ingles/1106511-927-F.jpg
3253634732862;1106511;927;https://content.morgandetoi.fr/el-corte-ingles/1106511-927-F.jpg
3253634732992;1106512;1160;https://content.morgandetoi.fr/el-corte-ingles/1106512-1160-F.jpg
3253634733012;1106512;1160;https://content.morgandetoi.fr/el-corte-ingles/1106512-1160-F.jpg
3253634733029;1106512;1160;https://content.morgandetoi.fr/el-corte-ingles/1106512-1160-F.jpg
3253634733005;1106512;1160;https://content.morgandetoi.fr/el-corte-ingles/1106512-1160-F.jpg
3253634732916;1106512;1160;https://content.morgandetoi.fr/el-corte-ingles/1106512-1160-F.jpg
3253634732985;1106512;1160;https://content.morgandetoi.fr/el-corte-ingles/1106512-1160-F.jpg
3253634733036;1106513;900;https://content.morgandetoi.fr/el-corte-ingles/1106513-900-F.jpg
3253634733050;1106513;900;https://content.morgandetoi.fr/el-corte-ingles/1106513-900-F.jpg
3253634733043;1106513;900;https://content.morgandetoi.fr/el-corte-ingles/1106513-900-F.jpg
3253634732923;1106513;900;https://content.morgandetoi.fr/el-corte-ingles/1106513-900-F.jpg
3253634733067;1106513;900;https://content.morgandetoi.fr/el-corte-ingles/1106513-900-F.jpg
3253634733142;1106515;900;https://content.morgandetoi.fr/el-corte-ingles/1106515-900-F.jpg
3253634733135;1106515;900;https://content.morgandetoi.fr/el-corte-ingles/1106515-900-F.jpg
3253634733128;1106515;900;https://content.morgandetoi.fr/el-corte-ingles/1106515-900-F.jpg
3253634732947;1106515;900;https://content.morgandetoi.fr/el-corte-ingles/1106515-900-F.jpg
3253634733159;1106515;900;https://content.morgandetoi.fr/el-corte-ingles/1106515-900-F.jpg
3253634732954;1106516;900;https://content.morgandetoi.fr/el-corte-ingles/1106516-900-F.jpg
3253634733173;1106516;900;https://content.morgandetoi.fr/el-corte-ingles/1106516-900-F.jpg
3253634733166;1106516;900;https://content.morgandetoi.fr/el-corte-ingles/1106516-900-F.jpg
3253634733197;1106516;900;https://content.morgandetoi.fr/el-corte-ingles/1106516-900-F.jpg
3253634733180;1106516;900;https://content.morgandetoi.fr/el-corte-ingles/1106516-900-F.jpg
3253634733203;1106517;987;https://content.morgandetoi.fr/el-corte-ingles/1106517-987-F.jpg
3253634733227;1106517;987;https://content.morgandetoi.fr/el-corte-ingles/1106517-987-F.jpg
3253634733210;1106517;987;https://content.morgandetoi.fr/el-corte-ingles/1106517-987-F.jpg
3253634732961;1106517;987;https://content.morgandetoi.fr/el-corte-ingles/1106517-987-F.jpg
3253634733234;1106517;987;https://content.morgandetoi.fr/el-corte-ingles/1106517-987-F.jpg
3253634733241;1106517;987;https://content.morgandetoi.fr/el-corte-ingles/1106517-987-F.jpg
3253634733265;1106518;979;https://content.morgandetoi.fr/el-corte-ingles/1106518-979-F.jpg
3253634733289;1106518;979;https://content.morgandetoi.fr/el-corte-ingles/1106518-979-F.jpg
3253634733296;1106518;979;https://content.morgandetoi.fr/el-corte-ingles/1106518-979-F.jpg
3253634733258;1106518;979;https://content.morgandetoi.fr/el-corte-ingles/1106518-979-F.jpg
3253634733272;1106518;979;https://content.morgandetoi.fr/el-corte-ingles/1106518-979-F.jpg
3253634732978;1106518;979;https://content.morgandetoi.fr/el-corte-ingles/1106518-979-F.jpg
3253634733548;1106519;931;https://content.morgandetoi.fr/el-corte-ingles/1106519-931-F.jpg
3253634733333;1106519;931;https://content.morgandetoi.fr/el-corte-ingles/1106519-931-F.jpg
3253634733524;1106519;931;https://content.morgandetoi.fr/el-corte-ingles/1106519-931-F.jpg
3253634733517;1106519;931;https://content.morgandetoi.fr/el-corte-ingles/1106519-931-F.jpg
3253634733500;1106519;931;https://content.morgandetoi.fr/el-corte-ingles/1106519-931-F.jpg
3253634733531;1106519;931;https://content.morgandetoi.fr/el-corte-ingles/1106519-931-F.jpg
3253634733562;1106520;1144;https://content.morgandetoi.fr/el-corte-ingles/1106520-1144-F.jpg
3253634733579;1106520;1144;https://content.morgandetoi.fr/el-corte-ingles/1106520-1144-F.jpg
3253634733593;1106520;1144;https://content.morgandetoi.fr/el-corte-ingles/1106520-1144-F.jpg
3253634733340;1106520;1144;https://content.morgandetoi.fr/el-corte-ingles/1106520-1144-F.jpg
3253634733586;1106520;1144;https://content.morgandetoi.fr/el-corte-ingles/1106520-1144-F.jpg
3253634733555;1106520;1144;https://content.morgandetoi.fr/el-corte-ingles/1106520-1144-F.jpg
3253634733708;1106522;926;https://content.morgandetoi.fr/el-corte-ingles/1106522-926-F.jpg
3253634733685;1106522;926;https://content.morgandetoi.fr/el-corte-ingles/1106522-926-F.jpg
3253634733616;1106522;926;https://content.morgandetoi.fr/el-corte-ingles/1106522-926-F.jpg
3253634733722;1106522;926;https://content.morgandetoi.fr/el-corte-ingles/1106522-926-F.jpg
3253634733715;1106522;926;https://content.morgandetoi.fr/el-corte-ingles/1106522-926-F.jpg
3253634733692;1106522;926;https://content.morgandetoi.fr/el-corte-ingles/1106522-926-F.jpg
3253634733746;1106523;979;https://content.morgandetoi.fr/el-corte-ingles/1106523-979-F.jpg
3253634733739;1106523;979;https://content.morgandetoi.fr/el-corte-ingles/1106523-979-F.jpg
3253634733623;1106523;979;https://content.morgandetoi.fr/el-corte-ingles/1106523-979-F.jpg
3253634733753;1106523;979;https://content.morgandetoi.fr/el-corte-ingles/1106523-979-F.jpg
3253634733760;1106523;979;https://content.morgandetoi.fr/el-corte-ingles/1106523-979-F.jpg
3253634733791;1106524;900;https://content.morgandetoi.fr/el-corte-ingles/1106524-900-F.jpg
3253634733784;1106524;900;https://content.morgandetoi.fr/el-corte-ingles/1106524-900-F.jpg
3253634733777;1106524;900;https://content.morgandetoi.fr/el-corte-ingles/1106524-900-F.jpg
3253634733807;1106524;900;https://content.morgandetoi.fr/el-corte-ingles/1106524-900-F.jpg
3253634733630;1106524;900;https://content.morgandetoi.fr/el-corte-ingles/1106524-900-F.jpg
3253634733906;1106526;963;https://content.morgandetoi.fr/el-corte-ingles/1106526-963-F.jpg
3253634733913;1106526;963;https://content.morgandetoi.fr/el-corte-ingles/1106526-963-F.jpg
3253634733890;1106526;963;https://content.morgandetoi.fr/el-corte-ingles/1106526-963-F.jpg
3253634733876;1106526;963;https://content.morgandetoi.fr/el-corte-ingles/1106526-963-F.jpg
3253634733883;1106526;963;https://content.morgandetoi.fr/el-corte-ingles/1106526-963-F.jpg
3253634733869;1106526;963;https://content.morgandetoi.fr/el-corte-ingles/1106526-963-F.jpg
3253634734101;1106528;900;https://content.morgandetoi.fr/el-corte-ingles/1106528-900-F.jpg
3253634734064;1106528;900;https://content.morgandetoi.fr/el-corte-ingles/1106528-900-F.jpg
3253634734095;1106528;900;https://content.morgandetoi.fr/el-corte-ingles/1106528-900-F.jpg
3253634734088;1106528;900;https://content.morgandetoi.fr/el-corte-ingles/1106528-900-F.jpg
3253634734071;1106528;900;https://content.morgandetoi.fr/el-corte-ingles/1106528-900-F.jpg
3253634733937;1106528;900;https://content.morgandetoi.fr/el-corte-ingles/1106528-900-F.jpg
3253634734323;1106531;979;https://content.morgandetoi.fr/el-corte-ingles/1106531-979-F.jpg
3253634734286;1106531;979;https://content.morgandetoi.fr/el-corte-ingles/1106531-979-F.jpg
3253634734279;1106531;979;https://content.morgandetoi.fr/el-corte-ingles/1106531-979-F.jpg
3253634734316;1106531;979;https://content.morgandetoi.fr/el-corte-ingles/1106531-979-F.jpg
3253634734293;1106531;979;https://content.morgandetoi.fr/el-corte-ingles/1106531-979-F.jpg
3253634734309;1106531;979;https://content.morgandetoi.fr/el-corte-ingles/1106531-979-F.jpg
3253634734514;1106533;994;https://content.morgandetoi.fr/el-corte-ingles/1106533-994-F.jpg
3253634734484;1106533;994;https://content.morgandetoi.fr/el-corte-ingles/1106533-994-F.jpg
3253634734354;1106533;994;https://content.morgandetoi.fr/el-corte-ingles/1106533-994-F.jpg
3253634734491;1106533;994;https://content.morgandetoi.fr/el-corte-ingles/1106533-994-F.jpg
3253634734507;1106533;994;https://content.morgandetoi.fr/el-corte-ingles/1106533-994-F.jpg
3253634734477;1106533;994;https://content.morgandetoi.fr/el-corte-ingles/1106533-994-F.jpg
3253634734569;1106534;994;https://content.morgandetoi.fr/el-corte-ingles/1106534-994-F.jpg
3253634734552;1106534;994;https://content.morgandetoi.fr/el-corte-ingles/1106534-994-F.jpg
3253634734545;1106534;994;https://content.morgandetoi.fr/el-corte-ingles/1106534-994-F.jpg
3253634734521;1106534;994;https://content.morgandetoi.fr/el-corte-ingles/1106534-994-F.jpg
3253634734538;1106534;994;https://content.morgandetoi.fr/el-corte-ingles/1106534-994-F.jpg
3253634734361;1106534;994;https://content.morgandetoi.fr/el-corte-ingles/1106534-994-F.jpg
3253634734774;1106536;900;https://content.morgandetoi.fr/el-corte-ingles/1106536-900-F.jpg
3253634734750;1106536;900;https://content.morgandetoi.fr/el-corte-ingles/1106536-900-F.jpg
3253634734736;1106536;900;https://content.morgandetoi.fr/el-corte-ingles/1106536-900-F.jpg
3253634734590;1106536;900;https://content.morgandetoi.fr/el-corte-ingles/1106536-900-F.jpg
3253634734767;1106536;900;https://content.morgandetoi.fr/el-corte-ingles/1106536-900-F.jpg
3253634734743;1106536;900;https://content.morgandetoi.fr/el-corte-ingles/1106536-900-F.jpg
3253634734811;1106537;1219;https://content.morgandetoi.fr/el-corte-ingles/1106537-1219-F.jpg
3253634734606;1106537;1219;https://content.morgandetoi.fr/el-corte-ingles/1106537-1219-F.jpg
3253634734828;1106537;1219;https://content.morgandetoi.fr/el-corte-ingles/1106537-1219-F.jpg
3253634734804;1106537;1219;https://content.morgandetoi.fr/el-corte-ingles/1106537-1219-F.jpg
3253634734798;1106537;1219;https://content.morgandetoi.fr/el-corte-ingles/1106537-1219-F.jpg
3253634734781;1106537;1219;https://content.morgandetoi.fr/el-corte-ingles/1106537-1219-F.jpg
3253634734613;1106538;987;https://content.morgandetoi.fr/el-corte-ingles/1106538-987-F.jpg
3253634734842;1106538;987;https://content.morgandetoi.fr/el-corte-ingles/1106538-987-F.jpg
3253634734835;1106538;987;https://content.morgandetoi.fr/el-corte-ingles/1106538-987-F.jpg
3253634734873;1106538;987;https://content.morgandetoi.fr/el-corte-ingles/1106538-987-F.jpg
3253634734859;1106538;987;https://content.morgandetoi.fr/el-corte-ingles/1106538-987-F.jpg
3253634734866;1106538;987;https://content.morgandetoi.fr/el-corte-ingles/1106538-987-F.jpg
3253634734897;1106539;900;https://content.morgandetoi.fr/el-corte-ingles/1106539-900-F.jpg
3253634734880;1106539;900;https://content.morgandetoi.fr/el-corte-ingles/1106539-900-F.jpg
3253634734620;1106539;900;https://content.morgandetoi.fr/el-corte-ingles/1106539-900-F.jpg
3253634734927;1106539;900;https://content.morgandetoi.fr/el-corte-ingles/1106539-900-F.jpg
3253634734910;1106539;900;https://content.morgandetoi.fr/el-corte-ingles/1106539-900-F.jpg
3253634734903;1106539;900;https://content.morgandetoi.fr/el-corte-ingles/1106539-900-F.jpg
3253634735139;1106540;925;https://content.morgandetoi.fr/el-corte-ingles/1106540-925-F.jpg
3253634735122;1106540;925;https://content.morgandetoi.fr/el-corte-ingles/1106540-925-F.jpg
3253634735115;1106540;925;https://content.morgandetoi.fr/el-corte-ingles/1106540-925-F.jpg
3253634735146;1106540;925;https://content.morgandetoi.fr/el-corte-ingles/1106540-925-F.jpg
3253634734934;1106540;925;https://content.morgandetoi.fr/el-corte-ingles/1106540-925-F.jpg
3253634735184;1106541;930;https://content.morgandetoi.fr/el-corte-ingles/1106541-930-F.jpg
3253634734965;1106541;930;https://content.morgandetoi.fr/el-corte-ingles/1106541-930-F.jpg
3253634735177;1106541;930;https://content.morgandetoi.fr/el-corte-ingles/1106541-930-F.jpg
3253634735153;1106541;930;https://content.morgandetoi.fr/el-corte-ingles/1106541-930-F.jpg
3253634735160;1106541;930;https://content.morgandetoi.fr/el-corte-ingles/1106541-930-F.jpg
3253634735238;1106543;925;https://content.morgandetoi.fr/el-corte-ingles/1106543-925-F.jpg
3253634734989;1106543;925;https://content.morgandetoi.fr/el-corte-ingles/1106543-925-F.jpg
3253634735269;1106543;925;https://content.morgandetoi.fr/el-corte-ingles/1106543-925-F.jpg
3253634735252;1106543;925;https://content.morgandetoi.fr/el-corte-ingles/1106543-925-F.jpg
3253634735245;1106543;925;https://content.morgandetoi.fr/el-corte-ingles/1106543-925-F.jpg
3253634735290;1106544;927;https://content.morgandetoi.fr/el-corte-ingles/1106544-927-F.jpg
3253634735283;1106544;927;https://content.morgandetoi.fr/el-corte-ingles/1106544-927-F.jpg
3253634734996;1106544;927;https://content.morgandetoi.fr/el-corte-ingles/1106544-927-F.jpg
3253634735306;1106544;927;https://content.morgandetoi.fr/el-corte-ingles/1106544-927-F.jpg
3253634735276;1106544;927;https://content.morgandetoi.fr/el-corte-ingles/1106544-927-F.jpg
3253634735337;1106545;925;https://content.morgandetoi.fr/el-corte-ingles/1106545-925-F.jpg
3253634735009;1106545;925;https://content.morgandetoi.fr/el-corte-ingles/1106545-925-F.jpg
3253634735313;1106545;925;https://content.morgandetoi.fr/el-corte-ingles/1106545-925-F.jpg
3253634735320;1106545;925;https://content.morgandetoi.fr/el-corte-ingles/1106545-925-F.jpg
3253634735344;1106545;925;https://content.morgandetoi.fr/el-corte-ingles/1106545-925-F.jpg
3253634735351;1106546;1145;https://content.morgandetoi.fr/el-corte-ingles/1106546-1145-F.jpg
3253634735375;1106546;1145;https://content.morgandetoi.fr/el-corte-ingles/1106546-1145-F.jpg
3253634735016;1106546;1145;https://content.morgandetoi.fr/el-corte-ingles/1106546-1145-F.jpg
3253634735382;1106546;1145;https://content.morgandetoi.fr/el-corte-ingles/1106546-1145-F.jpg
3253634735368;1106546;1145;https://content.morgandetoi.fr/el-corte-ingles/1106546-1145-F.jpg
3253634735894;1106550;900;https://content.morgandetoi.fr/el-corte-ingles/1106550-900-F.jpg
3253634735863;1106550;900;https://content.morgandetoi.fr/el-corte-ingles/1106550-900-F.jpg
3253634735900;1106550;900;https://content.morgandetoi.fr/el-corte-ingles/1106550-900-F.jpg
3253634735887;1106550;900;https://content.morgandetoi.fr/el-corte-ingles/1106550-900-F.jpg
3253634735917;1106550;900;https://content.morgandetoi.fr/el-corte-ingles/1106550-900-F.jpg
3253634735870;1106550;900;https://content.morgandetoi.fr/el-corte-ingles/1106550-900-F.jpg
3253634736075;1106553;992;https://content.morgandetoi.fr/el-corte-ingles/1106553-992-F.jpg
3253634736068;1106553;992;https://content.morgandetoi.fr/el-corte-ingles/1106553-992-F.jpg
3253634736099;1106553;992;https://content.morgandetoi.fr/el-corte-ingles/1106553-992-F.jpg
3253634736082;1106553;992;https://content.morgandetoi.fr/el-corte-ingles/1106553-992-F.jpg
3253634736051;1106553;992;https://content.morgandetoi.fr/el-corte-ingles/1106553-992-F.jpg
3253634736044;1106553;992;https://content.morgandetoi.fr/el-corte-ingles/1106553-992-F.jpg
3253634736181;1106555;987;https://content.morgandetoi.fr/el-corte-ingles/1106555-987-F.jpg
3253634736198;1106555;987;https://content.morgandetoi.fr/el-corte-ingles/1106555-987-F.jpg
3253634736174;1106555;987;https://content.morgandetoi.fr/el-corte-ingles/1106555-987-F.jpg
3253634736167;1106555;987;https://content.morgandetoi.fr/el-corte-ingles/1106555-987-F.jpg
3253634736112;1106555;987;https://content.morgandetoi.fr/el-corte-ingles/1106555-987-F.jpg
3253634736297;1106557;979;https://content.morgandetoi.fr/el-corte-ingles/1106557-979-F.jpg
3253634736211;1106557;979;https://content.morgandetoi.fr/el-corte-ingles/1106557-979-F.jpg
3253634736310;1106557;979;https://content.morgandetoi.fr/el-corte-ingles/1106557-979-F.jpg
3253634736303;1106557;979;https://content.morgandetoi.fr/el-corte-ingles/1106557-979-F.jpg
3253634736280;1106557;979;https://content.morgandetoi.fr/el-corte-ingles/1106557-979-F.jpg
3253634736273;1106557;979;https://content.morgandetoi.fr/el-corte-ingles/1106557-979-F.jpg
3253634738680;1106557;980;https://content.morgandetoi.fr/el-corte-ingles/1106557-980-F.jpg
3253634738642;1106557;980;https://content.morgandetoi.fr/el-corte-ingles/1106557-980-F.jpg
3253634738666;1106557;980;https://content.morgandetoi.fr/el-corte-ingles/1106557-980-F.jpg
3253634738659;1106557;980;https://content.morgandetoi.fr/el-corte-ingles/1106557-980-F.jpg
3253634738673;1106557;980;https://content.morgandetoi.fr/el-corte-ingles/1106557-980-F.jpg
3253634738635;1106557;980;https://content.morgandetoi.fr/el-corte-ingles/1106557-980-F.jpg
3253634738772;1106607;307;https://content.morgandetoi.fr/el-corte-ingles/1106607-307-F.jpg
3253634738765;1106607;307;https://content.morgandetoi.fr/el-corte-ingles/1106607-307-F.jpg
3253634738758;1106607;307;https://content.morgandetoi.fr/el-corte-ingles/1106607-307-F.jpg
3253634738741;1106607;307;https://content.morgandetoi.fr/el-corte-ingles/1106607-307-F.jpg
3253634738697;1106607;307;https://content.morgandetoi.fr/el-corte-ingles/1106607-307-F.jpg
3253634738734;1106607;307;https://content.morgandetoi.fr/el-corte-ingles/1106607-307-F.jpg
3253634738802;1106608;931;https://content.morgandetoi.fr/el-corte-ingles/1106608-931-F.jpg
3253634738789;1106608;931;https://content.morgandetoi.fr/el-corte-ingles/1106608-931-F.jpg
3253634738703;1106608;931;https://content.morgandetoi.fr/el-corte-ingles/1106608-931-F.jpg
3253634738796;1106608;931;https://content.morgandetoi.fr/el-corte-ingles/1106608-931-F.jpg
3253634738826;1106608;931;https://content.morgandetoi.fr/el-corte-ingles/1106608-931-F.jpg
3253634738819;1106608;931;https://content.morgandetoi.fr/el-corte-ingles/1106608-931-F.jpg
3253634738840;1106608;979;https://content.morgandetoi.fr/el-corte-ingles/1106608-979-F.jpg
3253634738864;1106608;979;https://content.morgandetoi.fr/el-corte-ingles/1106608-979-F.jpg
3253634738710;1106608;979;https://content.morgandetoi.fr/el-corte-ingles/1106608-979-F.jpg
3253634738871;1106608;979;https://content.morgandetoi.fr/el-corte-ingles/1106608-979-F.jpg
3253634738833;1106608;979;https://content.morgandetoi.fr/el-corte-ingles/1106608-979-F.jpg
3253634738857;1106608;979;https://content.morgandetoi.fr/el-corte-ingles/1106608-979-F.jpg
3253634738895;1106609;1204;https://content.morgandetoi.fr/el-corte-ingles/1106609-1204-F.jpg
3253634738901;1106609;1204;https://content.morgandetoi.fr/el-corte-ingles/1106609-1204-F.jpg
3253634738925;1106609;1204;https://content.morgandetoi.fr/el-corte-ingles/1106609-1204-F.jpg
3253634738918;1106609;1204;https://content.morgandetoi.fr/el-corte-ingles/1106609-1204-F.jpg
3253634738727;1106609;1204;https://content.morgandetoi.fr/el-corte-ingles/1106609-1204-F.jpg
3253634738888;1106609;1204;https://content.morgandetoi.fr/el-corte-ingles/1106609-1204-F.jpg
3253634739328;1106615;926;https://content.morgandetoi.fr/el-corte-ingles/1106615-926-F.jpg
3253634739243;1106615;926;https://content.morgandetoi.fr/el-corte-ingles/1106615-926-F.jpg
3253634739342;1106615;926;https://content.morgandetoi.fr/el-corte-ingles/1106615-926-F.jpg
3253634739335;1106615;926;https://content.morgandetoi.fr/el-corte-ingles/1106615-926-F.jpg
3253634739359;1106615;926;https://content.morgandetoi.fr/el-corte-ingles/1106615-926-F.jpg
3253634739410;1106617;931;https://content.morgandetoi.fr/el-corte-ingles/1106617-931-F.jpg
3253634739427;1106617;931;https://content.morgandetoi.fr/el-corte-ingles/1106617-931-F.jpg
3253634739403;1106617;931;https://content.morgandetoi.fr/el-corte-ingles/1106617-931-F.jpg
3253634739267;1106617;931;https://content.morgandetoi.fr/el-corte-ingles/1106617-931-F.jpg
3253634739434;1106617;931;https://content.morgandetoi.fr/el-corte-ingles/1106617-931-F.jpg
3253634739540;1106617;979;https://content.morgandetoi.fr/el-corte-ingles/1106617-979-F.jpg
3253634739557;1106617;979;https://content.morgandetoi.fr/el-corte-ingles/1106617-979-F.jpg
3253634739533;1106617;979;https://content.morgandetoi.fr/el-corte-ingles/1106617-979-F.jpg
3253634739564;1106617;979;https://content.morgandetoi.fr/el-corte-ingles/1106617-979-F.jpg
3253634739571;1106617;979;https://content.morgandetoi.fr/el-corte-ingles/1106617-979-F.jpg
3253634739489;1106619;979;https://content.morgandetoi.fr/el-corte-ingles/1106619-979-F.jpg
3253634739502;1106619;979;https://content.morgandetoi.fr/el-corte-ingles/1106619-979-F.jpg
3253634739526;1106619;979;https://content.morgandetoi.fr/el-corte-ingles/1106619-979-F.jpg
3253634739496;1106619;979;https://content.morgandetoi.fr/el-corte-ingles/1106619-979-F.jpg
3253634739519;1106619;979;https://content.morgandetoi.fr/el-corte-ingles/1106619-979-F.jpg
3253634740782;1106624;930;https://content.morgandetoi.fr/el-corte-ingles/1106624-930-F.jpg
3253634740829;1106624;930;https://content.morgandetoi.fr/el-corte-ingles/1106624-930-F.jpg
3253634740812;1106624;930;https://content.morgandetoi.fr/el-corte-ingles/1106624-930-F.jpg
3253634740805;1106624;930;https://content.morgandetoi.fr/el-corte-ingles/1106624-930-F.jpg
3253634740089;1106624;930;https://content.morgandetoi.fr/el-corte-ingles/1106624-930-F.jpg
3253634740799;1106624;930;https://content.morgandetoi.fr/el-corte-ingles/1106624-930-F.jpg
3253634740768;1106624;927;https://content.morgandetoi.fr/el-corte-ingles/1106624-927-F.jpg
3253634740751;1106624;927;https://content.morgandetoi.fr/el-corte-ingles/1106624-927-F.jpg
3253634740737;1106624;927;https://content.morgandetoi.fr/el-corte-ingles/1106624-927-F.jpg
3253634740096;1106624;927;https://content.morgandetoi.fr/el-corte-ingles/1106624-927-F.jpg
3253634740775;1106624;927;https://content.morgandetoi.fr/el-corte-ingles/1106624-927-F.jpg
3253634740744;1106624;927;https://content.morgandetoi.fr/el-corte-ingles/1106624-927-F.jpg
3253634745763;1106669;300;https://content.morgandetoi.fr/el-corte-ingles/1106669-300-F.jpg
3253634746531;1106669;300;https://content.morgandetoi.fr/el-corte-ingles/1106669-300-F.jpg
3253634746500;1106669;300;https://content.morgandetoi.fr/el-corte-ingles/1106669-300-F.jpg
3253634746524;1106669;300;https://content.morgandetoi.fr/el-corte-ingles/1106669-300-F.jpg
3253634746517;1106669;300;https://content.morgandetoi.fr/el-corte-ingles/1106669-300-F.jpg
3253634746494;1106669;300;https://content.morgandetoi.fr/el-corte-ingles/1106669-300-F.jpg
3253634746791;1106675;300;https://content.morgandetoi.fr/el-corte-ingles/1106675-300-F.jpg
3253634746838;1106675;300;https://content.morgandetoi.fr/el-corte-ingles/1106675-300-F.jpg
3253634746814;1106675;300;https://content.morgandetoi.fr/el-corte-ingles/1106675-300-F.jpg
3253634745886;1106675;300;https://content.morgandetoi.fr/el-corte-ingles/1106675-300-F.jpg
3253634746821;1106675;300;https://content.morgandetoi.fr/el-corte-ingles/1106675-300-F.jpg
3253634746807;1106675;300;https://content.morgandetoi.fr/el-corte-ingles/1106675-300-F.jpg
3253634747040;1106678;926;https://content.morgandetoi.fr/el-corte-ingles/1106678-926-F.jpg
3253634747033;1106678;926;https://content.morgandetoi.fr/el-corte-ingles/1106678-926-F.jpg
3253634747002;1106678;926;https://content.morgandetoi.fr/el-corte-ingles/1106678-926-F.jpg
3253634747026;1106678;926;https://content.morgandetoi.fr/el-corte-ingles/1106678-926-F.jpg
3253634747019;1106678;926;https://content.morgandetoi.fr/el-corte-ingles/1106678-926-F.jpg
3253634746999;1106678;926;https://content.morgandetoi.fr/el-corte-ingles/1106678-926-F.jpg
3253634747156;1106683;979;https://content.morgandetoi.fr/el-corte-ingles/1106683-979-F.jpg
3253634747958;1106683;979;https://content.morgandetoi.fr/el-corte-ingles/1106683-979-F.jpg
3253634747989;1106683;979;https://content.morgandetoi.fr/el-corte-ingles/1106683-979-F.jpg
3253634747965;1106683;979;https://content.morgandetoi.fr/el-corte-ingles/1106683-979-F.jpg
3253634747972;1106683;979;https://content.morgandetoi.fr/el-corte-ingles/1106683-979-F.jpg
3253634747996;1106684;931;https://content.morgandetoi.fr/el-corte-ingles/1106684-931-F.jpg
3253634748023;1106684;931;https://content.morgandetoi.fr/el-corte-ingles/1106684-931-F.jpg
3253634748009;1106684;931;https://content.morgandetoi.fr/el-corte-ingles/1106684-931-F.jpg
3253634748016;1106684;931;https://content.morgandetoi.fr/el-corte-ingles/1106684-931-F.jpg
3253634747163;1106684;931;https://content.morgandetoi.fr/el-corte-ingles/1106684-931-F.jpg
3253634748184;1106687;979;https://content.morgandetoi.fr/el-corte-ingles/1106687-979-F.jpg
3253634748160;1106687;979;https://content.morgandetoi.fr/el-corte-ingles/1106687-979-F.jpg
3253634748153;1106687;979;https://content.morgandetoi.fr/el-corte-ingles/1106687-979-F.jpg
3253634748177;1106687;979;https://content.morgandetoi.fr/el-corte-ingles/1106687-979-F.jpg
3253634748191;1106687;979;https://content.morgandetoi.fr/el-corte-ingles/1106687-979-F.jpg
3253634748245;1106688;931;https://content.morgandetoi.fr/el-corte-ingles/1106688-931-F.jpg
3253634748238;1106688;931;https://content.morgandetoi.fr/el-corte-ingles/1106688-931-F.jpg
3253634748221;1106688;931;https://content.morgandetoi.fr/el-corte-ingles/1106688-931-F.jpg
3253634748214;1106688;931;https://content.morgandetoi.fr/el-corte-ingles/1106688-931-F.jpg
3253634748207;1106688;931;https://content.morgandetoi.fr/el-corte-ingles/1106688-931-F.jpg
3253634748269;1106690;931;https://content.morgandetoi.fr/el-corte-ingles/1106690-931-F.jpg
3253634748320;1106690;931;https://content.morgandetoi.fr/el-corte-ingles/1106690-931-F.jpg
3253634748337;1106690;931;https://content.morgandetoi.fr/el-corte-ingles/1106690-931-F.jpg
3253634748344;1106690;931;https://content.morgandetoi.fr/el-corte-ingles/1106690-931-F.jpg
3253634748313;1106690;931;https://content.morgandetoi.fr/el-corte-ingles/1106690-931-F.jpg
3253634748498;1106693;979;https://content.morgandetoi.fr/el-corte-ingles/1106693-979-F.jpg
3253634748474;1106693;979;https://content.morgandetoi.fr/el-corte-ingles/1106693-979-F.jpg
3253634748504;1106693;979;https://content.morgandetoi.fr/el-corte-ingles/1106693-979-F.jpg
3253634748481;1106693;979;https://content.morgandetoi.fr/el-corte-ingles/1106693-979-F.jpg
3253634748467;1106693;979;https://content.morgandetoi.fr/el-corte-ingles/1106693-979-F.jpg
3253634749884;1106693;931;https://content.morgandetoi.fr/el-corte-ingles/1106693-931-F.jpg
3253634749877;1106693;931;https://content.morgandetoi.fr/el-corte-ingles/1106693-931-F.jpg
3253634749853;1106693;931;https://content.morgandetoi.fr/el-corte-ingles/1106693-931-F.jpg
3253634749846;1106693;931;https://content.morgandetoi.fr/el-corte-ingles/1106693-931-F.jpg
3253634749860;1106693;931;https://content.morgandetoi.fr/el-corte-ingles/1106693-931-F.jpg
3253634750163;1106710;979;https://content.morgandetoi.fr/el-corte-ingles/1106710-979-F.jpg
3253634750187;1106710;979;https://content.morgandetoi.fr/el-corte-ingles/1106710-979-F.jpg
3253634750194;1106710;979;https://content.morgandetoi.fr/el-corte-ingles/1106710-979-F.jpg
3253634750170;1106710;979;https://content.morgandetoi.fr/el-corte-ingles/1106710-979-F.jpg
3253634750156;1106710;979;https://content.morgandetoi.fr/el-corte-ingles/1106710-979-F.jpg
3253634751740;1106721;1145;https://content.morgandetoi.fr/el-corte-ingles/1106721-1145-F.jpg
3253634751733;1106721;1145;https://content.morgandetoi.fr/el-corte-ingles/1106721-1145-F.jpg
3253634751757;1106721;1145;https://content.morgandetoi.fr/el-corte-ingles/1106721-1145-F.jpg
3253634751764;1106721;1145;https://content.morgandetoi.fr/el-corte-ingles/1106721-1145-F.jpg
3253634751726;1106721;1145;https://content.morgandetoi.fr/el-corte-ingles/1106721-1145-F.jpg
3253634751801;1106722;931;https://content.morgandetoi.fr/el-corte-ingles/1106722-931-F.jpg
3253634751771;1106722;931;https://content.morgandetoi.fr/el-corte-ingles/1106722-931-F.jpg
3253634751795;1106722;931;https://content.morgandetoi.fr/el-corte-ingles/1106722-931-F.jpg
3253634751788;1106722;931;https://content.morgandetoi.fr/el-corte-ingles/1106722-931-F.jpg
3253634751818;1106722;931;https://content.morgandetoi.fr/el-corte-ingles/1106722-931-F.jpg
3253634752068;1106724;931;https://content.morgandetoi.fr/el-corte-ingles/1106724-931-F.jpg
3253634752051;1106724;931;https://content.morgandetoi.fr/el-corte-ingles/1106724-931-F.jpg
3253634752037;1106724;931;https://content.morgandetoi.fr/el-corte-ingles/1106724-931-F.jpg
3253634752044;1106724;931;https://content.morgandetoi.fr/el-corte-ingles/1106724-931-F.jpg
3253634752020;1106724;931;https://content.morgandetoi.fr/el-corte-ingles/1106724-931-F.jpg
3253634752815;1106737;900;https://content.morgandetoi.fr/el-corte-ingles/1106737-900-F.jpg
3253634752921;1106737;900;https://content.morgandetoi.fr/el-corte-ingles/1106737-900-F.jpg
3253634752914;1106737;900;https://content.morgandetoi.fr/el-corte-ingles/1106737-900-F.jpg
3253634752938;1106737;900;https://content.morgandetoi.fr/el-corte-ingles/1106737-900-F.jpg
3253634752907;1106737;900;https://content.morgandetoi.fr/el-corte-ingles/1106737-900-F.jpg
3253634753232;1106743;900;https://content.morgandetoi.fr/el-corte-ingles/1106743-900-F.jpg
3253634753218;1106743;900;https://content.morgandetoi.fr/el-corte-ingles/1106743-900-F.jpg
3253634752990;1106743;900;https://content.morgandetoi.fr/el-corte-ingles/1106743-900-F.jpg
3253634753225;1106743;900;https://content.morgandetoi.fr/el-corte-ingles/1106743-900-F.jpg
3253634753201;1106743;900;https://content.morgandetoi.fr/el-corte-ingles/1106743-900-F.jpg
3253634753331;1106745;931;https://content.morgandetoi.fr/el-corte-ingles/1106745-931-F.jpg
3253634753324;1106745;931;https://content.morgandetoi.fr/el-corte-ingles/1106745-931-F.jpg
3253634753317;1106745;931;https://content.morgandetoi.fr/el-corte-ingles/1106745-931-F.jpg
3253634753300;1106745;931;https://content.morgandetoi.fr/el-corte-ingles/1106745-931-F.jpg
3253634753256;1106745;931;https://content.morgandetoi.fr/el-corte-ingles/1106745-931-F.jpg
3253634753027;1106738;923;https://content.morgandetoi.fr/el-corte-ingles/1106738-923-F.jpg
3253634752945;1106738;923;https://content.morgandetoi.fr/el-corte-ingles/1106738-923-F.jpg
3253634753010;1106738;923;https://content.morgandetoi.fr/el-corte-ingles/1106738-923-F.jpg
3253634753034;1106738;923;https://content.morgandetoi.fr/el-corte-ingles/1106738-923-F.jpg
3253634753003;1106738;923;https://content.morgandetoi.fr/el-corte-ingles/1106738-923-F.jpg
3253634753072;1106739;1204;https://content.morgandetoi.fr/el-corte-ingles/1106739-1204-F.jpg
3253634752952;1106739;1204;https://content.morgandetoi.fr/el-corte-ingles/1106739-1204-F.jpg
3253634753058;1106739;1204;https://content.morgandetoi.fr/el-corte-ingles/1106739-1204-F.jpg
3253634753041;1106739;1204;https://content.morgandetoi.fr/el-corte-ingles/1106739-1204-F.jpg
3253634753065;1106739;1204;https://content.morgandetoi.fr/el-corte-ingles/1106739-1204-F.jpg
3253634753096;1106740;928;https://content.morgandetoi.fr/el-corte-ingles/1106740-928-F.jpg
3253634753119;1106740;928;https://content.morgandetoi.fr/el-corte-ingles/1106740-928-F.jpg
3253634752969;1106740;928;https://content.morgandetoi.fr/el-corte-ingles/1106740-928-F.jpg
3253634753089;1106740;928;https://content.morgandetoi.fr/el-corte-ingles/1106740-928-F.jpg
3253634753102;1106740;928;https://content.morgandetoi.fr/el-corte-ingles/1106740-928-F.jpg
3253634753140;1106741;931;https://content.morgandetoi.fr/el-corte-ingles/1106741-931-F.jpg
3253634753157;1106741;931;https://content.morgandetoi.fr/el-corte-ingles/1106741-931-F.jpg
3253634752976;1106741;931;https://content.morgandetoi.fr/el-corte-ingles/1106741-931-F.jpg
3253634753133;1106741;931;https://content.morgandetoi.fr/el-corte-ingles/1106741-931-F.jpg
3253634753126;1106741;931;https://content.morgandetoi.fr/el-corte-ingles/1106741-931-F.jpg
3253634752983;1106742;928;https://content.morgandetoi.fr/el-corte-ingles/1106742-928-F.jpg
3253634753171;1106742;928;https://content.morgandetoi.fr/el-corte-ingles/1106742-928-F.jpg
3253634753164;1106742;928;https://content.morgandetoi.fr/el-corte-ingles/1106742-928-F.jpg
3253634753195;1106742;928;https://content.morgandetoi.fr/el-corte-ingles/1106742-928-F.jpg
3253634753188;1106742;928;https://content.morgandetoi.fr/el-corte-ingles/1106742-928-F.jpg
3253634760803;1106897;979;https://content.morgandetoi.fr/el-corte-ingles/1106897-979-F.jpg
3253634761299;1106897;979;https://content.morgandetoi.fr/el-corte-ingles/1106897-979-F.jpg
3253634761305;1106897;979;https://content.morgandetoi.fr/el-corte-ingles/1106897-979-F.jpg
3253634761282;1106897;979;https://content.morgandetoi.fr/el-corte-ingles/1106897-979-F.jpg
3253634761275;1106897;979;https://content.morgandetoi.fr/el-corte-ingles/1106897-979-F.jpg
3253634760810;1106898;979;https://content.morgandetoi.fr/el-corte-ingles/1106898-979-F.jpg
3253634761336;1106898;979;https://content.morgandetoi.fr/el-corte-ingles/1106898-979-F.jpg
3253634761329;1106898;979;https://content.morgandetoi.fr/el-corte-ingles/1106898-979-F.jpg
3253634761343;1106898;979;https://content.morgandetoi.fr/el-corte-ingles/1106898-979-F.jpg
3253634761312;1106898;979;https://content.morgandetoi.fr/el-corte-ingles/1106898-979-F.jpg
3253634760889;1106904;931;https://content.morgandetoi.fr/el-corte-ingles/1106904-931-F.jpg
3253634761633;1106904;931;https://content.morgandetoi.fr/el-corte-ingles/1106904-931-F.jpg
3253634761626;1106904;931;https://content.morgandetoi.fr/el-corte-ingles/1106904-931-F.jpg
3253634761640;1106904;931;https://content.morgandetoi.fr/el-corte-ingles/1106904-931-F.jpg
3253634761619;1106904;931;https://content.morgandetoi.fr/el-corte-ingles/1106904-931-F.jpg
3253634762579;1106919;987;https://content.morgandetoi.fr/el-corte-ingles/1106919-987-F.jpg
3253634762548;1106919;987;https://content.morgandetoi.fr/el-corte-ingles/1106919-987-F.jpg
3253634762517;1106919;987;https://content.morgandetoi.fr/el-corte-ingles/1106919-987-F.jpg
3253634762562;1106919;987;https://content.morgandetoi.fr/el-corte-ingles/1106919-987-F.jpg
3253634762531;1106919;987;https://content.morgandetoi.fr/el-corte-ingles/1106919-987-F.jpg
3253634762555;1106919;987;https://content.morgandetoi.fr/el-corte-ingles/1106919-987-F.jpg
3253634762616;1106920;931;https://content.morgandetoi.fr/el-corte-ingles/1106920-931-F.jpg
3253634762609;1106920;931;https://content.morgandetoi.fr/el-corte-ingles/1106920-931-F.jpg
3253634762593;1106920;931;https://content.morgandetoi.fr/el-corte-ingles/1106920-931-F.jpg
3253634762586;1106920;931;https://content.morgandetoi.fr/el-corte-ingles/1106920-931-F.jpg
3253634762524;1106920;931;https://content.morgandetoi.fr/el-corte-ingles/1106920-931-F.jpg
3253634763019;1106925;900;https://content.morgandetoi.fr/el-corte-ingles/1106925-900-F.jpg
3253634762920;1106925;900;https://content.morgandetoi.fr/el-corte-ingles/1106925-900-F.jpg
3253634762975;1106925;900;https://content.morgandetoi.fr/el-corte-ingles/1106925-900-F.jpg
3253634762999;1106925;900;https://content.morgandetoi.fr/el-corte-ingles/1106925-900-F.jpg
3253634763002;1106925;900;https://content.morgandetoi.fr/el-corte-ingles/1106925-900-F.jpg
3253634762982;1106925;900;https://content.morgandetoi.fr/el-corte-ingles/1106925-900-F.jpg
3253634763033;1106926;900;https://content.morgandetoi.fr/el-corte-ingles/1106926-900-F.jpg
3253634763057;1106926;900;https://content.morgandetoi.fr/el-corte-ingles/1106926-900-F.jpg
3253634763040;1106926;900;https://content.morgandetoi.fr/el-corte-ingles/1106926-900-F.jpg
3253634763064;1106926;900;https://content.morgandetoi.fr/el-corte-ingles/1106926-900-F.jpg
3253634763026;1106926;900;https://content.morgandetoi.fr/el-corte-ingles/1106926-900-F.jpg
3253634762937;1106926;900;https://content.morgandetoi.fr/el-corte-ingles/1106926-900-F.jpg
3253634763101;1106927;900;https://content.morgandetoi.fr/el-corte-ingles/1106927-900-F.jpg
3253634763088;1106927;900;https://content.morgandetoi.fr/el-corte-ingles/1106927-900-F.jpg
3253634763071;1106927;900;https://content.morgandetoi.fr/el-corte-ingles/1106927-900-F.jpg
3253634763118;1106927;900;https://content.morgandetoi.fr/el-corte-ingles/1106927-900-F.jpg
3253634763095;1106927;900;https://content.morgandetoi.fr/el-corte-ingles/1106927-900-F.jpg
3253634762944;1106927;900;https://content.morgandetoi.fr/el-corte-ingles/1106927-900-F.jpg
3253634763200;1106929;900;https://content.morgandetoi.fr/el-corte-ingles/1106929-900-F.jpg
3253634763217;1106929;900;https://content.morgandetoi.fr/el-corte-ingles/1106929-900-F.jpg
3253634763194;1106929;900;https://content.morgandetoi.fr/el-corte-ingles/1106929-900-F.jpg
3253634763187;1106929;900;https://content.morgandetoi.fr/el-corte-ingles/1106929-900-F.jpg
3253634763170;1106929;900;https://content.morgandetoi.fr/el-corte-ingles/1106929-900-F.jpg
3253634762968;1106929;900;https://content.morgandetoi.fr/el-corte-ingles/1106929-900-F.jpg
3253634768359;1107039;931;https://content.morgandetoi.fr/el-corte-ingles/1107039-931-F.jpg
3253634768380;1107039;931;https://content.morgandetoi.fr/el-corte-ingles/1107039-931-F.jpg
3253634768373;1107039;931;https://content.morgandetoi.fr/el-corte-ingles/1107039-931-F.jpg
3253634768342;1107039;931;https://content.morgandetoi.fr/el-corte-ingles/1107039-931-F.jpg
3253634768366;1107039;931;https://content.morgandetoi.fr/el-corte-ingles/1107039-931-F.jpg
3253634779720;1107197;1145;https://content.morgandetoi.fr/el-corte-ingles/1107197-1145-F.jpg
3253634779669;1107197;1145;https://content.morgandetoi.fr/el-corte-ingles/1107197-1145-F.jpg
3253634779744;1107197;1145;https://content.morgandetoi.fr/el-corte-ingles/1107197-1145-F.jpg
3253634779713;1107197;1145;https://content.morgandetoi.fr/el-corte-ingles/1107197-1145-F.jpg
3253634779737;1107197;1145;https://content.morgandetoi.fr/el-corte-ingles/1107197-1145-F.jpg
3253634779829;1107198;979;https://content.morgandetoi.fr/el-corte-ingles/1107198-979-F.jpg
3253634779812;1107198;979;https://content.morgandetoi.fr/el-corte-ingles/1107198-979-F.jpg
3253634779850;1107198;979;https://content.morgandetoi.fr/el-corte-ingles/1107198-979-F.jpg
3253634779843;1107198;979;https://content.morgandetoi.fr/el-corte-ingles/1107198-979-F.jpg
3253634779836;1107198;979;https://content.morgandetoi.fr/el-corte-ingles/1107198-979-F.jpg
3253634780047;1107200;100;https://content.morgandetoi.fr/el-corte-ingles/1107200-100-F.jpg
3253634780078;1107200;100;https://content.morgandetoi.fr/el-corte-ingles/1107200-100-F.jpg
3253634780061;1107200;100;https://content.morgandetoi.fr/el-corte-ingles/1107200-100-F.jpg
3253634780054;1107200;100;https://content.morgandetoi.fr/el-corte-ingles/1107200-100-F.jpg
3253634779911;1107200;100;https://content.morgandetoi.fr/el-corte-ingles/1107200-100-F.jpg
3253634780030;1107200;100;https://content.morgandetoi.fr/el-corte-ingles/1107200-100-F.jpg
3253634781525;1107201;302;https://content.morgandetoi.fr/el-corte-ingles/1107201-302-F.jpg
3253634781532;1107201;302;https://content.morgandetoi.fr/el-corte-ingles/1107201-302-F.jpg
3253634781518;1107201;302;https://content.morgandetoi.fr/el-corte-ingles/1107201-302-F.jpg
3253634781495;1107201;302;https://content.morgandetoi.fr/el-corte-ingles/1107201-302-F.jpg
3253634781488;1107201;302;https://content.morgandetoi.fr/el-corte-ingles/1107201-302-F.jpg
3253634781501;1107201;302;https://content.morgandetoi.fr/el-corte-ingles/1107201-302-F.jpg
3253634780177;1107202;988;https://content.morgandetoi.fr/el-corte-ingles/1107202-988-F.jpg
3253634780160;1107202;988;https://content.morgandetoi.fr/el-corte-ingles/1107202-988-F.jpg
3253634780153;1107202;988;https://content.morgandetoi.fr/el-corte-ingles/1107202-988-F.jpg
3253634779935;1107202;988;https://content.morgandetoi.fr/el-corte-ingles/1107202-988-F.jpg
3253634780146;1107202;988;https://content.morgandetoi.fr/el-corte-ingles/1107202-988-F.jpg
3253634780139;1107202;988;https://content.morgandetoi.fr/el-corte-ingles/1107202-988-F.jpg
3253634780221;1107203;1193;https://content.morgandetoi.fr/el-corte-ingles/1107203-1193-F.jpg
3253634780191;1107203;1193;https://content.morgandetoi.fr/el-corte-ingles/1107203-1193-F.jpg
3253634780214;1107203;1193;https://content.morgandetoi.fr/el-corte-ingles/1107203-1193-F.jpg
3253634780207;1107203;1193;https://content.morgandetoi.fr/el-corte-ingles/1107203-1193-F.jpg
3253634779942;1107203;1193;https://content.morgandetoi.fr/el-corte-ingles/1107203-1193-F.jpg
3253634780184;1107203;1193;https://content.morgandetoi.fr/el-corte-ingles/1107203-1193-F.jpg
3253634780245;1107204;930;https://content.morgandetoi.fr/el-corte-ingles/1107204-930-F.jpg
3253634779959;1107204;930;https://content.morgandetoi.fr/el-corte-ingles/1107204-930-F.jpg
3253634780269;1107204;930;https://content.morgandetoi.fr/el-corte-ingles/1107204-930-F.jpg
3253634780238;1107204;930;https://content.morgandetoi.fr/el-corte-ingles/1107204-930-F.jpg
3253634780252;1107204;930;https://content.morgandetoi.fr/el-corte-ingles/1107204-930-F.jpg
3253634780276;1107204;930;https://content.morgandetoi.fr/el-corte-ingles/1107204-930-F.jpg
3253634780306;1107205;988;https://content.morgandetoi.fr/el-corte-ingles/1107205-988-F.jpg
3253634780290;1107205;988;https://content.morgandetoi.fr/el-corte-ingles/1107205-988-F.jpg
3253634780283;1107205;988;https://content.morgandetoi.fr/el-corte-ingles/1107205-988-F.jpg
3253634779966;1107205;988;https://content.morgandetoi.fr/el-corte-ingles/1107205-988-F.jpg
3253634780313;1107205;988;https://content.morgandetoi.fr/el-corte-ingles/1107205-988-F.jpg
3253634780320;1107205;988;https://content.morgandetoi.fr/el-corte-ingles/1107205-988-F.jpg
3253634779973;1107206;931;https://content.morgandetoi.fr/el-corte-ingles/1107206-931-F.jpg
3253634780344;1107206;931;https://content.morgandetoi.fr/el-corte-ingles/1107206-931-F.jpg
3253634780351;1107206;931;https://content.morgandetoi.fr/el-corte-ingles/1107206-931-F.jpg
3253634780368;1107206;931;https://content.morgandetoi.fr/el-corte-ingles/1107206-931-F.jpg
3253634780375;1107206;931;https://content.morgandetoi.fr/el-corte-ingles/1107206-931-F.jpg
3253634780337;1107206;931;https://content.morgandetoi.fr/el-corte-ingles/1107206-931-F.jpg
3253634781167;1107215;931;https://content.morgandetoi.fr/el-corte-ingles/1107215-931-F.jpg
3253634781174;1107215;931;https://content.morgandetoi.fr/el-corte-ingles/1107215-931-F.jpg
3253634781143;1107215;931;https://content.morgandetoi.fr/el-corte-ingles/1107215-931-F.jpg
3253634781129;1107215;931;https://content.morgandetoi.fr/el-corte-ingles/1107215-931-F.jpg
3253634781150;1107215;931;https://content.morgandetoi.fr/el-corte-ingles/1107215-931-F.jpg
3253634781204;1107215;987;https://content.morgandetoi.fr/el-corte-ingles/1107215-987-F.jpg
3253634781136;1107215;987;https://content.morgandetoi.fr/el-corte-ingles/1107215-987-F.jpg
3253634781198;1107215;987;https://content.morgandetoi.fr/el-corte-ingles/1107215-987-F.jpg
3253634781211;1107215;987;https://content.morgandetoi.fr/el-corte-ingles/1107215-987-F.jpg
3253634781181;1107215;987;https://content.morgandetoi.fr/el-corte-ingles/1107215-987-F.jpg
3253634781280;1107216;1083;https://content.morgandetoi.fr/el-corte-ingles/1107216-1083-F.jpg
3253634781259;1107216;1083;https://content.morgandetoi.fr/el-corte-ingles/1107216-1083-F.jpg
3253634781273;1107216;1083;https://content.morgandetoi.fr/el-corte-ingles/1107216-1083-F.jpg
3253634781266;1107216;1083;https://content.morgandetoi.fr/el-corte-ingles/1107216-1083-F.jpg
3253634781228;1107216;1083;https://content.morgandetoi.fr/el-corte-ingles/1107216-1083-F.jpg
3253634781235;1107216;1084;https://content.morgandetoi.fr/el-corte-ingles/1107216-1084-F.jpg
3253634781327;1107216;1084;https://content.morgandetoi.fr/el-corte-ingles/1107216-1084-F.jpg
3253634781303;1107216;1084;https://content.morgandetoi.fr/el-corte-ingles/1107216-1084-F.jpg
3253634781297;1107216;1084;https://content.morgandetoi.fr/el-corte-ingles/1107216-1084-F.jpg
3253634781310;1107216;1084;https://content.morgandetoi.fr/el-corte-ingles/1107216-1084-F.jpg
3253634781341;1107217;101;https://content.morgandetoi.fr/el-corte-ingles/1107217-101-F.jpg
3253634781242;1107217;101;https://content.morgandetoi.fr/el-corte-ingles/1107217-101-F.jpg
3253634781365;1107217;101;https://content.morgandetoi.fr/el-corte-ingles/1107217-101-F.jpg
3253634781334;1107217;101;https://content.morgandetoi.fr/el-corte-ingles/1107217-101-F.jpg
3253634781358;1107217;101;https://content.morgandetoi.fr/el-corte-ingles/1107217-101-F.jpg
3253634781419;1107218;927;https://content.morgandetoi.fr/el-corte-ingles/1107218-927-F.jpg
3253634781426;1107218;927;https://content.morgandetoi.fr/el-corte-ingles/1107218-927-F.jpg
3253634781402;1107218;927;https://content.morgandetoi.fr/el-corte-ingles/1107218-927-F.jpg
3253634781396;1107218;927;https://content.morgandetoi.fr/el-corte-ingles/1107218-927-F.jpg
3253634781433;1107218;927;https://content.morgandetoi.fr/el-corte-ingles/1107218-927-F.jpg
3253634781372;1107218;927;https://content.morgandetoi.fr/el-corte-ingles/1107218-927-F.jpg
3253634781440;1107219;900;https://content.morgandetoi.fr/el-corte-ingles/1107219-900-F.jpg
3253634781457;1107219;900;https://content.morgandetoi.fr/el-corte-ingles/1107219-900-F.jpg
3253634781389;1107219;900;https://content.morgandetoi.fr/el-corte-ingles/1107219-900-F.jpg
3253634781471;1107219;900;https://content.morgandetoi.fr/el-corte-ingles/1107219-900-F.jpg
3253634781464;1107219;900;https://content.morgandetoi.fr/el-corte-ingles/1107219-900-F.jpg
3253634781723;1107222;978;https://content.morgandetoi.fr/el-corte-ingles/1107222-978-F.jpg
3253634781716;1107222;978;https://content.morgandetoi.fr/el-corte-ingles/1107222-978-F.jpg
3253634781747;1107222;978;https://content.morgandetoi.fr/el-corte-ingles/1107222-978-F.jpg
3253634781662;1107222;978;https://content.morgandetoi.fr/el-corte-ingles/1107222-978-F.jpg
3253634781730;1107222;978;https://content.morgandetoi.fr/el-corte-ingles/1107222-978-F.jpg
3253634783086;1107233;100;https://content.morgandetoi.fr/el-corte-ingles/1107233-100-F.jpg
3253634783055;1107233;100;https://content.morgandetoi.fr/el-corte-ingles/1107233-100-F.jpg
3253634783079;1107233;100;https://content.morgandetoi.fr/el-corte-ingles/1107233-100-F.jpg
3253634783093;1107233;100;https://content.morgandetoi.fr/el-corte-ingles/1107233-100-F.jpg
3253634783024;1107233;100;https://content.morgandetoi.fr/el-corte-ingles/1107233-100-F.jpg
3253634783062;1107233;100;https://content.morgandetoi.fr/el-corte-ingles/1107233-100-F.jpg
3253634783031;1107233;1159;https://content.morgandetoi.fr/el-corte-ingles/1107233-1159-F.jpg
3253634783130;1107233;1159;https://content.morgandetoi.fr/el-corte-ingles/1107233-1159-F.jpg
3253634783116;1107233;1159;https://content.morgandetoi.fr/el-corte-ingles/1107233-1159-F.jpg
3253634783109;1107233;1159;https://content.morgandetoi.fr/el-corte-ingles/1107233-1159-F.jpg
3253634783123;1107233;1159;https://content.morgandetoi.fr/el-corte-ingles/1107233-1159-F.jpg
3253634783147;1107233;1159;https://content.morgandetoi.fr/el-corte-ingles/1107233-1159-F.jpg
3253634782379;1107234;979;https://content.morgandetoi.fr/el-corte-ingles/1107234-979-F.jpg
3253634782348;1107234;979;https://content.morgandetoi.fr/el-corte-ingles/1107234-979-F.jpg
3253634782331;1107234;979;https://content.morgandetoi.fr/el-corte-ingles/1107234-979-F.jpg
3253634782362;1107234;979;https://content.morgandetoi.fr/el-corte-ingles/1107234-979-F.jpg
3253634781969;1107234;979;https://content.morgandetoi.fr/el-corte-ingles/1107234-979-F.jpg
3253634782355;1107234;979;https://content.morgandetoi.fr/el-corte-ingles/1107234-979-F.jpg
3253634782423;1107235;979;https://content.morgandetoi.fr/el-corte-ingles/1107235-979-F.jpg
3253634782416;1107235;979;https://content.morgandetoi.fr/el-corte-ingles/1107235-979-F.jpg
3253634782409;1107235;979;https://content.morgandetoi.fr/el-corte-ingles/1107235-979-F.jpg
3253634781976;1107235;979;https://content.morgandetoi.fr/el-corte-ingles/1107235-979-F.jpg
3253634782386;1107235;979;https://content.morgandetoi.fr/el-corte-ingles/1107235-979-F.jpg
3253634782393;1107235;979;https://content.morgandetoi.fr/el-corte-ingles/1107235-979-F.jpg
3253634782058;1107228;979;https://content.morgandetoi.fr/el-corte-ingles/1107228-979-F.jpg
3253634781907;1107228;979;https://content.morgandetoi.fr/el-corte-ingles/1107228-979-F.jpg
3253634782072;1107228;979;https://content.morgandetoi.fr/el-corte-ingles/1107228-979-F.jpg
3253634782065;1107228;979;https://content.morgandetoi.fr/el-corte-ingles/1107228-979-F.jpg
3253634782041;1107228;979;https://content.morgandetoi.fr/el-corte-ingles/1107228-979-F.jpg
3253634782089;1107228;979;https://content.morgandetoi.fr/el-corte-ingles/1107228-979-F.jpg
3253634781914;1107229;979;https://content.morgandetoi.fr/el-corte-ingles/1107229-979-F.jpg
3253634782133;1107229;979;https://content.morgandetoi.fr/el-corte-ingles/1107229-979-F.jpg
3253634782102;1107229;979;https://content.morgandetoi.fr/el-corte-ingles/1107229-979-F.jpg
3253634782096;1107229;979;https://content.morgandetoi.fr/el-corte-ingles/1107229-979-F.jpg
3253634782126;1107229;979;https://content.morgandetoi.fr/el-corte-ingles/1107229-979-F.jpg
3253634782119;1107229;979;https://content.morgandetoi.fr/el-corte-ingles/1107229-979-F.jpg
3253634782157;1107230;979;https://content.morgandetoi.fr/el-corte-ingles/1107230-979-F.jpg
3253634782188;1107230;979;https://content.morgandetoi.fr/el-corte-ingles/1107230-979-F.jpg
3253634782171;1107230;979;https://content.morgandetoi.fr/el-corte-ingles/1107230-979-F.jpg
3253634782164;1107230;979;https://content.morgandetoi.fr/el-corte-ingles/1107230-979-F.jpg
3253634782140;1107230;979;https://content.morgandetoi.fr/el-corte-ingles/1107230-979-F.jpg
3253634781921;1107230;979;https://content.morgandetoi.fr/el-corte-ingles/1107230-979-F.jpg
3253634782553;1107237;979;https://content.morgandetoi.fr/el-corte-ingles/1107237-979-F.jpg
3253634782539;1107237;979;https://content.morgandetoi.fr/el-corte-ingles/1107237-979-F.jpg
3253634782560;1107237;979;https://content.morgandetoi.fr/el-corte-ingles/1107237-979-F.jpg
3253634782522;1107237;979;https://content.morgandetoi.fr/el-corte-ingles/1107237-979-F.jpg
3253634782485;1107237;979;https://content.morgandetoi.fr/el-corte-ingles/1107237-979-F.jpg
3253634782546;1107237;979;https://content.morgandetoi.fr/el-corte-ingles/1107237-979-F.jpg
3253634782515;1107240;931;https://content.morgandetoi.fr/el-corte-ingles/1107240-931-F.jpg
3253634782676;1107240;931;https://content.morgandetoi.fr/el-corte-ingles/1107240-931-F.jpg
3253634782652;1107240;931;https://content.morgandetoi.fr/el-corte-ingles/1107240-931-F.jpg
3253634782683;1107240;931;https://content.morgandetoi.fr/el-corte-ingles/1107240-931-F.jpg
3253634782669;1107240;931;https://content.morgandetoi.fr/el-corte-ingles/1107240-931-F.jpg
