CODEMAGASIN;NOMPRODUIT;CODEINTERNEARTICLE;CODEPRODUIT;LIBCOLORISMODIFIE;CODECOLORISSEL;TAILLE;CODEBARRES;DISPONIBLE;TRANSITO;PREPARACION;TOTAL
801;211-PROSY.F;493644;85001;IVOIRE;100;T34;3253633418606;2;0;0;2
801;211-PROSY.F;493645;85001;IVOIRE;100;T36;3253633418613;0;1;0;1
801;211-PROSY.F;493646;85001;IVOIRE;100;T38;3253633418620;1;0;0;1
801;211-PROSY.F;493647;85001;IVOIRE;100;T40;3253633418637;0;0;0;0
801;231-DATE;632870;93923;SWEET DREAMS;201;TXS;3253634679938;1;0;0;1
801;231-DATE;632871;93923;SWEET DREAMS;201;TS;3253634679945;2;0;0;2
801;231-DATE;632865;93923;SWEET DREAMS;201;TM;3253634679891;2;0;0;2
801;231-DATE;632872;93923;SWEET DREAMS;201;TL;3253634679952;2;0;0;2
801;241-ROSVAL;628166;97093;BLUE DEPTHS;979;T34;3253634634470;0;1;0;1
801;241-ROSVAL;628167;97093;BLUE DEPTHS;979;T36;3253634634487;1;0;0;1
801;241-ROSVAL;628168;97093;BLUE DEPTHS;979;T38;3253634634494;0;0;0;0
801;241-ROSVAL;628169;97093;BLUE DEPTHS;979;T40;3253634634500;2;0;0;2
801;241-ROSVAL;628170;97093;BLUE DEPTHS;979;T42;3253634634517;2;0;0;2
801;241-DAGA;632868;98032;PALE BANANA;508;TM;3253634679921;2;0;0;2
801;241-DAGA;632876;98032;PALE BANANA;508;TL;3253634679990;2;0;0;2
801;241-MELAN;633078;98061;MYRTILLE M;1204;TXS;3253634681962;2;0;0;2
801;241-MELAN;633079;98061;MYRTILLE M;1204;TS;3253634681979;2;0;0;2
801;241-MELAN;633076;98061;MYRTILLE M;1204;TM;3253634681955;2;0;0;2
801;241-MELAN;633080;98061;MYRTILLE M;1204;TL;3253634681986;1;0;0;1
801;241-OROOVE;633780;98443;NAVAL ACADEMY;1288;T34;3253634688848;1;0;0;1
801;241-OROOVE;633781;98443;NAVAL ACADEMY;1288;T36;3253634688855;1;0;0;1
801;241-OROOVE;633746;98443;NAVAL ACADEMY;1288;T38;3253634688510;1;0;1;2
801;241-OROOVE;633782;98443;NAVAL ACADEMY;1288;T40;3253634688862;2;0;0;2
801;241-OROOVE;633783;98443;NAVAL ACADEMY;1288;T42;3253634688879;2;0;0;2
801;242-OLAFI;613910;98945;IVOIRE M;1293;T36;3253634498676;1;0;0;1
801;242-OLAFI;613911;98945;IVOIRE M;1293;T38;3253634498683;1;0;0;1
801;241-ROSLI;633800;99078;MAGMA M;314;T34;3253634689043;0;1;0;0
801;241-ROSLI;633801;99078;MAGMA M;314;T36;3253634689050;0;2;0;2
801;241-ROSLI;633737;99078;MAGMA M;314;T38;3253634688428;2;2;0;4
801;241-ROSLI;633802;99078;MAGMA M;314;T40;3253634689067;3;0;0;3
801;241-ROSLI;633808;99078;PALE BANANA;314;T42;3253634689128;1;0;0;1
801;241-ROSLI;633803;99078;MAGMA M;314;T42;3253634689074;1;0;0;1
801;242-MUSHU;592454;99513;ECRU;201;TXS;3253634297200;2;0;0;2
801;242-MUSHU;592455;99513;ECRU;201;TS;3253634297217;4;0;0;4
801;242-MUSHU;592456;99513;ECRU;201;TM;3253634297224;4;0;0;4
801;242-MUSHU;592457;99513;ECRU;201;TL;3253634297231;2;0;0;2
801;241-DEUX;594613;99913;MULTICO;900;TXS;3253634318790;2;0;0;2
801;241-DEUX;594614;99913;MULTICO;900;TS;3253634318806;4;0;0;4
801;241-DEUX;594615;99913;MULTICO;900;TM;3253634318813;1;0;0;1
801;241-DEUX;594616;99913;MULTICO;900;TL;3253634318820;1;0;0;1
801;241-DEUX;594617;99913;MULTICO;900;TXL;3253634318837;1;0;0;1
801;251-DIDOA;608613;101546;NOIR M;988;TXS;3253634452838;2;0;0;2
801;251-DIDOA;627300;101546;CAPERS;988;TXS;3253634625812;3;0;0;3
801;251-DIDOA;605541;101546;IVOIRE M;988;TXS;3253634422114;1;0;0;1
801;251-DIDOA;608614;101546;NOIR M;988;TS;3253634452845;2;0;0;2
801;251-DIDOA;627301;101546;CAPERS;988;TS;3253634625829;3;0;0;3
801;251-DIDOA;605542;101546;IVOIRE M;988;TS;3253634422121;2;0;0;2
801;251-DIDOA;608615;101546;NOIR M;988;TM;3253634452852;1;0;0;1
801;251-DIDOA;605543;101546;IVOIRE M;988;TM;3253634422138;2;0;0;2
801;251-DIDOA;627302;101546;CAPERS;988;TM;3253634625836;1;0;0;1
801;251-DIDOA;627307;101546;ARGAN OIL;988;TM;3253634625881;2;0;0;2
801;251-DIDOA;605544;101546;IVOIRE M;988;TL;3253634422145;3;0;0;3
801;251-DIDOA;627303;101546;CAPERS;988;TL;3253634625843;1;0;0;1
801;251-DIDOA;608616;101546;NOIR M;988;TL;3253634452869;0;1;0;1
801;251-RIA;633825;1102137;NOIR M;301;T34;3253634689296;1;0;0;1
801;251-RIA;633826;1102137;NOIR M;301;T36;3253634689302;2;0;0;2
801;251-RIA;633720;1102137;NOIR M;301;T38;3253634688251;2;0;0;2
801;251-RIA;633827;1102137;NOIR M;301;T40;3253634689319;0;1;1;2
801;251-RIA;633828;1102137;NOIR M;301;T42;3253634689326;2;0;0;2
801;251-RISSAL;630000;1102139;TEABERRY;1288;T36;3253634652818;2;0;0;2
801;251-RISSAL;633831;1102139;NAVAL ACADEMY;1288;T36;3253634689357;2;0;0;2
801;251-RISSAL;628252;1102139;AVENTURINE;1288;T38;3253634635330;1;0;0;1
801;251-RISSAL;630001;1102139;TEABERRY;1288;T38;3253634652825;2;0;0;2
801;251-RISSAL;633724;1102139;NAVAL ACADEMY;1288;T38;3253634688299;1;0;0;1
801;251-RISSAL;630002;1102139;TEABERRY;1288;T40;3253634652832;1;0;0;1
801;251-RISSAL;628253;1102139;AVENTURINE;1288;T40;3253634635347;0;1;0;1
801;251-RISSAL;633832;1102139;NAVAL ACADEMY;1288;T40;3253634689364;2;0;0;2
801;251-RISSAL;633833;1102139;NAVAL ACADEMY;1288;T42;3253634689371;1;1;0;2
801;251-RISSAL;630003;1102139;TEABERRY;1288;T42;3253634652849;1;0;0;1
801;251-DELLA;632882;1102191;NOIR M;979;TXS;3253634680057;1;0;0;1
801;251-DELLA;610064;1102191;OFF WHITE M;979;TXS;3253634466668;1;0;0;1
801;251-DELLA;610065;1102191;OFF WHITE M;979;TS;3253634466675;1;0;1;2
801;251-DELLA;632883;1102191;NOIR M;979;TS;3253634680064;1;0;0;1
801;251-DELLA;632856;1102191;NOIR M;979;TM;3253634679808;1;0;0;1
801;251-DELLA;610066;1102191;OFF WHITE M;979;TM;3253634466682;3;0;0;3
801;251-DELLA;632884;1102191;NOIR M;979;TL;3253634680071;0;0;0;0
801;251-DELLA;610067;1102191;OFF WHITE M;979;TL;3253634466699;3;0;0;3
801;251-DALBA;632886;1102198;OFF WHITE M;1166;TXS;3253634680095;1;0;0;1
801;251-DALBA;634152;1102198;BUBBLE M;1166;TXS;3253634692531;0;1;0;0
801;251-DALBA;634153;1102198;BUBBLE M;1166;TS;3253634692548;2;0;0;2
801;251-DALBA;632887;1102198;OFF WHITE M;1166;TS;3253634680101;2;0;0;2
801;251-DALBA;632857;1102198;OFF WHITE M;1166;TM;3253634679815;3;0;0;3
801;251-DALBA;634141;1102198;BUBBLE M;1166;TM;3253634692432;2;0;0;2
801;251-DALBA;634154;1102198;BUBBLE M;1166;TL;3253634692555;1;0;0;1
801;251-DALBA;632888;1102198;OFF WHITE M;1166;TL;3253634680118;2;0;0;2
801;251-REINE1;633836;1102222;MYRTILLE M;1204;T36;3253634689401;1;0;0;1
801;251-REINE1;633756;1102222;MYRTILLE M;1204;T38;3253634688619;1;0;0;1
801;252-RMARMAI;613063;1102606;HAVANE M;1105;TM;3253634490212;1;0;0;1
801;252-RMARMAI;613064;1102606;HAVANE M;1105;TL;3253634490229;1;0;0;1
801;252-DFLOWER;613111;1102614;NOIR M;931;TXS;3253634490694;1;0;0;1
801;252-DFLOWER;634156;1102614;NAVAL ACADEMY;931;TXS;3253634692579;1;0;0;1
801;252-DFLOWER;634157;1102614;NAVAL ACADEMY;931;TS;3253634692586;2;0;0;2
801;252-DFLOWER;613112;1102614;NOIR M;931;TS;3253634490700;2;0;0;2
801;252-DFLOWER;634140;1102614;NAVAL ACADEMY;931;TM;3253634692425;2;1;0;3
801;252-DFLOWER;613113;1102614;NOIR M;931;TM;3253634490717;2;1;0;3
801;252-DFLOWER;613114;1102614;NOIR M;931;TL;3253634490724;0;1;1;2
801;252-DFLOWER;634158;1102614;NAVAL ACADEMY;931;TL;3253634692593;3;0;0;3
801;252-DAROD;632902;1102626;MARINE M;1104;TXS;3253634680255;1;0;0;1
801;252-DAROD;632903;1102626;MARINE M;1104;TS;3253634680262;2;0;0;2
801;252-DAROD;632849;1102626;MARINE M;1104;TM;3253634679730;2;0;1;3
801;252-DAROD;632904;1102626;MARINE M;1104;TL;3253634680279;2;0;1;3
801;251-RJOLIE;615780;1103015;MARINE M;1191;T38;3253634517155;2;0;0;2
801;251-DSARAH;615861;1103028;IVOIRE M;978;TXS;3253634517964;1;0;0;1
801;251-DSARAH;615862;1103028;IVOIRE M;978;TS;3253634517971;3;0;0;3
801;251-DSARAH;615863;1103028;IVOIRE M;978;TM;3253634517988;3;0;0;3
801;251-DSARAH;615864;1103028;IVOIRE M;978;TL;3253634517995;3;0;0;3
801;251-DROSSO;627337;1103484;MARINE M;931;TXS;3253634626185;1;0;0;1
801;251-DROSSO;627338;1103484;MARINE M;931;TS;3253634626192;2;0;0;2
801;251-DROSSO;627339;1103484;MARINE M;931;TM;3253634626208;2;0;0;2
801;251-DROSSO;627340;1103484;MARINE M;931;TL;3253634626215;2;0;0;2
801;251-DALIKA;619301;1103498;OFF WHITE M;931;TXS;3253634551593;2;0;0;2
801;251-DALIKA;619302;1103498;OFF WHITE M;931;TS;3253634551609;2;0;0;2
801;251-DALIKA;619303;1103498;OFF WHITE M;931;TM;3253634551616;3;0;0;3
801;251-DALIKA;619304;1103498;OFF WHITE M;931;TL;3253634551623;1;1;0;2
801;261-DIANA;627357;1104721;BUTTER M;987;TXS;3253634626383;1;0;0;1
801;261-DIANA;627359;1104721;BUTTER M;987;TM;3253634626406;1;0;0;1
801;261-DIANA;627360;1104721;BUTTER M;987;TL;3253634626413;1;0;0;1
801;261-DAHLIA;627888;1104787;OFF WHITE M;1299;TXS;3253634631691;1;0;0;1
801;261-DAHLIA;627889;1104787;OFF WHITE M;1299;TS;3253634631707;1;0;0;1
801;261-DAHLIA;627890;1104787;OFF WHITE M;1299;TM;3253634631714;1;0;0;1
801;261-DAHLIA;627891;1104787;OFF WHITE M;1299;TL;3253634631721;1;0;0;1
801;261-RDADOU;628455;1104860;FIG;979;T36;3253634637365;1;0;0;1
801;261-RDADOU;628457;1104860;FIG;979;T40;3253634637389;1;0;0;1
801;261-RLUCY;628460;1104861;MAGMA M;1191;T34;3253634637419;1;0;0;1
801;261-RLUCY;628461;1104861;MAGMA M;1191;T36;3253634637426;3;0;0;3
801;261-RLUCY;628462;1104861;MAGMA M;1191;T38;3253634637433;1;0;0;1
801;261-RLUCY;628463;1104861;MAGMA M;1191;T40;3253634637440;1;0;0;1
801;261-RMARIUS;628564;1104872;BUTTER M;1191;TS;3253634638454;1;0;0;1
801;261-RMARIUS;628566;1104872;BUTTER M;1191;TL;3253634638478;1;0;0;1
801;261-DIVALI;632847;1105668;MYRTILLE M;1204;TM;3253634679716;1;0;0;1
801;261-DIVALI;632908;1105668;MYRTILLE M;1204;TL;3253634680316;2;0;0;2
801;261-DIVALI;632909;1105668;MYRTILLE M;1204;TXL;3253634680323;1;0;0;1
801;261-DTAL;632926;1105672;BUBBLE M;1166;TXS;3253634680491;1;0;0;1
801;261-DTAL;632927;1105672;BUBBLE M;1166;TS;3253634680507;2;0;0;2
801;261-DTAL;632855;1105672;BUBBLE M;1166;TM;3253634679792;1;1;0;2
801;261-DTAL;632928;1105672;BUBBLE M;1166;TL;3253634680514;2;0;0;2
801;261-DOUCE;632938;1105675;OFF WHITE M;931;TXS;3253634680613;1;0;0;1
801;261-DOUCE;632939;1105675;OFF WHITE M;931;TS;3253634680620;1;1;0;2
801;261-DOUCE;632861;1105675;OFF WHITE M;931;TM;3253634679853;1;1;0;2
801;261-DOUCE;632940;1105675;OFF WHITE M;931;TL;3253634680637;1;0;0;1
801;261-DFESTON;632943;1105676;SWEET DREAMS;1199;TS;3253634680668;1;0;0;1
801;261-DFESTON;632862;1105676;SWEET DREAMS;1199;TM;3253634679860;2;0;0;2
801;261-DFESTON;632944;1105676;SWEET DREAMS;1199;TL;3253634680675;1;0;0;1
801;261-DNAVY;632950;1105677;MARINE/OFF WHITE;926;TXS;3253634680736;2;0;0;2
801;261-DNAVY;632951;1105677;MARINE/OFF WHITE;926;TS;3253634680743;1;0;0;1
801;261-DNAVY;632864;1105677;MARINE/OFF WHITE;926;TM;3253634679884;1;0;0;1
801;261-DNAVY;632952;1105677;MARINE/OFF WHITE;926;TL;3253634680750;1;0;0;1
801;261-DSAMIR;632969;1105679;PRAIRIE M;931;TXS;3253634680910;1;0;0;1
801;261-DSAMIR;632970;1105679;PRAIRIE M;931;TS;3253634680927;1;0;0;1
801;261-DSAMIR;632966;1105679;MYRTILLE M;931;TS;3253634680880;1;0;0;1
801;261-DSAMIR;632960;1105679;PRAIRIE M;931;TM;3253634680835;2;0;1;3
801;261-DSAMIR;632959;1105679;MYRTILLE M;931;TM;3253634680828;1;1;1;3
801;261-DSAMIR;632971;1105679;PRAIRIE M;931;TL;3253634680934;3;0;1;4
801;261-DSAMIR;632967;1105679;MYRTILLE M;931;TL;3253634680897;2;0;0;2
801;261-DROSE;632997;1105681;OFF WHITE M;931;TXS;3253634681184;1;0;0;1
801;261-DROSE;632998;1105681;OFF WHITE M;931;TS;3253634681191;3;0;0;3
801;261-DROSE;632990;1105681;OFF WHITE M;931;TM;3253634681122;2;0;0;2
801;261-DROSE;632999;1105681;OFF WHITE M;931;TL;3253634681207;1;1;0;2
801;261-DRED;633001;1105682;MAGMA M;1023;TXS;3253634681221;1;0;0;1
801;261-DRED;633003;1105682;MAGMA M;1023;TL;3253634681245;1;0;0;1
801;261-MPIKA;633106;1105694;ROSEE M;1219;TXS;3253634682235;1;0;0;1
801;261-MPIKA;633107;1105694;ROSEE M;1219;TS;3253634682242;1;0;0;1
801;261-MPIKA;633094;1105694;ROSEE M;1219;TM;3253634682129;1;0;1;2
801;261-MPIKA;633108;1105694;ROSEE M;1219;TL;3253634682259;1;0;0;1
801;261-MLOSI;633126;1105699;NOIR/IVOIRE;929;TXS;3253634682433;1;0;0;1
801;261-MLOSI;633127;1105699;NOIR/IVOIRE;929;TS;3253634682440;2;0;0;2
801;261-MLOSI;633099;1105699;NOIR/IVOIRE;929;TM;3253634682174;1;0;0;1
801;261-RMAGO;633134;1105701;NOIR M;979;TXS;3253634682518;1;0;0;1
801;261-RMAGO;633135;1105701;NOIR M;979;TS;3253634682525;1;0;0;1
801;261-RMAGO;633101;1105701;NOIR M;979;TM;3253634682198;1;0;0;1
801;261-DEFI;634161;1105706;BUTTER M;1199;TS;3253634692623;2;0;0;2
801;261-DEFI;634130;1105706;BUTTER M;1199;TM;3253634692326;4;0;0;4
801;261-DEFI;634162;1105706;BUTTER M;1199;TL;3253634692630;2;1;0;3
801;261-DEFI;634163;1105706;BUTTER M;1199;TXL;3253634692647;3;0;0;3
801;261-3FLEUR;633225;1105716;DORE;401;T0;3253634683362;1;0;0;1
801;261-3FLEUR;633217;1105716;DORE;401;T1;3253634683294;1;0;0;1
801;261-3FLEUR;633226;1105716;DORE;401;T2;3253634683379;1;0;0;1
801;261-RMILAN;633348;1105731;DORE;401;TXS;3253634684574;1;0;0;1
801;261-RMILAN;633349;1105731;DORE;401;TS;3253634684581;0;1;0;1
801;261-RMILAN;633241;1105731;DORE;401;TM;3253634683515;2;0;0;2
801;261-RMILAN;633350;1105731;DORE;401;TL;3253634684598;1;0;0;1
801;261-JITAMI;633484;1105757;DENIM STONE;993;T34;3253634685939;1;0;0;1
801;261-JITAMI;633485;1105757;DENIM STONE;993;T36;3253634685946;2;0;0;2
801;261-JITAMI;633274;1105757;DENIM STONE;993;T38;3253634683843;1;0;1;2
801;261-JITAMI;633486;1105757;DENIM STONE;993;T40;3253634685953;1;0;0;1
801;261-JITAMI;633487;1105757;DENIM STONE;993;T42;3253634685960;1;1;0;2
801;261-DNINO;633544;1105763;NAVAL ACADEMY;1200;TL;3253634686523;1;0;0;1
801;261-OPON;633860;1105786;OFF WHITE M;931;T34;3253634689647;1;0;0;1
801;261-OPON;633862;1105786;OFF WHITE M;931;T40;3253634689661;1;0;0;1
801;261-OSAJE;633895;1105793;NOIR M;979;T34;3253634689999;1;0;0;1
801;261-OSAJE;633896;1105793;NOIR M;979;T36;3253634690001;1;0;0;1
801;261-OSAJE;633713;1105793;NOIR M;979;T38;3253634688183;1;0;1;2
801;261-RIKOOL;633901;1105794;NAVAL ACADEMY;1200;T36;3253634690056;1;0;0;1
801;261-RIKOOL;633715;1105794;NAVAL ACADEMY;1200;T38;3253634688206;1;0;0;1
801;261-RIKOOL;633902;1105794;NAVAL ACADEMY;1200;T40;3253634690063;1;1;0;2
801;261-RIKOOL;633903;1105794;NAVAL ACADEMY;1200;T42;3253634690070;1;0;0;1
801;261-RELIF.F;633920;1105798;MULTICO;900;T34;3253634690247;1;0;0;1
801;261-RELIF.F;633921;1105798;MULTICO;900;T36;3253634690254;2;0;0;2
801;261-RELIF.F;633721;1105798;MULTICO;900;T38;3253634688268;3;0;0;3
801;261-RELIF.F;633922;1105798;MULTICO;900;T40;3253634690261;2;0;0;2
801;261-RELIF.F;633923;1105798;MULTICO;900;T42;3253634690278;2;0;0;2
801;261-RPLISSY;633930;1105800;MAGMA M;1023;T34;3253634690346;0;1;0;1
801;261-RPLISSY;633931;1105800;MAGMA M;1023;T36;3253634690353;1;0;0;1
801;261-RPLISSY;633723;1105800;MAGMA M;1023;T38;3253634688282;0;2;0;2
801;261-RPLISSY;633932;1105800;MAGMA M;1023;T40;3253634690360;0;1;0;1
801;261-RPLISSY;633933;1105800;MAGMA M;1023;T42;3253634690377;0;1;0;0
801;261-OPA;633940;1105802;NOIR M;979;T34;3253634690445;1;0;0;1
801;261-OPA;633942;1105802;NOIR M;979;T40;3253634690469;1;0;0;1
801;261-RELOW;633951;1105804;NOIR M;979;T36;3253634690551;1;0;0;1
801;261-RELOW;633952;1105804;NOIR M;979;T40;3253634690568;1;0;0;1
801;261-RSOAN;633956;1105805;MULTICO;900;T36;3253634690605;1;1;0;2
801;261-RSOAN;633729;1105805;MULTICO;900;T38;3253634688343;0;2;0;2
801;261-RSOAN;633957;1105805;MULTICO;900;T40;3253634690612;2;0;0;2
801;261-RAYEE;633960;1105806;PALE BANANA;1144;T34;3253634690643;1;0;0;1
801;261-RAYEE;633962;1105806;PALE BANANA;1144;T40;3253634690667;1;0;0;1
801;261-RODIOL;633985;1105811;NOIR/IVOIRE;929;T34;3253634690896;1;0;0;1
801;261-RODIOL;633986;1105811;NOIR/IVOIRE;929;T36;3253634690902;0;1;1;2
801;261-RODIOL;633741;1105811;NOIR/IVOIRE;929;T38;3253634688466;1;0;0;1
801;261-RODIOL;633988;1105811;NOIR/IVOIRE;929;T42;3253634690926;2;0;0;2
801;261-PIBO.F;633990;1105812;NAVAL ACADEMY;1200;T34;3253634690940;1;0;0;1
801;261-PIBO.F;633991;1105812;NAVAL ACADEMY;1200;T36;3253634690957;1;0;0;1
801;261-PIBO.F;633992;1105812;NAVAL ACADEMY;1200;T40;3253634690964;1;0;0;1
801;261-PIBO.F;633993;1105812;NAVAL ACADEMY;1200;T42;3253634690971;0;1;0;0
801;261-CUBA.F;634001;1105814;MULTICO;900;T36;3253634691053;1;0;0;1
801;261-CUBA.F;633745;1105814;MULTICO;900;T38;3253634688503;1;0;0;1
801;261-CUBA.F;634003;1105814;MULTICO;900;T42;3253634691077;1;0;0;1
801;261-RBELLE;634021;1105818;OFF WHITE M;931;T36;3253634691251;0;2;0;2
801;261-RBELLE;633751;1105818;OFF WHITE M;931;T38;3253634688565;1;1;0;2
801;261-RBELLE;634022;1105818;OFF WHITE M;931;T40;3253634691268;1;1;0;2
801;261-RBELLE;634023;1105818;OFF WHITE M;931;T42;3253634691275;1;0;0;1
801;261-RDOLSOU;634036;1105821;PRAIRIE M;1213;T36;3253634691404;2;0;0;2
801;261-RDOLSOU;633757;1105821;PRAIRIE M;1213;T38;3253634688626;2;1;0;3
801;261-PBELLE;634050;1105824;NOIR M;979;T34;3253634691541;1;0;0;1
801;261-PBELLE;634051;1105824;NOIR M;979;T36;3253634691558;1;0;0;1
801;261-PBELLE;633760;1105824;NOIR M;979;T38;3253634688657;1;0;0;1
801;261-PBELLE;634052;1105824;NOIR M;979;T40;3253634691565;1;0;0;1
801;261-PBELLE;634053;1105824;NOIR M;979;T42;3253634691572;3;0;0;3
801;261-RDALA.F;634055;1105825;MULTICO;900;T34;3253634691596;1;0;0;1
801;261-RDALA.F;634056;1105825;MULTICO;900;T36;3253634691602;1;0;0;1
801;261-RDALA.F;634058;1105825;MULTICO;900;T42;3253634691626;1;0;0;1
801;261-RBRUM;633762;1105826;EPICE M;1118;T38;3253634688671;1;0;0;1
801;261-RBRUM;634062;1105826;EPICE M;1118;T40;3253634691664;2;0;0;2
801;261-RBRUM;634063;1105826;EPICE M;1118;T42;3253634691671;1;0;0;1
801;261-DANIELA;634168;1105832;MAGMA M;979;TXS;3253634692692;1;0;0;1
801;261-DANIELA;634169;1105832;MAGMA M;979;TS;3253634692708;2;0;0;2
801;261-DANIELA;634133;1105832;MAGMA M;979;TM;3253634692357;1;1;0;2
801;261-DANIELA;634170;1105832;MAGMA M;979;TL;3253634692715;2;0;0;2
801;261-DJOJO;634184;1105834;OFF WHITE M;979;TXS;3253634692852;1;0;0;1
801;261-DJOJO;634185;1105834;OFF WHITE M;979;TS;3253634692869;1;1;0;2
801;261-DJOJO;634136;1105834;OFF WHITE M;979;TM;3253634692388;2;0;0;2
801;261-DJOJO;634186;1105834;OFF WHITE M;979;TL;3253634692876;1;0;0;1
801;261-DYLAN;634188;1105835;OFF WHITE M;931;TXS;3253634692890;0;1;0;1
801;261-DYLAN;634137;1105835;OFF WHITE M;931;TM;3253634692395;1;1;0;2
801;261-DYLAN;634190;1105835;OFF WHITE M;931;TL;3253634692913;1;0;0;1
801;261-DANANA;634201;1105837;PALE BANANA;1144;TS;3253634693026;1;1;0;2
801;261-DANANA;634142;1105837;PALE BANANA;1144;TM;3253634692449;2;0;0;2
801;261-DANANA;634202;1105837;PALE BANANA;1144;TL;3253634693033;2;0;0;2
801;261-DPALM;634212;1105840;OFF WHITE M;931;TXS;3253634693132;1;0;0;1
801;261-DPALM;634213;1105840;OFF WHITE M;931;TS;3253634693149;0;0;1;1
801;261-DPALM;634145;1105840;OFF WHITE M;931;TM;3253634692470;1;0;0;1
801;261-DPALM;634214;1105840;OFF WHITE M;931;TL;3253634693156;1;0;0;1
801;261-DAMA;634228;1105842;NAVAL ACADEMY;931;TXS;3253634693293;1;0;0;1
801;261-DAMA;634221;1105842;MAGMA M;931;TS;3253634693224;1;1;0;2
801;261-DAMA;634229;1105842;NAVAL ACADEMY;931;TS;3253634693309;2;0;0;2
801;261-DAMA;634150;1105842;NAVAL ACADEMY;931;TM;3253634692524;1;0;1;2
801;261-DAMA;634148;1105842;MAGMA M;931;TM;3253634692500;0;3;0;3
801;261-DAMA;634222;1105842;MAGMA M;931;TL;3253634693231;1;0;0;1
801;261-DAMA;634230;1105842;NAVAL ACADEMY;931;TL;3253634693316;1;0;0;1
801;252-DIDOU;640784;1106006;MARINE M;979;TS;3253634752877;1;0;0;1
801;252-DIDOU;640776;1106006;MARINE M;979;TM;3253634752808;1;0;1;2
801;252-DIDOU;640785;1106006;MARINE M;979;TL;3253634752884;1;0;1;2
801;261-RARAM.F;638681;1106507;MULTICO;900;T34;3253634732626;1;0;0;1
801;261-RARAM.F;638682;1106507;MULTICO;900;T36;3253634732633;0;1;0;1
801;261-RARAM.F;638668;1106507;MULTICO;900;T38;3253634732503;1;0;0;1
801;261-RARAM.F;638684;1106507;MULTICO;900;T42;3253634732657;1;0;0;1
801;261-DJARDI;638734;1106515;MULTICO;900;TXS;3253634733128;1;0;0;1
801;261-DJARDI;638735;1106515;MULTICO;900;TS;3253634733135;1;1;0;2
801;261-DJARDI;638715;1106515;MULTICO;900;TM;3253634732947;3;0;0;3
801;261-DJARDI;638736;1106515;MULTICO;900;TL;3253634733142;3;0;0;3
801;261-DBABY;638797;1106523;NOIR M;979;TXS;3253634733739;1;0;0;1
801;261-DBABY;638798;1106523;NOIR M;979;TS;3253634733746;0;0;1;1
801;261-DBABY;638785;1106523;NOIR M;979;TM;3253634733623;1;0;0;1
801;261-DBABY;638799;1106523;NOIR M;979;TL;3253634733753;1;0;0;1
801;261-ROSET.F;638904;1106536;MULTICO;900;T34;3253634734736;1;0;0;1
801;261-ROSET.F;638905;1106536;MULTICO;900;T36;3253634734743;1;0;1;2
801;261-ROSET.F;638889;1106536;MULTICO;900;T38;3253634734590;1;0;1;2
801;261-ROSET.F;638906;1106536;MULTICO;900;T40;3253634734750;1;0;0;1
801;261-ROSET.F;638907;1106536;MULTICO;900;T42;3253634734767;1;0;0;1
801;261-DGUAPA;640292;1106690;OFF WHITE M;931;TXS;3253634748313;2;0;0;2
801;261-DGUAPA;640293;1106690;OFF WHITE M;931;TS;3253634748320;2;0;0;2
801;261-DGUAPA;640286;1106690;OFF WHITE M;931;TM;3253634748269;1;0;0;1
801;261-DGUAPA;640294;1106690;OFF WHITE M;931;TL;3253634748337;2;0;0;2
801;261-DCIAO;640803;1106739;MYRTILLE M;1204;TS;3253634753058;1;0;0;1
801;261-DCIAO;640792;1106739;MYRTILLE M;1204;TM;3253634752952;3;0;0;3
801;261-DCIAO;640804;1106739;MYRTILLE M;1204;TL;3253634753065;1;0;0;1
801;261-DWONDER;640810;1106741;OFF WHITE M;931;TXS;3253634753126;2;0;0;2
801;261-DWONDER;640811;1106741;OFF WHITE M;931;TS;3253634753133;2;0;0;2
801;261-DWONDER;640794;1106741;OFF WHITE M;931;TM;3253634752976;2;0;0;2
801;261-DWONDER;640812;1106741;OFF WHITE M;931;TL;3253634753140;2;0;0;2
801;261-DIYUKI;640814;1106742;IVOIRE/NOIR;928;TXS;3253634753164;1;0;1;2
801;261-DIYUKI;640815;1106742;IVOIRE/NOIR;928;TS;3253634753171;2;0;0;2
801;261-DIYUKI;640795;1106742;IVOIRE/NOIR;928;TM;3253634752983;2;0;0;2
801;261-DIYUKI;640816;1106742;IVOIRE/NOIR;928;TL;3253634753188;2;0;0;2
801;261-DIDOU1;640829;1106745;OFF WHITE M;931;TXS;3253634753300;1;0;0;1
801;261-DIDOU1;640823;1106745;OFF WHITE M;931;TM;3253634753256;1;0;0;1
801;261-DCAROLE;641369;1106837;MARINE/OFF WHITE;926;TS;3253634758640;1;0;1;2
801;261-DCAROLE;641358;1106837;MARINE/OFF WHITE;926;TM;3253634758541;0;1;1;2
801;261-DCAROLE;641370;1106837;MARINE/OFF WHITE;926;TL;3253634758657;2;0;0;2
801;261-DCAROLE;641371;1106837;MARINE/OFF WHITE;926;TXL;3253634758664;1;0;0;1
801;261-DARIA;641633;1106896;NOIR M;979;TXS;3253634761237;1;0;0;1
801;261-DARIA;641634;1106896;NOIR M;979;TS;3253634761244;1;0;0;1
801;261-DARIA;641587;1106896;NOIR M;979;TM;3253634760780;1;0;0;1
801;261-DARIA;641635;1106896;NOIR M;979;TL;3253634761251;1;0;0;1
801;261-ROCHI;641766;1106919;MARINE M;987;T34;3253634762531;1;0;0;1
801;261-ROCHI;641767;1106919;MARINE M;987;T36;3253634762548;1;0;0;1
801;261-ROCHI;641763;1106919;MARINE M;987;T38;3253634762517;1;0;0;1
801;261-ROCHI;641768;1106919;MARINE M;987;T40;3253634762555;1;0;0;1
801;261-ROCHI;641769;1106919;MARINE M;987;T42;3253634762562;1;0;0;1
801;261-DOMIO;641771;1106920;OFF WHITE M;931;TXS;3253634762586;1;0;0;1
801;261-DOMIO;641772;1106920;OFF WHITE M;931;TS;3253634762593;2;0;0;2
801;261-DOMIO;641764;1106920;OFF WHITE M;931;TM;3253634762524;2;0;0;2
801;261-DOMIO;641773;1106920;OFF WHITE M;931;TL;3253634762609;3;0;0;3
801;261-DESLE;642349;1107038;MULTICO;900;TXS;3253634768304;0;0;2;2
801;261-DESLE;642350;1107038;MULTICO;900;TS;3253634768311;0;0;2;2
801;261-DESLE;642347;1107038;MULTICO;900;TM;3253634768298;0;0;2;2
801;261-DESLE;642351;1107038;MULTICO;900;TL;3253634768328;1;0;1;2
801;261-DESLE;642352;1107038;MULTICO;900;TXL;3253634768335;1;0;0;1
801;261-DOOTHY;643536;1107198;NOIR M;979;TS;3253634779836;0;0;2;2
801;261-DOOTHY;643533;1107198;NOIR M;979;TM;3253634779812;0;0;1;1
801;261-DOOTHY;643537;1107198;NOIR M;979;TL;3253634779843;0;0;2;2
801;261-DHIVAL;643679;1107215;MARINE M;931;TXS;3253634781181;0;0;1;1
801;261-DHIVAL;643680;1107215;MARINE M;931;TS;3253634781198;1;1;0;2
801;261-DHIVAL;643673;1107215;MARINE M;931;TM;3253634781136;3;0;0;3
801;261-DHIVAL;643681;1107215;MARINE M;931;TL;3253634781204;2;0;0;2
801;261-RSAMYA;643875;1107233;NOIR;979;T34;3253634783055;1;0;0;1
801;261-RSAMYA;643880;1107233;WHITE SMOKE;979;T34;3253634783109;1;0;0;1
801;261-RSAMYA;643876;1107233;NOIR;979;T36;3253634783062;2;0;0;2
801;261-RSAMYA;643881;1107233;WHITE SMOKE;979;T36;3253634783116;2;0;0;2
801;261-RSAMYA;643871;1107233;NOIR;979;T38;3253634783024;2;0;0;2
801;261-RSAMYA;643872;1107233;WHITE SMOKE;979;T38;3253634783031;1;0;0;1
801;261-RSAMYA;643882;1107233;WHITE SMOKE;979;T40;3253634783123;2;0;0;2
801;261-RSAMYA;643877;1107233;NOIR;979;T40;3253634783079;2;0;0;2
801;261-RSAMYA;643878;1107233;NOIR;979;T42;3253634783086;2;0;0;2
801;261-RSAMYA;643883;1107233;WHITE SMOKE;979;T42;3253634783130;1;0;0;1
801;261-DECLIC;644045;1107271;OFF WHITE M;931;TXS;3253634784694;1;0;0;1
801;261-DECLIC;644046;1107271;OFF WHITE M;931;TS;3253634784700;2;0;0;2
801;261-DECLIC;644042;1107271;OFF WHITE M;931;TM;3253634784670;1;0;0;1
801;261-DECLIC;644047;1107271;OFF WHITE M;931;TL;3253634784717;2;0;0;2
803;211-PROSY.F;493644;85001;IVOIRE;100;T34;3253633418606;1;0;0;1
803;211-PROSY.F;493645;85001;IVOIRE;100;T36;3253633418613;3;0;0;3
803;211-PROSY.F;493646;85001;IVOIRE;100;T38;3253633418620;3;0;0;3
803;211-PROSY.F;493647;85001;IVOIRE;100;T40;3253633418637;1;0;0;1
803;231-DATE;632870;93923;SWEET DREAMS;201;TXS;3253634679938;2;0;0;2
803;231-DATE;632871;93923;SWEET DREAMS;201;TS;3253634679945;1;0;0;1
803;231-DATE;632865;93923;SWEET DREAMS;201;TM;3253634679891;2;0;0;2
803;231-DATE;632872;93923;SWEET DREAMS;201;TL;3253634679952;2;0;0;2
803;241-ROSVAL;628167;97093;BLUE DEPTHS;979;T36;3253634634487;1;0;0;1
803;241-ROSVAL;628168;97093;BLUE DEPTHS;979;T38;3253634634494;1;0;0;1
803;241-ROSVAL;628169;97093;BLUE DEPTHS;979;T40;3253634634500;1;0;0;1
803;241-ROSVAL;628170;97093;BLUE DEPTHS;979;T42;3253634634517;1;0;0;1
803;241-DAGA;632874;98032;PALE BANANA;508;TXS;3253634679976;1;0;0;1
803;241-DAGA;632868;98032;PALE BANANA;508;TM;3253634679921;1;0;0;1
803;241-MELAN;633079;98061;MYRTILLE M;1204;TS;3253634681979;1;0;1;2
803;241-MELAN;633076;98061;MYRTILLE M;1204;TM;3253634681955;1;0;0;1
803;241-MELAN;633080;98061;MYRTILLE M;1204;TL;3253634681986;0;1;0;1
803;241-OROOVE;633780;98443;NAVAL ACADEMY;1288;T34;3253634688848;1;0;0;1
803;241-OROOVE;633781;98443;NAVAL ACADEMY;1288;T36;3253634688855;1;0;0;1
803;241-OROOVE;633746;98443;NAVAL ACADEMY;1288;T38;3253634688510;2;1;0;3
803;241-OROOVE;633783;98443;NAVAL ACADEMY;1288;T42;3253634688879;1;0;0;1
803;242-OLAFI;613911;98945;IVOIRE M;1293;T38;3253634498683;1;0;0;1
803;242-OLAFI;613912;98945;IVOIRE M;1293;T40;3253634498690;2;0;0;2
803;242-OLAFI;613913;98945;IVOIRE M;1293;T42;3253634498706;1;0;0;1
803;241-ROSLI;633800;99078;MAGMA M;314;T34;3253634689043;1;0;0;1
803;241-ROSLI;633801;99078;MAGMA M;314;T36;3253634689050;1;0;1;2
803;241-ROSLI;633737;99078;MAGMA M;314;T38;3253634688428;3;0;0;3
803;241-ROSLI;633738;99078;PALE BANANA;314;T38;3253634688435;2;0;0;2
803;241-ROSLI;633802;99078;MAGMA M;314;T40;3253634689067;2;0;0;2
803;241-ROSLI;633803;99078;MAGMA M;314;T42;3253634689074;1;0;0;1
803;242-MUSHU;592454;99513;ECRU;201;TXS;3253634297200;1;0;0;1
803;242-MUSHU;592455;99513;ECRU;201;TS;3253634297217;2;0;0;2
803;242-MUSHU;592456;99513;ECRU;201;TM;3253634297224;3;0;0;3
803;242-MUSHU;592457;99513;ECRU;201;TL;3253634297231;2;0;0;2
803;241-DEUX;594614;99913;MULTICO;900;TS;3253634318806;2;0;0;2
803;241-DEUX;594615;99913;MULTICO;900;TM;3253634318813;1;0;0;1
803;241-DEUX;594616;99913;MULTICO;900;TL;3253634318820;1;0;0;1
803;251-DIDOA;608613;101546;NOIR M;988;TXS;3253634452838;2;0;0;2
803;251-DIDOA;627300;101546;CAPERS;988;TXS;3253634625812;2;0;0;2
803;251-DIDOA;627305;101546;ARGAN OIL;988;TXS;3253634625867;1;0;0;1
803;251-DIDOA;605542;101546;IVOIRE M;988;TS;3253634422121;3;0;0;3
803;251-DIDOA;608614;101546;NOIR M;988;TS;3253634452845;1;0;0;1
803;251-DIDOA;627301;101546;CAPERS;988;TS;3253634625829;2;0;0;2
803;251-DIDOA;627306;101546;ARGAN OIL;988;TS;3253634625874;1;0;0;1
803;251-DIDOA;605543;101546;IVOIRE M;988;TM;3253634422138;3;0;0;3
803;251-DIDOA;627302;101546;CAPERS;988;TM;3253634625836;4;0;0;4
803;251-DIDOA;627307;101546;ARGAN OIL;988;TM;3253634625881;2;0;0;2
803;251-DIDOA;608615;101546;NOIR M;988;TM;3253634452852;1;0;0;1
803;251-DIDOA;605544;101546;IVOIRE M;988;TL;3253634422145;2;0;0;2
803;251-DIDOA;608616;101546;NOIR M;988;TL;3253634452869;1;0;0;1
803;251-RIA;633825;1102137;NOIR M;301;T34;3253634689296;1;0;0;1
803;251-RIA;633826;1102137;NOIR M;301;T36;3253634689302;2;0;0;2
803;251-RIA;633720;1102137;NOIR M;301;T38;3253634688251;2;0;0;2
803;251-RIA;633827;1102137;NOIR M;301;T40;3253634689319;1;0;1;2
803;251-RIA;633828;1102137;NOIR M;301;T42;3253634689326;2;0;0;2
803;251-RISSAL;633830;1102139;NAVAL ACADEMY;1288;T34;3253634689340;2;0;0;2
803;251-RISSAL;628250;1102139;AVENTURINE;1288;T34;3253634635316;1;0;0;1
803;251-RISSAL;630000;1102139;TEABERRY;1288;T36;3253634652818;1;0;0;1
803;251-RISSAL;633831;1102139;NAVAL ACADEMY;1288;T36;3253634689357;2;0;0;2
803;251-RISSAL;630001;1102139;TEABERRY;1288;T38;3253634652825;1;0;0;1
803;251-RISSAL;633724;1102139;NAVAL ACADEMY;1288;T38;3253634688299;4;0;0;4
803;251-RISSAL;628252;1102139;AVENTURINE;1288;T38;3253634635330;1;0;0;1
803;251-RISSAL;633832;1102139;NAVAL ACADEMY;1288;T40;3253634689364;3;0;0;3
803;251-RISSAL;630002;1102139;TEABERRY;1288;T40;3253634652832;2;0;0;2
803;251-RISSAL;633833;1102139;NAVAL ACADEMY;1288;T42;3253634689371;2;0;0;2
803;251-RISSAL;630003;1102139;TEABERRY;1288;T42;3253634652849;2;0;0;2
803;251-DELLA;610064;1102191;OFF WHITE M;979;TXS;3253634466668;1;0;0;1
803;251-DELLA;632882;1102191;NOIR M;979;TXS;3253634680057;1;0;0;1
803;251-DELLA;632883;1102191;NOIR M;979;TS;3253634680064;2;0;0;2
803;251-DELLA;610065;1102191;OFF WHITE M;979;TS;3253634466675;3;0;0;3
803;251-DELLA;610066;1102191;OFF WHITE M;979;TM;3253634466682;4;0;0;4
803;251-DELLA;632856;1102191;NOIR M;979;TM;3253634679808;1;0;0;1
803;251-DELLA;610067;1102191;OFF WHITE M;979;TL;3253634466699;3;0;0;3
803;251-DALBA;634153;1102198;BUBBLE M;1166;TS;3253634692548;1;0;0;1
803;251-DALBA;632887;1102198;OFF WHITE M;1166;TS;3253634680101;1;0;0;1
803;251-DALBA;634141;1102198;BUBBLE M;1166;TM;3253634692432;2;0;0;2
803;251-DALBA;632857;1102198;OFF WHITE M;1166;TM;3253634679815;2;0;0;2
803;251-DALBA;634154;1102198;BUBBLE M;1166;TL;3253634692555;0;0;0;0
803;251-DALBA;632888;1102198;OFF WHITE M;1166;TL;3253634680118;2;0;0;2
803;251-REINE1;633835;1102222;MYRTILLE M;1204;T34;3253634689395;1;0;0;1
803;251-REINE1;633836;1102222;MYRTILLE M;1204;T36;3253634689401;2;0;0;2
803;251-REINE1;633756;1102222;MYRTILLE M;1204;T38;3253634688619;2;0;0;2
803;251-REINE1;633837;1102222;MYRTILLE M;1204;T40;3253634689418;1;0;0;1
803;251-REINE1;633838;1102222;MYRTILLE M;1204;T42;3253634689425;1;0;0;1
803;252-RMARMAI;613062;1102606;HAVANE M;1105;TS;3253634490205;2;0;0;2
803;252-DFLOWER;613111;1102614;NOIR M;931;TXS;3253634490694;1;0;0;1
803;252-DFLOWER;613112;1102614;NOIR M;931;TS;3253634490700;2;0;0;2
803;252-DFLOWER;634157;1102614;NAVAL ACADEMY;931;TS;3253634692586;1;0;0;1
803;252-DFLOWER;613113;1102614;NOIR M;931;TM;3253634490717;1;0;0;1
803;252-DFLOWER;634140;1102614;NAVAL ACADEMY;931;TM;3253634692425;4;0;0;4
803;252-DFLOWER;613114;1102614;NOIR M;931;TL;3253634490724;1;0;1;2
803;252-DFLOWER;634158;1102614;NAVAL ACADEMY;931;TL;3253634692593;2;0;1;3
803;252-DAROD;632902;1102626;MARINE M;1104;TXS;3253634680255;1;0;0;1
803;252-DAROD;632903;1102626;MARINE M;1104;TS;3253634680262;2;0;0;2
803;252-DAROD;632849;1102626;MARINE M;1104;TM;3253634679730;3;0;0;3
803;252-DAROD;632904;1102626;MARINE M;1104;TL;3253634680279;1;1;0;2
803;251-RJOLIE;615779;1103015;MARINE M;1191;T36;3253634517148;2;0;0;2
803;251-RJOLIE;615782;1103015;MARINE M;1191;T42;3253634517179;2;0;0;2
803;251-DSARAH;615861;1103028;IVOIRE M;978;TXS;3253634517964;1;0;0;1
803;251-DSARAH;615862;1103028;IVOIRE M;978;TS;3253634517971;2;0;0;2
803;251-DSARAH;615863;1103028;IVOIRE M;978;TM;3253634517988;4;0;0;4
803;251-DSARAH;615864;1103028;IVOIRE M;978;TL;3253634517995;2;0;0;2
803;251-DROSSO;627337;1103484;MARINE M;931;TXS;3253634626185;1;0;0;1
803;251-DROSSO;627338;1103484;MARINE M;931;TS;3253634626192;2;0;0;2
803;251-DROSSO;627339;1103484;MARINE M;931;TM;3253634626208;2;0;0;2
803;251-DROSSO;627340;1103484;MARINE M;931;TL;3253634626215;2;0;0;2
803;251-DALIKA;619301;1103498;OFF WHITE M;931;TXS;3253634551593;1;0;0;1
803;251-DALIKA;619302;1103498;OFF WHITE M;931;TS;3253634551609;1;1;0;2
803;251-DALIKA;619303;1103498;OFF WHITE M;931;TM;3253634551616;2;1;0;3
803;251-DALIKA;619304;1103498;OFF WHITE M;931;TL;3253634551623;3;0;0;3
803;261-DIANA;627357;1104721;BUTTER M;987;TXS;3253634626383;1;0;0;1
803;261-DIANA;627360;1104721;BUTTER M;987;TL;3253634626413;3;0;0;3
803;261-DAHLIA;627889;1104787;OFF WHITE M;1299;TS;3253634631707;2;0;0;2
803;261-DAHLIA;627891;1104787;OFF WHITE M;1299;TL;3253634631721;1;0;0;1
803;261-RTILA;628358;1104847;AVENTURINE;1150;T34;3253634636399;1;0;0;1
803;261-RTILA;628360;1104847;AVENTURINE;1150;T38;3253634636412;1;0;0;1
803;261-RDADOU;628455;1104860;FIG;979;T36;3253634637365;1;0;0;1
803;261-RDADOU;628457;1104860;FIG;979;T40;3253634637389;2;0;0;2
803;261-RLUCY;628461;1104861;MAGMA M;1191;T36;3253634637426;2;0;0;2
803;261-RLUCY;628462;1104861;MAGMA M;1191;T38;3253634637433;2;0;0;2
803;261-RLUCY;628463;1104861;MAGMA M;1191;T40;3253634637440;1;0;0;1
803;261-RLUCY;628464;1104861;MAGMA M;1191;T42;3253634637457;1;0;0;1
803;261-RLUCY;628465;1104861;MAGMA M;1191;T44;3253634637464;1;0;0;1
803;261-RMARIUS;628565;1104872;BUTTER M;1191;TM;3253634638461;2;0;0;2
803;261-RMARIUS;628566;1104872;BUTTER M;1191;TL;3253634638478;2;0;0;2
803;261-DIVALI;632907;1105668;MYRTILLE M;1204;TS;3253634680309;3;0;0;3
803;261-DIVALI;632847;1105668;MYRTILLE M;1204;TM;3253634679716;3;0;0;3
803;261-DIVALI;632908;1105668;MYRTILLE M;1204;TL;3253634680316;2;0;0;2
803;261-DTAL;632926;1105672;BUBBLE M;1166;TXS;3253634680491;1;0;0;1
803;261-DTAL;632927;1105672;BUBBLE M;1166;TS;3253634680507;2;0;0;2
803;261-DTAL;632855;1105672;BUBBLE M;1166;TM;3253634679792;4;0;0;4
803;261-DTAL;632928;1105672;BUBBLE M;1166;TL;3253634680514;2;0;0;2
803;261-DOUCE;632938;1105675;OFF WHITE M;931;TXS;3253634680613;2;0;0;2
803;261-DOUCE;632939;1105675;OFF WHITE M;931;TS;3253634680620;2;0;0;2
803;261-DOUCE;632861;1105675;OFF WHITE M;931;TM;3253634679853;4;0;0;4
803;261-DOUCE;632940;1105675;OFF WHITE M;931;TL;3253634680637;3;0;0;3
803;261-DFESTON;632943;1105676;SWEET DREAMS;1199;TS;3253634680668;3;0;0;3
803;261-DFESTON;632862;1105676;SWEET DREAMS;1199;TM;3253634679860;2;0;0;2
803;261-DFESTON;632944;1105676;SWEET DREAMS;1199;TL;3253634680675;1;0;0;1
803;261-DNAVY;632950;1105677;MARINE/OFF WHITE;926;TXS;3253634680736;2;0;0;2
803;261-DNAVY;632951;1105677;MARINE/OFF WHITE;926;TS;3253634680743;2;0;0;2
803;261-DNAVY;632864;1105677;MARINE/OFF WHITE;926;TM;3253634679884;2;0;0;2
803;261-DNAVY;632952;1105677;MARINE/OFF WHITE;926;TL;3253634680750;2;0;0;2
803;261-DNAVY;632953;1105677;MARINE/OFF WHITE;926;TXL;3253634680767;3;0;0;3
803;261-DSAMIR;632965;1105679;MYRTILLE M;931;TXS;3253634680873;1;0;0;1
803;261-DSAMIR;632969;1105679;PRAIRIE M;931;TXS;3253634680910;1;0;0;1
803;261-DSAMIR;632966;1105679;MYRTILLE M;931;TS;3253634680880;1;0;0;1
803;261-DSAMIR;632970;1105679;PRAIRIE M;931;TS;3253634680927;1;0;1;2
803;261-DSAMIR;632959;1105679;MYRTILLE M;931;TM;3253634680828;2;0;0;2
803;261-DSAMIR;632960;1105679;PRAIRIE M;931;TM;3253634680835;3;0;0;3
803;261-DSAMIR;632971;1105679;PRAIRIE M;931;TL;3253634680934;3;0;0;3
803;261-DSAMIR;632967;1105679;MYRTILLE M;931;TL;3253634680897;2;0;0;2
803;261-DROSE;632998;1105681;OFF WHITE M;931;TS;3253634681191;3;0;0;3
803;261-DROSE;632990;1105681;OFF WHITE M;931;TM;3253634681122;2;0;0;2
803;261-DROSE;632999;1105681;OFF WHITE M;931;TL;3253634681207;0;1;0;1
803;261-DRED;633002;1105682;MAGMA M;1023;TS;3253634681238;1;0;0;1
803;261-DRED;632991;1105682;MAGMA M;1023;TM;3253634681139;2;0;0;2
803;261-DRED;633003;1105682;MAGMA M;1023;TL;3253634681245;1;0;0;1
803;261-MPIKA;633106;1105694;ROSEE M;1219;TXS;3253634682235;1;0;0;1
803;261-MPIKA;633107;1105694;ROSEE M;1219;TS;3253634682242;2;0;0;2
803;261-MPIKA;633094;1105694;ROSEE M;1219;TM;3253634682129;5;0;0;5
803;261-MPIKA;633108;1105694;ROSEE M;1219;TL;3253634682259;2;0;0;2
803;261-MLOSI;633127;1105699;NOIR/IVOIRE;929;TS;3253634682440;0;0;2;2
803;261-MLOSI;633099;1105699;NOIR/IVOIRE;929;TM;3253634682174;0;1;0;1
803;261-RMAGO;633135;1105701;NOIR M;979;TS;3253634682525;1;0;0;1
803;261-RMAGO;633101;1105701;NOIR M;979;TM;3253634682198;2;0;0;2
803;261-RMAGO;633136;1105701;NOIR M;979;TL;3253634682532;2;0;0;2
803;261-DEFI;634160;1105706;BUTTER M;1199;TXS;3253634692616;2;0;0;2
803;261-DEFI;634161;1105706;BUTTER M;1199;TS;3253634692623;2;0;0;2
803;261-DEFI;634130;1105706;BUTTER M;1199;TM;3253634692326;1;0;0;1
803;261-DEFI;634162;1105706;BUTTER M;1199;TL;3253634692630;1;0;0;1
803;261-3FLEUR;633226;1105716;DORE;401;T2;3253634683379;1;0;0;1
803;261-RMILAN;633349;1105731;DORE;401;TS;3253634684581;1;0;0;1
803;261-RMILAN;633350;1105731;DORE;401;TL;3253634684598;1;0;0;1
803;261-POPA;633390;1105739;NOIR M;979;T34;3253634684994;1;0;0;1
803;261-POPA;633391;1105739;NOIR M;979;T36;3253634685007;1;0;0;1
803;261-JITAMI;633484;1105757;DENIM STONE;993;T34;3253634685939;1;0;0;1
803;261-JITAMI;633485;1105757;DENIM STONE;993;T36;3253634685946;3;0;0;3
803;261-JITAMI;633274;1105757;DENIM STONE;993;T38;3253634683843;2;0;0;2
803;261-JITAMI;633486;1105757;DENIM STONE;993;T40;3253634685953;0;0;1;1
803;261-JITAMI;633487;1105757;DENIM STONE;993;T42;3253634685960;1;0;0;1
803;261-DNINO;633509;1105763;NAVAL ACADEMY;1200;TM;3253634686189;1;0;0;1
803;261-RISSOL;633850;1105784;NAVAL ACADEMY;1023;T34;3253634689548;1;0;0;1
803;261-RISSOL;633703;1105784;NAVAL ACADEMY;1023;T38;3253634688084;1;0;0;1
803;261-RISSOL;633852;1105784;NAVAL ACADEMY;1023;T40;3253634689562;1;0;0;1
803;261-OPON;633860;1105786;OFF WHITE M;931;T34;3253634689647;1;0;0;1
803;261-OPON;633706;1105786;OFF WHITE M;931;T38;3253634688114;2;0;0;2
803;261-OSAJE;633896;1105793;NOIR M;979;T36;3253634690001;2;0;0;2
803;261-OSAJE;633713;1105793;NOIR M;979;T38;3253634688183;2;0;0;2
803;261-OSAJE;633897;1105793;NOIR M;979;T40;3253634690018;4;0;0;4
803;261-OSAJE;633898;1105793;NOIR M;979;T42;3253634690025;2;0;0;2
803;261-RIKOOL;633900;1105794;NAVAL ACADEMY;1200;T34;3253634690049;2;0;0;2
803;261-RIKOOL;633901;1105794;NAVAL ACADEMY;1200;T36;3253634690056;1;0;0;1
803;261-RIKOOL;633715;1105794;NAVAL ACADEMY;1200;T38;3253634688206;1;0;0;1
803;261-RIKOOL;633902;1105794;NAVAL ACADEMY;1200;T40;3253634690063;1;0;0;1
803;261-RELIF.F;633920;1105798;MULTICO;900;T34;3253634690247;2;0;0;2
803;261-RELIF.F;633921;1105798;MULTICO;900;T36;3253634690254;2;0;0;2
803;261-RELIF.F;633721;1105798;MULTICO;900;T38;3253634688268;1;1;0;2
803;261-RELIF.F;633922;1105798;MULTICO;900;T40;3253634690261;1;0;0;1
803;261-RELIF.F;633923;1105798;MULTICO;900;T42;3253634690278;1;0;0;1
803;261-RPLISSY;633931;1105800;MAGMA M;1023;T36;3253634690353;2;0;0;2
803;261-RPLISSY;633723;1105800;MAGMA M;1023;T38;3253634688282;2;0;0;2
803;261-RPLISSY;633932;1105800;MAGMA M;1023;T40;3253634690360;1;0;0;1
803;261-RPLISSY;633933;1105800;MAGMA M;1023;T42;3253634690377;1;0;0;1
803;261-OPA;633940;1105802;NOIR M;979;T34;3253634690445;1;0;0;1
803;261-OPA;633726;1105802;NOIR M;979;T38;3253634688312;1;0;0;1
803;261-OPA;633943;1105802;NOIR M;979;T42;3253634690476;1;0;0;1
803;261-RELOW;633951;1105804;NOIR M;979;T36;3253634690551;1;1;0;2
803;261-RELOW;633728;1105804;NOIR M;979;T38;3253634688336;1;0;0;1
803;261-RELOW;633952;1105804;NOIR M;979;T40;3253634690568;1;0;0;1
803;261-RSOAN;633955;1105805;MULTICO;900;T34;3253634690599;1;0;0;1
803;261-RSOAN;633956;1105805;MULTICO;900;T36;3253634690605;3;0;0;3
803;261-RSOAN;633729;1105805;MULTICO;900;T38;3253634688343;1;0;0;1
803;261-RSOAN;633957;1105805;MULTICO;900;T40;3253634690612;3;0;0;3
803;261-RAYEE;633961;1105806;PALE BANANA;1144;T36;3253634690650;1;0;0;1
803;261-RAYEE;633730;1105806;PALE BANANA;1144;T38;3253634688350;2;0;0;2
803;261-RAYEE;633963;1105806;PALE BANANA;1144;T42;3253634690674;1;0;0;1
803;261-RODIOL;633986;1105811;NOIR/IVOIRE;929;T36;3253634690902;1;0;0;1
803;261-RODIOL;633987;1105811;NOIR/IVOIRE;929;T40;3253634690919;2;0;0;2
803;261-RODIOL;633988;1105811;NOIR/IVOIRE;929;T42;3253634690926;2;0;0;2
803;261-PIBO.F;633992;1105812;NAVAL ACADEMY;1200;T40;3253634690964;2;0;0;2
803;261-CUBA.F;634000;1105814;MULTICO;900;T34;3253634691046;1;0;0;1
803;261-CUBA.F;634001;1105814;MULTICO;900;T36;3253634691053;1;0;0;1
803;261-CUBA.F;633745;1105814;MULTICO;900;T38;3253634688503;1;0;0;1
803;261-CUBA.F;634003;1105814;MULTICO;900;T42;3253634691077;1;0;0;1
803;261-RBELLE;634021;1105818;OFF WHITE M;931;T36;3253634691251;1;0;1;2
803;261-RBELLE;633751;1105818;OFF WHITE M;931;T38;3253634688565;2;0;0;2
803;261-RBELLE;634022;1105818;OFF WHITE M;931;T40;3253634691268;1;0;0;1
803;261-RBELLE;634023;1105818;OFF WHITE M;931;T42;3253634691275;1;0;0;1
803;261-RDOLSOU;634036;1105821;PRAIRIE M;1213;T36;3253634691404;1;0;0;1
803;261-RDOLSOU;633757;1105821;PRAIRIE M;1213;T38;3253634688626;0;1;0;1
803;261-RDOLSOU;634037;1105821;PRAIRIE M;1213;T40;3253634691411;2;0;0;2
803;261-RDOLSOU;634038;1105821;PRAIRIE M;1213;T42;3253634691428;1;0;0;1
803;261-PBELLE;634051;1105824;NOIR M;979;T36;3253634691558;1;0;0;1
803;261-PBELLE;633760;1105824;NOIR M;979;T38;3253634688657;2;0;0;2
803;261-PBELLE;634052;1105824;NOIR M;979;T40;3253634691565;1;0;0;1
803;261-PBELLE;634053;1105824;NOIR M;979;T42;3253634691572;1;0;0;1
803;261-RDALA.F;634055;1105825;MULTICO;900;T34;3253634691596;1;0;0;1
803;261-RDALA.F;634056;1105825;MULTICO;900;T36;3253634691602;2;0;0;2
803;261-RDALA.F;633761;1105825;MULTICO;900;T38;3253634688664;3;0;0;3
803;261-RBRUM;634060;1105826;EPICE M;1118;T34;3253634691640;1;0;0;1
803;261-RBRUM;633762;1105826;EPICE M;1118;T38;3253634688671;1;0;0;1
803;261-RBRUM;634062;1105826;EPICE M;1118;T40;3253634691664;1;0;0;1
803;261-RBRUM;634063;1105826;EPICE M;1118;T42;3253634691671;1;0;0;1
803;261-DANIELA;634168;1105832;MAGMA M;979;TXS;3253634692692;2;0;0;2
803;261-DANIELA;634169;1105832;MAGMA M;979;TS;3253634692708;1;1;0;2
803;261-DANIELA;634133;1105832;MAGMA M;979;TM;3253634692357;2;0;0;2
803;261-DANIELA;634170;1105832;MAGMA M;979;TL;3253634692715;2;0;0;2
803;261-DJOJO;634184;1105834;OFF WHITE M;979;TXS;3253634692852;1;0;0;1
803;261-DJOJO;638977;1105834;NOIR M;979;TXS;3253634735443;1;0;0;1
803;261-DJOJO;638978;1105834;NOIR M;979;TS;3253634735450;1;0;0;1
803;261-DJOJO;634185;1105834;OFF WHITE M;979;TS;3253634692869;2;0;0;2
803;261-DJOJO;638975;1105834;NOIR M;979;TM;3253634735436;1;0;0;1
803;261-DJOJO;634136;1105834;OFF WHITE M;979;TM;3253634692388;1;0;0;1
803;261-DJOJO;634186;1105834;OFF WHITE M;979;TL;3253634692876;1;0;0;1
803;261-DJOJO;638980;1105834;NOIR M;979;TXL;3253634735474;1;0;0;1
803;261-DYLAN;634188;1105835;OFF WHITE M;931;TXS;3253634692890;1;0;0;1
803;261-DYLAN;634189;1105835;OFF WHITE M;931;TS;3253634692906;1;0;0;1
803;261-DYLAN;634137;1105835;OFF WHITE M;931;TM;3253634692395;2;0;0;2
803;261-DYLAN;634190;1105835;OFF WHITE M;931;TL;3253634692913;2;0;0;2
803;261-DANANA;634200;1105837;PALE BANANA;1144;TXS;3253634693019;1;0;0;1
803;261-DANANA;634201;1105837;PALE BANANA;1144;TS;3253634693026;2;0;0;2
803;261-DANANA;634142;1105837;PALE BANANA;1144;TM;3253634692449;2;0;0;2
803;261-DANANA;634202;1105837;PALE BANANA;1144;TL;3253634693033;1;0;0;1
803;261-DPALM;634212;1105840;OFF WHITE M;931;TXS;3253634693132;1;0;0;1
803;261-DPALM;634213;1105840;OFF WHITE M;931;TS;3253634693149;1;0;0;1
803;261-DPALM;634145;1105840;OFF WHITE M;931;TM;3253634692470;1;0;0;1
803;261-DPALM;634214;1105840;OFF WHITE M;931;TL;3253634693156;1;0;0;1
803;261-DAMA;634220;1105842;MAGMA M;931;TXS;3253634693217;1;0;0;1
803;261-DAMA;634228;1105842;NAVAL ACADEMY;931;TXS;3253634693293;1;0;0;1
803;261-DAMA;634221;1105842;MAGMA M;931;TS;3253634693224;2;0;0;2
803;261-DAMA;634229;1105842;NAVAL ACADEMY;931;TS;3253634693309;2;0;0;2
803;261-DAMA;634148;1105842;MAGMA M;931;TM;3253634692500;2;1;0;3
803;261-DAMA;634150;1105842;NAVAL ACADEMY;931;TM;3253634692524;3;0;0;3
803;261-DAMA;634222;1105842;MAGMA M;931;TL;3253634693231;1;0;0;1
803;261-DAMA;634230;1105842;NAVAL ACADEMY;931;TL;3253634693316;2;0;0;2
803;261-DAMA;634223;1105842;MAGMA M;931;TXL;3253634693248;1;0;0;1
803;252-DIDOU;640783;1106006;MARINE M;979;TXS;3253634752860;1;0;0;1
803;252-DIDOU;640784;1106006;MARINE M;979;TS;3253634752877;0;0;2;2
803;252-DIDOU;640776;1106006;MARINE M;979;TM;3253634752808;1;1;0;2
803;252-DIDOU;640785;1106006;MARINE M;979;TL;3253634752884;2;0;0;2
803;261-RARAM.F;638681;1106507;MULTICO;900;T34;3253634732626;1;0;0;1
803;261-RARAM.F;638682;1106507;MULTICO;900;T36;3253634732633;0;0;1;1
803;261-RARAM.F;638683;1106507;MULTICO;900;T40;3253634732640;1;0;0;1
803;261-DJARDI;638734;1106515;MULTICO;900;TXS;3253634733128;1;0;0;1
803;261-DJARDI;638735;1106515;MULTICO;900;TS;3253634733135;1;0;0;1
803;261-DJARDI;638715;1106515;MULTICO;900;TM;3253634732947;3;0;0;3
803;261-DJARDI;638736;1106515;MULTICO;900;TL;3253634733142;1;0;1;2
803;261-DJARDI;638737;1106515;MULTICO;900;TXL;3253634733159;1;0;0;1
803;261-DBABY;638797;1106523;NOIR M;979;TXS;3253634733739;1;0;0;1
803;261-DBABY;638798;1106523;NOIR M;979;TS;3253634733746;1;0;0;1
803;261-DBABY;638785;1106523;NOIR M;979;TM;3253634733623;1;0;0;1
803;261-DBABY;638799;1106523;NOIR M;979;TL;3253634733753;1;0;0;1
803;261-ROSET.F;638904;1106536;MULTICO;900;T34;3253634734736;1;0;0;1
803;261-ROSET.F;638905;1106536;MULTICO;900;T36;3253634734743;0;1;1;2
803;261-ROSET.F;638889;1106536;MULTICO;900;T38;3253634734590;1;0;1;2
803;261-ROSET.F;638906;1106536;MULTICO;900;T40;3253634734750;0;1;0;1
803;261-ROSET.F;638907;1106536;MULTICO;900;T42;3253634734767;0;0;1;1
803;261-DGUAPA;640292;1106690;OFF WHITE M;931;TXS;3253634748313;2;0;0;2
803;261-DGUAPA;640293;1106690;OFF WHITE M;931;TS;3253634748320;2;0;0;2
803;261-DGUAPA;640286;1106690;OFF WHITE M;931;TM;3253634748269;1;0;0;1
803;261-DGUAPA;640294;1106690;OFF WHITE M;931;TL;3253634748337;2;0;0;2
803;261-DCIAO;640803;1106739;MYRTILLE M;1204;TS;3253634753058;2;0;0;2
803;261-DCIAO;640804;1106739;MYRTILLE M;1204;TL;3253634753065;1;0;0;1
803;261-DWONDER;640810;1106741;OFF WHITE M;931;TXS;3253634753126;1;0;0;1
803;261-DWONDER;640811;1106741;OFF WHITE M;931;TS;3253634753133;2;0;0;2
803;261-DWONDER;640794;1106741;OFF WHITE M;931;TM;3253634752976;2;0;0;2
803;261-DWONDER;640812;1106741;OFF WHITE M;931;TL;3253634753140;2;0;0;2
803;261-DIYUKI;640814;1106742;IVOIRE/NOIR;928;TXS;3253634753164;1;0;0;1
803;261-DIYUKI;640815;1106742;IVOIRE/NOIR;928;TS;3253634753171;1;0;1;2
803;261-DIYUKI;640795;1106742;IVOIRE/NOIR;928;TM;3253634752983;0;1;1;2
803;261-DIYUKI;640816;1106742;IVOIRE/NOIR;928;TL;3253634753188;1;0;0;1
803;261-DIDOU1;640823;1106745;OFF WHITE M;931;TM;3253634753256;2;0;0;2
803;261-DCAROLE;641368;1106837;MARINE/OFF WHITE;926;TXS;3253634758633;1;0;0;1
803;261-DCAROLE;641369;1106837;MARINE/OFF WHITE;926;TS;3253634758640;1;0;1;2
803;261-DCAROLE;641358;1106837;MARINE/OFF WHITE;926;TM;3253634758541;1;0;0;1
803;261-DCAROLE;641370;1106837;MARINE/OFF WHITE;926;TL;3253634758657;1;0;0;1
803;261-DARIA;641634;1106896;NOIR M;979;TS;3253634761244;1;0;0;1
803;261-DARIA;641587;1106896;NOIR M;979;TM;3253634760780;2;0;0;2
803;261-ROCHI;641767;1106919;MARINE M;987;T36;3253634762548;1;0;0;1
803;261-ROCHI;641763;1106919;MARINE M;987;T38;3253634762517;0;0;1;1
803;261-ROCHI;641768;1106919;MARINE M;987;T40;3253634762555;0;1;0;1
803;261-DOMIO;641771;1106920;OFF WHITE M;931;TXS;3253634762586;1;0;1;2
803;261-DOMIO;641772;1106920;OFF WHITE M;931;TS;3253634762593;1;0;1;2
803;261-DOMIO;641764;1106920;OFF WHITE M;931;TM;3253634762524;1;0;1;2
803;261-DOMIO;641773;1106920;OFF WHITE M;931;TL;3253634762609;3;0;0;3
803;261-DESLE;642349;1107038;MULTICO;900;TXS;3253634768304;0;0;2;2
803;261-DESLE;642350;1107038;MULTICO;900;TS;3253634768311;2;0;0;2
803;261-DESLE;642347;1107038;MULTICO;900;TM;3253634768298;2;0;0;2
803;261-DESLE;642351;1107038;MULTICO;900;TL;3253634768328;1;0;1;2
803;261-DOOTHY;643535;1107198;NOIR M;979;TXS;3253634779829;1;0;0;1
803;261-DOOTHY;643536;1107198;NOIR M;979;TS;3253634779836;1;0;1;2
803;261-DOOTHY;643533;1107198;NOIR M;979;TM;3253634779812;2;0;0;2
803;261-DOOTHY;643537;1107198;NOIR M;979;TL;3253634779843;2;0;0;2
803;261-DHIVAL;643679;1107215;MARINE M;931;TXS;3253634781181;1;0;0;1
803;261-DHIVAL;643680;1107215;MARINE M;931;TS;3253634781198;3;0;0;3
803;261-DHIVAL;643673;1107215;MARINE M;931;TM;3253634781136;2;0;0;2
803;261-DHIVAL;643681;1107215;MARINE M;931;TL;3253634781204;2;0;0;2
803;261-RSAMYA;643875;1107233;NOIR;979;T34;3253634783055;1;0;0;1
803;261-RSAMYA;643880;1107233;WHITE SMOKE;979;T34;3253634783109;1;0;0;1
803;261-RSAMYA;643876;1107233;NOIR;979;T36;3253634783062;2;0;0;2
803;261-RSAMYA;643881;1107233;WHITE SMOKE;979;T36;3253634783116;1;0;1;2
803;261-RSAMYA;643871;1107233;NOIR;979;T38;3253634783024;2;0;0;2
803;261-RSAMYA;643872;1107233;WHITE SMOKE;979;T38;3253634783031;1;0;0;1
803;261-RSAMYA;643877;1107233;NOIR;979;T40;3253634783079;1;0;0;1
803;261-RSAMYA;643882;1107233;WHITE SMOKE;979;T40;3253634783123;1;0;1;2
803;261-RSAMYA;643878;1107233;NOIR;979;T42;3253634783086;2;0;0;2
803;261-RSAMYA;643883;1107233;WHITE SMOKE;979;T42;3253634783130;1;0;0;1
803;261-DECLIC;644045;1107271;OFF WHITE M;931;TXS;3253634784694;1;0;0;1
803;261-DECLIC;644046;1107271;OFF WHITE M;931;TS;3253634784700;2;0;0;2
803;261-DECLIC;644042;1107271;OFF WHITE M;931;TM;3253634784670;2;0;0;2
803;261-DECLIC;644047;1107271;OFF WHITE M;931;TL;3253634784717;2;0;0;2
805;211-PROSY.F;493644;85001;IVOIRE;100;T34;3253633418606;1;0;0;1
805;211-PROSY.F;493645;85001;IVOIRE;100;T36;3253633418613;2;0;0;2
805;211-PROSY.F;493648;85001;IVOIRE;100;T42;3253633418644;2;0;0;2
805;231-DATE;632865;93923;SWEET DREAMS;201;TM;3253634679891;2;0;0;2
805;241-ROSVAL;628167;97093;BLUE DEPTHS;979;T36;3253634634487;1;0;0;1
805;241-DAGA;632875;98032;PALE BANANA;508;TS;3253634679983;1;0;0;1
805;241-DAGA;632876;98032;PALE BANANA;508;TL;3253634679990;1;0;0;1
805;241-MELAN;633078;98061;MYRTILLE M;1204;TXS;3253634681962;1;0;0;1
805;241-MELAN;633079;98061;MYRTILLE M;1204;TS;3253634681979;1;0;0;1
805;241-MELAN;633076;98061;MYRTILLE M;1204;TM;3253634681955;1;0;0;1
805;241-MELAN;633080;98061;MYRTILLE M;1204;TL;3253634681986;1;0;0;1
805;241-OROOVE;633780;98443;NAVAL ACADEMY;1288;T34;3253634688848;0;0;1;1
805;241-OROOVE;633781;98443;NAVAL ACADEMY;1288;T36;3253634688855;0;0;1;1
805;241-OROOVE;633746;98443;NAVAL ACADEMY;1288;T38;3253634688510;1;0;0;1
805;241-OROOVE;633782;98443;NAVAL ACADEMY;1288;T40;3253634688862;1;0;0;1
805;241-OROOVE;633783;98443;NAVAL ACADEMY;1288;T42;3253634688879;1;0;0;1
805;242-OLAFI;613909;98945;IVOIRE M;1293;T34;3253634498669;1;0;0;1
805;242-OLAFI;613910;98945;IVOIRE M;1293;T36;3253634498676;1;0;0;1
805;241-ROSLI;633800;99078;MAGMA M;314;T34;3253634689043;1;0;0;1
805;241-ROSLI;633806;99078;PALE BANANA;314;T36;3253634689104;1;0;0;1
805;241-ROSLI;633801;99078;MAGMA M;314;T36;3253634689050;1;0;0;1
805;241-ROSLI;633738;99078;PALE BANANA;314;T38;3253634688435;1;0;0;1
805;241-ROSLI;633802;99078;MAGMA M;314;T40;3253634689067;1;0;0;1
805;241-ROSLI;633808;99078;PALE BANANA;314;T42;3253634689128;1;0;0;1
805;242-MUSHU;592454;99513;ECRU;201;TXS;3253634297200;1;0;0;1
805;242-MUSHU;592455;99513;ECRU;201;TS;3253634297217;1;0;0;1
805;242-MUSHU;592456;99513;ECRU;201;TM;3253634297224;1;0;0;1
805;242-MUSHU;592457;99513;ECRU;201;TL;3253634297231;2;0;0;2
805;241-DEUX;594614;99913;MULTICO;900;TS;3253634318806;2;0;0;2
805;251-DIDOA;608613;101546;NOIR M;988;TXS;3253634452838;1;0;0;1
805;251-DIDOA;627306;101546;ARGAN OIL;988;TS;3253634625874;1;0;0;1
805;251-DIDOA;605542;101546;IVOIRE M;988;TS;3253634422121;1;0;0;1
805;251-DIDOA;608615;101546;NOIR M;988;TM;3253634452852;1;0;0;1
805;251-DIDOA;627302;101546;CAPERS;988;TM;3253634625836;1;0;0;1
805;251-DIDOA;605543;101546;IVOIRE M;988;TM;3253634422138;1;0;0;1
805;251-DIDOA;608616;101546;NOIR M;988;TL;3253634452869;1;0;0;1
805;251-DIDOA;605544;101546;IVOIRE M;988;TL;3253634422145;2;0;0;2
805;251-DIDOA;627308;101546;ARGAN OIL;988;TL;3253634625898;1;0;0;1
805;251-RIA;633825;1102137;NOIR M;301;T34;3253634689296;1;0;1;2
805;251-RIA;633826;1102137;NOIR M;301;T36;3253634689302;1;0;0;1
805;251-RIA;633720;1102137;NOIR M;301;T38;3253634688251;1;0;0;1
805;251-RIA;633827;1102137;NOIR M;301;T40;3253634689319;1;0;0;1
805;251-RIA;633828;1102137;NOIR M;301;T42;3253634689326;1;0;0;1
805;251-RISSAL;633832;1102139;NAVAL ACADEMY;1288;T40;3253634689364;2;0;0;2
805;251-RISSAL;630002;1102139;TEABERRY;1288;T40;3253634652832;1;0;0;1
805;251-RISSAL;633833;1102139;NAVAL ACADEMY;1288;T42;3253634689371;1;0;0;1
805;251-DELLA;610064;1102191;OFF WHITE M;979;TXS;3253634466668;1;0;0;1
805;251-DELLA;610065;1102191;OFF WHITE M;979;TS;3253634466675;1;0;0;1
805;251-DELLA;632856;1102191;NOIR M;979;TM;3253634679808;1;0;0;1
805;251-DELLA;632884;1102191;NOIR M;979;TL;3253634680071;1;0;0;1
805;251-DELLA;610067;1102191;OFF WHITE M;979;TL;3253634466699;1;0;0;1
805;251-DALBA;632886;1102198;OFF WHITE M;1166;TXS;3253634680095;1;0;0;1
805;251-DALBA;632887;1102198;OFF WHITE M;1166;TS;3253634680101;1;0;0;1
805;251-DALBA;634153;1102198;BUBBLE M;1166;TS;3253634692548;2;0;0;2
805;251-DALBA;634141;1102198;BUBBLE M;1166;TM;3253634692432;1;0;0;1
805;251-DALBA;632888;1102198;OFF WHITE M;1166;TL;3253634680118;1;0;0;1
805;251-DALBA;634154;1102198;BUBBLE M;1166;TL;3253634692555;1;0;0;1
805;252-RMARMAI;613064;1102606;HAVANE M;1105;TL;3253634490229;1;0;0;1
805;252-DFLOWER;613111;1102614;NOIR M;931;TXS;3253634490694;1;0;0;1
805;252-DFLOWER;613112;1102614;NOIR M;931;TS;3253634490700;1;0;0;1
805;252-DFLOWER;634157;1102614;NAVAL ACADEMY;931;TS;3253634692586;1;0;0;1
805;252-DFLOWER;613113;1102614;NOIR M;931;TM;3253634490717;1;0;0;1
805;252-DFLOWER;634140;1102614;NAVAL ACADEMY;931;TM;3253634692425;1;0;0;1
805;252-DFLOWER;634158;1102614;NAVAL ACADEMY;931;TL;3253634692593;1;0;0;1
805;252-DAROD;632903;1102626;MARINE M;1104;TS;3253634680262;1;0;0;1
805;252-DAROD;632904;1102626;MARINE M;1104;TL;3253634680279;1;0;0;1
805;251-RJOLIE;615779;1103015;MARINE M;1191;T36;3253634517148;1;0;0;1
805;251-RJOLIE;615780;1103015;MARINE M;1191;T38;3253634517155;1;0;0;1
805;251-DSARAH;615861;1103028;IVOIRE M;978;TXS;3253634517964;1;0;0;1
805;251-DSARAH;615864;1103028;IVOIRE M;978;TL;3253634517995;1;0;0;1
805;251-DROSSO;627338;1103484;MARINE M;931;TS;3253634626192;1;0;0;1
805;251-DALIKA;619301;1103498;OFF WHITE M;931;TXS;3253634551593;1;0;0;1
805;251-DALIKA;619303;1103498;OFF WHITE M;931;TM;3253634551616;1;0;0;1
805;261-DIANA;627358;1104721;BUTTER M;987;TS;3253634626390;1;0;0;1
805;261-DIANA;627359;1104721;BUTTER M;987;TM;3253634626406;1;0;0;1
805;261-DAHLIA;627888;1104787;OFF WHITE M;1299;TXS;3253634631691;1;0;0;1
805;261-DAHLIA;627889;1104787;OFF WHITE M;1299;TS;3253634631707;1;0;0;1
805;261-DAHLIA;627891;1104787;OFF WHITE M;1299;TL;3253634631721;1;0;0;1
805;261-RDADOU;628457;1104860;FIG;979;T40;3253634637389;1;0;0;1
805;261-RDADOU;628458;1104860;FIG;979;T42;3253634637396;1;0;0;1
805;261-RMARIUS;628563;1104872;BUTTER M;1191;TXS;3253634638447;1;0;0;1
805;261-RMARIUS;628565;1104872;BUTTER M;1191;TM;3253634638461;1;0;0;1
805;261-RMARIUS;628566;1104872;BUTTER M;1191;TL;3253634638478;1;0;0;1
805;261-DIVALI;632906;1105668;MYRTILLE M;1204;TXS;3253634680293;3;0;0;3
805;261-DIVALI;632907;1105668;MYRTILLE M;1204;TS;3253634680309;1;0;0;1
805;261-DIVALI;632847;1105668;MYRTILLE M;1204;TM;3253634679716;1;0;0;1
805;261-DIVALI;632908;1105668;MYRTILLE M;1204;TL;3253634680316;1;0;0;1
805;261-DTAL;632926;1105672;BUBBLE M;1166;TXS;3253634680491;1;0;0;1
805;261-DTAL;632927;1105672;BUBBLE M;1166;TS;3253634680507;1;0;0;1
805;261-DTAL;632855;1105672;BUBBLE M;1166;TM;3253634679792;1;0;0;1
805;261-DTAL;632928;1105672;BUBBLE M;1166;TL;3253634680514;1;0;0;1
805;261-DOUCE;632938;1105675;OFF WHITE M;931;TXS;3253634680613;2;0;0;2
805;261-DOUCE;632939;1105675;OFF WHITE M;931;TS;3253634680620;1;0;0;1
805;261-DOUCE;632861;1105675;OFF WHITE M;931;TM;3253634679853;2;0;0;2
805;261-DOUCE;632940;1105675;OFF WHITE M;931;TL;3253634680637;2;0;0;2
805;261-DFESTON;632943;1105676;SWEET DREAMS;1199;TS;3253634680668;1;0;0;1
805;261-DFESTON;632862;1105676;SWEET DREAMS;1199;TM;3253634679860;1;0;0;1
805;261-DNAVY;632950;1105677;MARINE/OFF WHITE;926;TXS;3253634680736;1;0;0;1
805;261-DNAVY;632952;1105677;MARINE/OFF WHITE;926;TL;3253634680750;1;0;0;1
805;261-DSAMIR;632969;1105679;PRAIRIE M;931;TXS;3253634680910;1;0;0;1
805;261-DSAMIR;632965;1105679;MYRTILLE M;931;TXS;3253634680873;1;0;0;1
805;261-DSAMIR;632966;1105679;MYRTILLE M;931;TS;3253634680880;1;0;0;1
805;261-DSAMIR;632970;1105679;PRAIRIE M;931;TS;3253634680927;1;0;0;1
805;261-DSAMIR;632959;1105679;MYRTILLE M;931;TM;3253634680828;2;0;0;2
805;261-DSAMIR;632960;1105679;PRAIRIE M;931;TM;3253634680835;1;0;0;1
805;261-DSAMIR;632967;1105679;MYRTILLE M;931;TL;3253634680897;1;0;0;1
805;261-DSAMIR;632968;1105679;MYRTILLE M;931;TXL;3253634680903;1;0;0;1
805;261-DROSE;632997;1105681;OFF WHITE M;931;TXS;3253634681184;1;0;0;1
805;261-DROSE;632990;1105681;OFF WHITE M;931;TM;3253634681122;2;0;0;2
805;261-DROSE;632999;1105681;OFF WHITE M;931;TL;3253634681207;1;0;0;1
805;261-DRED;633002;1105682;MAGMA M;1023;TS;3253634681238;1;0;0;1
805;261-DRED;633003;1105682;MAGMA M;1023;TL;3253634681245;1;0;0;1
805;261-MPIKA;633107;1105694;ROSEE M;1219;TS;3253634682242;1;0;0;1
805;261-MPIKA;633094;1105694;ROSEE M;1219;TM;3253634682129;1;0;0;1
805;261-MPIKA;633108;1105694;ROSEE M;1219;TL;3253634682259;1;0;0;1
805;261-MLOSI;633126;1105699;NOIR/IVOIRE;929;TXS;3253634682433;1;0;0;1
805;261-MLOSI;633127;1105699;NOIR/IVOIRE;929;TS;3253634682440;1;0;0;1
805;261-MLOSI;633099;1105699;NOIR/IVOIRE;929;TM;3253634682174;2;0;0;2
805;261-DEFI;634160;1105706;BUTTER M;1199;TXS;3253634692616;1;0;0;1
805;261-DEFI;634161;1105706;BUTTER M;1199;TS;3253634692623;1;0;0;1
805;261-DEFI;634130;1105706;BUTTER M;1199;TM;3253634692326;1;0;0;1
805;261-DEFI;634162;1105706;BUTTER M;1199;TL;3253634692630;1;0;0;1
805;261-RMILAN;633348;1105731;DORE;401;TXS;3253634684574;1;0;0;1
805;261-RMILAN;633241;1105731;DORE;401;TM;3253634683515;1;0;0;1
805;261-RMILAN;633350;1105731;DORE;401;TL;3253634684598;1;0;0;1
805;261-JITAMI;633485;1105757;DENIM STONE;993;T36;3253634685946;1;0;0;1
805;261-JITAMI;633486;1105757;DENIM STONE;993;T40;3253634685953;1;0;0;1
805;261-JITAMI;633487;1105757;DENIM STONE;993;T42;3253634685960;1;0;0;1
805;261-DNINO;633542;1105763;NAVAL ACADEMY;1200;TXS;3253634686509;1;0;0;1
805;261-DNINO;633544;1105763;NAVAL ACADEMY;1200;TL;3253634686523;1;0;0;1
805;261-RISSOL;633703;1105784;NAVAL ACADEMY;1023;T38;3253634688084;1;0;0;1
805;261-RISSOL;633852;1105784;NAVAL ACADEMY;1023;T40;3253634689562;1;0;0;1
805;261-OPON;633860;1105786;OFF WHITE M;931;T34;3253634689647;1;0;0;1
805;261-OPON;633861;1105786;OFF WHITE M;931;T36;3253634689654;1;0;0;1
805;261-OPON;633863;1105786;OFF WHITE M;931;T42;3253634689678;1;0;0;1
805;261-OSAJE;633898;1105793;NOIR M;979;T42;3253634690025;1;0;0;1
805;261-RIKOOL;633901;1105794;NAVAL ACADEMY;1200;T36;3253634690056;1;0;0;1
805;261-RIKOOL;633715;1105794;NAVAL ACADEMY;1200;T38;3253634688206;1;0;0;1
805;261-RIKOOL;633902;1105794;NAVAL ACADEMY;1200;T40;3253634690063;1;0;0;1
805;261-RELIF.F;633721;1105798;MULTICO;900;T38;3253634688268;2;0;0;2
805;261-RELIF.F;633922;1105798;MULTICO;900;T40;3253634690261;2;0;0;2
805;261-RELIF.F;633923;1105798;MULTICO;900;T42;3253634690278;1;0;0;1
805;261-RPLISSY;633931;1105800;MAGMA M;1023;T36;3253634690353;1;0;0;1
805;261-RPLISSY;633932;1105800;MAGMA M;1023;T40;3253634690360;1;0;0;1
805;261-RPLISSY;633933;1105800;MAGMA M;1023;T42;3253634690377;1;0;0;1
805;261-OPA;633942;1105802;NOIR M;979;T40;3253634690469;1;0;0;1
805;261-OPA;633943;1105802;NOIR M;979;T42;3253634690476;1;0;0;1
805;261-RELOW;633950;1105804;NOIR M;979;T34;3253634690544;1;0;0;1
805;261-RELOW;633951;1105804;NOIR M;979;T36;3253634690551;1;0;0;1
805;261-RELOW;633728;1105804;NOIR M;979;T38;3253634688336;1;0;0;1
805;261-RELOW;633952;1105804;NOIR M;979;T40;3253634690568;1;0;0;1
805;261-RSOAN;633958;1105805;MULTICO;900;T42;3253634690629;1;0;0;1
805;261-RAYEE;633962;1105806;PALE BANANA;1144;T40;3253634690667;1;0;0;1
805;261-RAYEE;633963;1105806;PALE BANANA;1144;T42;3253634690674;2;0;0;2
805;261-RODIOL;633986;1105811;NOIR/IVOIRE;929;T36;3253634690902;1;0;0;1
805;261-RODIOL;633741;1105811;NOIR/IVOIRE;929;T38;3253634688466;1;0;0;1
805;261-RODIOL;633987;1105811;NOIR/IVOIRE;929;T40;3253634690919;1;0;0;1
805;261-PIBO.F;633742;1105812;NAVAL ACADEMY;1200;T38;3253634688473;1;0;0;1
805;261-PIBO.F;633993;1105812;NAVAL ACADEMY;1200;T42;3253634690971;1;0;0;1
805;261-CUBA.F;634001;1105814;MULTICO;900;T36;3253634691053;1;0;0;1
805;261-RBELLE;634022;1105818;OFF WHITE M;931;T40;3253634691268;2;0;0;2
805;261-RBELLE;634023;1105818;OFF WHITE M;931;T42;3253634691275;1;0;0;1
805;261-RDOLSOU;634035;1105821;PRAIRIE M;1213;T34;3253634691398;1;0;0;1
805;261-RDOLSOU;634036;1105821;PRAIRIE M;1213;T36;3253634691404;1;0;0;1
805;261-RDOLSOU;634037;1105821;PRAIRIE M;1213;T40;3253634691411;1;0;0;1
805;261-PBELLE;634052;1105824;NOIR M;979;T40;3253634691565;1;0;0;1
805;261-PBELLE;634053;1105824;NOIR M;979;T42;3253634691572;1;0;0;1
805;261-RDALA.F;634055;1105825;MULTICO;900;T34;3253634691596;1;0;0;1
805;261-RDALA.F;634057;1105825;MULTICO;900;T40;3253634691619;1;0;0;1
805;261-DANIELA;634168;1105832;MAGMA M;979;TXS;3253634692692;1;0;0;1
805;261-DANIELA;634169;1105832;MAGMA M;979;TS;3253634692708;2;0;0;2
805;261-DANIELA;634133;1105832;MAGMA M;979;TM;3253634692357;1;0;0;1
805;261-DANIELA;634170;1105832;MAGMA M;979;TL;3253634692715;1;0;0;1
805;261-DANIELA;634171;1105832;MAGMA M;979;TXL;3253634692722;1;0;0;1
805;261-DJOJO;638977;1105834;NOIR M;979;TXS;3253634735443;1;0;0;1
805;261-DJOJO;634184;1105834;OFF WHITE M;979;TXS;3253634692852;1;0;0;1
805;261-DJOJO;638978;1105834;NOIR M;979;TS;3253634735450;1;0;0;1
805;261-DJOJO;634185;1105834;OFF WHITE M;979;TS;3253634692869;1;0;0;1
805;261-DJOJO;638979;1105834;NOIR M;979;TL;3253634735467;1;0;0;1
805;261-DJOJO;634186;1105834;OFF WHITE M;979;TL;3253634692876;1;0;0;1
805;261-DYLAN;634188;1105835;OFF WHITE M;931;TXS;3253634692890;1;0;0;1
805;261-DYLAN;634189;1105835;OFF WHITE M;931;TS;3253634692906;1;0;0;1
805;261-DYLAN;634190;1105835;OFF WHITE M;931;TL;3253634692913;1;0;0;1
805;261-DANANA;634200;1105837;PALE BANANA;1144;TXS;3253634693019;1;0;0;1
805;261-DANANA;634201;1105837;PALE BANANA;1144;TS;3253634693026;1;0;0;1
805;261-DANANA;634202;1105837;PALE BANANA;1144;TL;3253634693033;1;0;0;1
805;261-DPALM;634213;1105840;OFF WHITE M;931;TS;3253634693149;1;0;0;1
805;261-DPALM;634145;1105840;OFF WHITE M;931;TM;3253634692470;1;0;0;1
805;261-DPALM;634214;1105840;OFF WHITE M;931;TL;3253634693156;1;0;0;1
805;261-DAMA;634220;1105842;MAGMA M;931;TXS;3253634693217;1;0;0;1
805;261-DAMA;634228;1105842;NAVAL ACADEMY;931;TXS;3253634693293;1;0;0;1
805;261-DAMA;634229;1105842;NAVAL ACADEMY;931;TS;3253634693309;1;0;0;1
805;261-DAMA;634150;1105842;NAVAL ACADEMY;931;TM;3253634692524;1;0;0;1
805;261-DAMA;634148;1105842;MAGMA M;931;TM;3253634692500;1;0;0;1
805;261-DAMA;634222;1105842;MAGMA M;931;TL;3253634693231;1;0;0;1
805;261-DAMA;634230;1105842;NAVAL ACADEMY;931;TL;3253634693316;1;0;0;1
805;252-DIDOU;640783;1106006;MARINE M;979;TXS;3253634752860;1;0;0;1
805;252-DIDOU;640784;1106006;MARINE M;979;TS;3253634752877;1;0;0;1
805;252-DIDOU;640776;1106006;MARINE M;979;TM;3253634752808;1;0;0;1
805;252-DIDOU;640785;1106006;MARINE M;979;TL;3253634752884;2;0;0;2
805;261-RARAM.F;638681;1106507;MULTICO;900;T34;3253634732626;1;0;0;1
805;261-RARAM.F;638682;1106507;MULTICO;900;T36;3253634732633;1;0;0;1
805;261-RARAM.F;638668;1106507;MULTICO;900;T38;3253634732503;1;0;0;1
805;261-RARAM.F;638683;1106507;MULTICO;900;T40;3253634732640;1;0;0;1
805;261-RARAM.F;638684;1106507;MULTICO;900;T42;3253634732657;1;0;0;1
805;261-DJARDI;638734;1106515;MULTICO;900;TXS;3253634733128;1;0;0;1
805;261-DJARDI;638715;1106515;MULTICO;900;TM;3253634732947;1;0;0;1
805;261-DJARDI;638736;1106515;MULTICO;900;TL;3253634733142;1;0;0;1
805;261-DJARDI;638737;1106515;MULTICO;900;TXL;3253634733159;1;0;0;1
805;261-DBABY;638797;1106523;NOIR M;979;TXS;3253634733739;0;0;1;1
805;261-DBABY;638798;1106523;NOIR M;979;TS;3253634733746;0;0;1;1
805;261-DBABY;638785;1106523;NOIR M;979;TM;3253634733623;1;0;0;1
805;261-DBABY;638799;1106523;NOIR M;979;TL;3253634733753;1;0;0;1
805;261-ROSET.F;638904;1106536;MULTICO;900;T34;3253634734736;1;0;1;2
805;261-ROSET.F;638905;1106536;MULTICO;900;T36;3253634734743;1;0;0;1
805;261-ROSET.F;638889;1106536;MULTICO;900;T38;3253634734590;1;0;0;1
805;261-ROSET.F;638906;1106536;MULTICO;900;T40;3253634734750;1;0;0;1
805;261-ROSET.F;638907;1106536;MULTICO;900;T42;3253634734767;0;0;1;1
805;261-DGUAPA;640292;1106690;OFF WHITE M;931;TXS;3253634748313;1;0;0;1
805;261-DGUAPA;640293;1106690;OFF WHITE M;931;TS;3253634748320;1;0;0;1
805;261-DGUAPA;640286;1106690;OFF WHITE M;931;TM;3253634748269;1;0;0;1
805;261-DGUAPA;640294;1106690;OFF WHITE M;931;TL;3253634748337;1;0;0;1
805;261-DWONDER;640810;1106741;OFF WHITE M;931;TXS;3253634753126;1;0;0;1
805;261-DWONDER;640811;1106741;OFF WHITE M;931;TS;3253634753133;1;0;0;1
805;261-DWONDER;640794;1106741;OFF WHITE M;931;TM;3253634752976;1;0;0;1
805;261-DWONDER;640812;1106741;OFF WHITE M;931;TL;3253634753140;2;0;0;2
805;261-DIYUKI;640815;1106742;IVOIRE/NOIR;928;TS;3253634753171;0;1;0;1
805;261-DIYUKI;640795;1106742;IVOIRE/NOIR;928;TM;3253634752983;1;0;0;1
805;261-DIYUKI;640816;1106742;IVOIRE/NOIR;928;TL;3253634753188;1;0;0;1
805;261-DIDOU1;640829;1106745;OFF WHITE M;931;TXS;3253634753300;1;0;0;1
805;261-DCAROLE;641368;1106837;MARINE/OFF WHITE;926;TXS;3253634758633;1;0;0;1
805;261-DCAROLE;641369;1106837;MARINE/OFF WHITE;926;TS;3253634758640;1;0;0;1
805;261-DCAROLE;641358;1106837;MARINE/OFF WHITE;926;TM;3253634758541;1;0;0;1
805;261-DCAROLE;641371;1106837;MARINE/OFF WHITE;926;TXL;3253634758664;1;0;0;1
805;261-DARIA;641633;1106896;NOIR M;979;TXS;3253634761237;1;0;0;1
805;261-DARIA;641635;1106896;NOIR M;979;TL;3253634761251;1;0;0;1
805;261-ROCHI;641767;1106919;MARINE M;987;T36;3253634762548;1;0;0;1
805;261-ROCHI;641763;1106919;MARINE M;987;T38;3253634762517;0;0;1;1
805;261-ROCHI;641768;1106919;MARINE M;987;T40;3253634762555;1;0;0;1
805;261-DOMIO;641771;1106920;OFF WHITE M;931;TXS;3253634762586;1;0;0;1
805;261-DOMIO;641773;1106920;OFF WHITE M;931;TL;3253634762609;1;0;0;1
805;261-DOOTHY;643537;1107198;NOIR M;979;TL;3253634779843;1;0;0;1
805;261-DHIVAL;643679;1107215;MARINE M;931;TXS;3253634781181;0;1;0;1
805;261-DHIVAL;643680;1107215;MARINE M;931;TS;3253634781198;1;0;0;1
805;261-DHIVAL;643681;1107215;MARINE M;931;TL;3253634781204;2;0;0;2
805;261-RSAMYA;643881;1107233;WHITE SMOKE;979;T36;3253634783116;1;0;0;1
805;261-RSAMYA;643872;1107233;WHITE SMOKE;979;T38;3253634783031;1;0;0;1
805;261-RSAMYA;643882;1107233;WHITE SMOKE;979;T40;3253634783123;1;0;0;1
805;261-RSAMYA;643883;1107233;WHITE SMOKE;979;T42;3253634783130;1;0;0;1
806;211-PROSY.F;493644;85001;IVOIRE;100;T34;3253633418606;1;0;0;1
806;211-PROSY.F;493645;85001;IVOIRE;100;T36;3253633418613;1;0;0;1
806;211-PROSY.F;493646;85001;IVOIRE;100;T38;3253633418620;2;0;0;2
806;211-PROSY.F;493647;85001;IVOIRE;100;T40;3253633418637;2;0;0;2
806;211-PROSY.F;493648;85001;IVOIRE;100;T42;3253633418644;1;0;0;1
806;211-PROSY.F;493649;85001;IVOIRE;100;T44;3253633418651;1;0;0;1
806;231-DATE;632865;93923;SWEET DREAMS;201;TM;3253634679891;1;2;0;3
806;231-DATE;632872;93923;SWEET DREAMS;201;TL;3253634679952;1;0;0;1
806;241-ROSVAL;628166;97093;BLUE DEPTHS;979;T34;3253634634470;2;0;0;2
806;241-ROSVAL;628169;97093;BLUE DEPTHS;979;T40;3253634634500;1;0;0;1
806;241-ROSVAL;628170;97093;BLUE DEPTHS;979;T42;3253634634517;1;0;0;1
806;241-DAGA;632876;98032;PALE BANANA;508;TL;3253634679990;4;0;0;4
806;241-MELAN;633078;98061;MYRTILLE M;1204;TXS;3253634681962;2;0;0;2
806;241-MELAN;633079;98061;MYRTILLE M;1204;TS;3253634681979;2;1;0;3
806;241-MELAN;633076;98061;MYRTILLE M;1204;TM;3253634681955;2;1;0;3
806;241-MELAN;633080;98061;MYRTILLE M;1204;TL;3253634681986;1;1;0;2
806;241-OROOVE;633780;98443;NAVAL ACADEMY;1288;T34;3253634688848;1;0;0;1
806;241-OROOVE;633746;98443;NAVAL ACADEMY;1288;T38;3253634688510;1;0;0;1
806;241-OROOVE;633782;98443;NAVAL ACADEMY;1288;T40;3253634688862;1;0;0;1
806;241-OROOVE;633783;98443;NAVAL ACADEMY;1288;T42;3253634688879;1;0;0;1
806;242-OLAFI;613912;98945;IVOIRE M;1293;T40;3253634498690;1;0;0;1
806;241-ROSLI;633801;99078;MAGMA M;314;T36;3253634689050;1;0;0;1
806;241-ROSLI;633737;99078;MAGMA M;314;T38;3253634688428;1;0;2;3
806;241-ROSLI;633802;99078;MAGMA M;314;T40;3253634689067;2;0;0;2
806;241-ROSLI;633803;99078;MAGMA M;314;T42;3253634689074;2;0;0;2
806;242-MUSHU;592455;99513;ECRU;201;TS;3253634297217;2;0;0;2
806;242-MUSHU;592456;99513;ECRU;201;TM;3253634297224;2;0;0;2
806;242-MUSHU;592457;99513;ECRU;201;TL;3253634297231;1;0;0;1
806;241-DEUX;594615;99913;MULTICO;900;TM;3253634318813;2;0;0;2
806;241-DEUX;594616;99913;MULTICO;900;TL;3253634318820;1;0;0;1
806;251-DIDOA;605541;101546;IVOIRE M;988;TXS;3253634422114;1;0;0;1
806;251-DIDOA;627300;101546;CAPERS;988;TXS;3253634625812;1;0;0;1
806;251-DIDOA;605542;101546;IVOIRE M;988;TS;3253634422121;0;1;0;0
806;251-DIDOA;627306;101546;ARGAN OIL;988;TS;3253634625874;1;0;0;1
806;251-DIDOA;627301;101546;CAPERS;988;TS;3253634625829;2;0;0;2
806;251-DIDOA;627302;101546;CAPERS;988;TM;3253634625836;3;0;0;3
806;251-DIDOA;627307;101546;ARGAN OIL;988;TM;3253634625881;1;0;0;1
806;251-DIDOA;605544;101546;IVOIRE M;988;TL;3253634422145;1;0;0;1
806;251-DIDOA;608616;101546;NOIR M;988;TL;3253634452869;1;0;0;1
806;251-RIA;633826;1102137;NOIR M;301;T36;3253634689302;1;0;0;1
806;251-RIA;633720;1102137;NOIR M;301;T38;3253634688251;0;0;1;1
806;251-RIA;633827;1102137;NOIR M;301;T40;3253634689319;1;0;0;1
806;251-RIA;633828;1102137;NOIR M;301;T42;3253634689326;1;0;0;1
806;251-RISSAL;629999;1102139;TEABERRY;1288;T34;3253634652801;1;0;0;1
806;251-RISSAL;633830;1102139;NAVAL ACADEMY;1288;T34;3253634689340;1;0;0;1
806;251-RISSAL;633831;1102139;NAVAL ACADEMY;1288;T36;3253634689357;2;0;0;2
806;251-RISSAL;633724;1102139;NAVAL ACADEMY;1288;T38;3253634688299;1;0;0;1
806;251-RISSAL;633832;1102139;NAVAL ACADEMY;1288;T40;3253634689364;2;0;0;2
806;251-RISSAL;628254;1102139;AVENTURINE;1288;T42;3253634635354;1;0;0;1
806;251-RISSAL;633833;1102139;NAVAL ACADEMY;1288;T42;3253634689371;1;0;0;1
806;251-DELLA;610065;1102191;OFF WHITE M;979;TS;3253634466675;2;0;0;2
806;251-DELLA;632883;1102191;NOIR M;979;TS;3253634680064;1;0;0;1
806;251-DELLA;632856;1102191;NOIR M;979;TM;3253634679808;1;0;0;1
806;251-DELLA;610066;1102191;OFF WHITE M;979;TM;3253634466682;1;0;1;2
806;251-DELLA;610067;1102191;OFF WHITE M;979;TL;3253634466699;2;0;0;2
806;251-DELLA;632884;1102191;NOIR M;979;TL;3253634680071;1;0;0;1
806;251-DALBA;634152;1102198;BUBBLE M;1166;TXS;3253634692531;1;0;0;1
806;251-DALBA;632887;1102198;OFF WHITE M;1166;TS;3253634680101;2;0;0;2
806;251-DALBA;632857;1102198;OFF WHITE M;1166;TM;3253634679815;1;0;0;1
806;251-DALBA;634154;1102198;BUBBLE M;1166;TL;3253634692555;1;0;0;1
806;251-DALBA;632888;1102198;OFF WHITE M;1166;TL;3253634680118;3;0;0;3
806;251-REINE1;633835;1102222;MYRTILLE M;1204;T34;3253634689395;1;0;0;1
806;251-REINE1;633756;1102222;MYRTILLE M;1204;T38;3253634688619;2;0;0;2
806;252-RMARMAI;613061;1102606;HAVANE M;1105;TXS;3253634490199;1;0;0;1
806;252-RMARMAI;613063;1102606;HAVANE M;1105;TM;3253634490212;3;0;0;3
806;252-RMARMAI;613064;1102606;HAVANE M;1105;TL;3253634490229;1;0;0;1
806;252-DFLOWER;634156;1102614;NAVAL ACADEMY;931;TXS;3253634692579;1;0;0;1
806;252-DFLOWER;613111;1102614;NOIR M;931;TXS;3253634490694;1;0;0;1
806;252-DFLOWER;613112;1102614;NOIR M;931;TS;3253634490700;1;0;0;1
806;252-DFLOWER;634157;1102614;NAVAL ACADEMY;931;TS;3253634692586;2;0;0;2
806;252-DFLOWER;613113;1102614;NOIR M;931;TM;3253634490717;0;0;1;1
806;252-DFLOWER;634140;1102614;NAVAL ACADEMY;931;TM;3253634692425;2;0;0;2
806;252-DFLOWER;613114;1102614;NOIR M;931;TL;3253634490724;0;0;1;1
806;252-DFLOWER;634158;1102614;NAVAL ACADEMY;931;TL;3253634692593;2;0;0;2
806;252-DFLOWER;613115;1102614;NOIR M;931;TXL;3253634490731;1;0;0;1
806;252-DAROD;632902;1102626;MARINE M;1104;TXS;3253634680255;1;0;0;1
806;252-DAROD;632903;1102626;MARINE M;1104;TS;3253634680262;2;0;0;2
806;252-DAROD;632849;1102626;MARINE M;1104;TM;3253634679730;2;0;0;2
806;252-DAROD;632904;1102626;MARINE M;1104;TL;3253634680279;1;0;1;2
806;251-RJOLIE;615780;1103015;MARINE M;1191;T38;3253634517155;3;0;0;3
806;251-RJOLIE;615781;1103015;MARINE M;1191;T40;3253634517162;0;0;0;0
806;251-DSARAH;615861;1103028;IVOIRE M;978;TXS;3253634517964;1;0;0;1
806;251-DSARAH;615862;1103028;IVOIRE M;978;TS;3253634517971;1;0;0;1
806;251-DSARAH;615863;1103028;IVOIRE M;978;TM;3253634517988;2;0;0;2
806;251-DSARAH;615864;1103028;IVOIRE M;978;TL;3253634517995;1;0;0;1
806;251-DROSSO;627337;1103484;MARINE M;931;TXS;3253634626185;1;0;0;1
806;251-DROSSO;627338;1103484;MARINE M;931;TS;3253634626192;1;0;0;1
806;251-DROSSO;627340;1103484;MARINE M;931;TL;3253634626215;1;0;0;1
806;251-DALIKA;619301;1103498;OFF WHITE M;931;TXS;3253634551593;1;0;0;1
806;251-DALIKA;619302;1103498;OFF WHITE M;931;TS;3253634551609;1;0;0;1
806;251-DALIKA;619303;1103498;OFF WHITE M;931;TM;3253634551616;2;0;0;2
806;251-DALIKA;619304;1103498;OFF WHITE M;931;TL;3253634551623;2;0;0;2
806;251-DALIKA;619305;1103498;OFF WHITE M;931;TXL;3253634551630;0;0;0;0
806;261-DIANA;627357;1104721;BUTTER M;987;TXS;3253634626383;1;0;0;1
806;261-DIANA;627360;1104721;BUTTER M;987;TL;3253634626413;1;0;0;1
806;261-DAHLIA;627890;1104787;OFF WHITE M;1299;TM;3253634631714;2;0;0;2
806;261-RTILA;628358;1104847;AVENTURINE;1150;T34;3253634636399;1;0;0;1
806;261-RTILA;628359;1104847;AVENTURINE;1150;T36;3253634636405;2;0;0;2
806;261-RTILA;628360;1104847;AVENTURINE;1150;T38;3253634636412;1;0;0;1
806;261-RDADOU;628457;1104860;FIG;979;T40;3253634637389;1;0;0;1
806;261-RDADOU;628458;1104860;FIG;979;T42;3253634637396;1;0;0;1
806;261-RLUCY;628460;1104861;MAGMA M;1191;T34;3253634637419;1;0;0;1
806;261-RLUCY;628461;1104861;MAGMA M;1191;T36;3253634637426;1;0;0;1
806;261-RLUCY;628463;1104861;MAGMA M;1191;T40;3253634637440;1;0;0;1
806;261-RLUCY;628464;1104861;MAGMA M;1191;T42;3253634637457;1;0;0;1
806;261-RMARIUS;628564;1104872;BUTTER M;1191;TS;3253634638454;1;0;0;1
806;261-DIVALI;632906;1105668;MYRTILLE M;1204;TXS;3253634680293;1;0;0;1
806;261-DIVALI;632907;1105668;MYRTILLE M;1204;TS;3253634680309;2;0;0;2
806;261-DIVALI;632847;1105668;MYRTILLE M;1204;TM;3253634679716;2;0;0;2
806;261-DIVALI;632908;1105668;MYRTILLE M;1204;TL;3253634680316;1;0;0;1
806;261-DTAL;632926;1105672;BUBBLE M;1166;TXS;3253634680491;1;0;0;1
806;261-DTAL;632927;1105672;BUBBLE M;1166;TS;3253634680507;0;1;0;1
806;261-DTAL;632855;1105672;BUBBLE M;1166;TM;3253634679792;0;0;1;1
806;261-DTAL;632928;1105672;BUBBLE M;1166;TL;3253634680514;2;0;0;2
806;261-DOUCE;632939;1105675;OFF WHITE M;931;TS;3253634680620;1;0;0;1
806;261-DOUCE;632861;1105675;OFF WHITE M;931;TM;3253634679853;2;0;0;2
806;261-DOUCE;632940;1105675;OFF WHITE M;931;TL;3253634680637;2;0;0;2
806;261-DNAVY;632950;1105677;MARINE/OFF WHITE;926;TXS;3253634680736;1;0;0;1
806;261-DNAVY;632951;1105677;MARINE/OFF WHITE;926;TS;3253634680743;3;0;0;3
806;261-DNAVY;632864;1105677;MARINE/OFF WHITE;926;TM;3253634679884;2;0;0;2
806;261-DNAVY;632952;1105677;MARINE/OFF WHITE;926;TL;3253634680750;1;0;0;1
806;261-DSAMIR;632965;1105679;MYRTILLE M;931;TXS;3253634680873;1;0;0;1
806;261-DSAMIR;632966;1105679;MYRTILLE M;931;TS;3253634680880;2;0;0;2
806;261-DSAMIR;632970;1105679;PRAIRIE M;931;TS;3253634680927;0;0;1;1
806;261-DSAMIR;632960;1105679;PRAIRIE M;931;TM;3253634680835;3;0;0;3
806;261-DSAMIR;632959;1105679;MYRTILLE M;931;TM;3253634680828;3;0;0;3
806;261-DSAMIR;632967;1105679;MYRTILLE M;931;TL;3253634680897;2;0;0;2
806;261-DSAMIR;632971;1105679;PRAIRIE M;931;TL;3253634680934;2;0;0;2
806;261-DSAMIR;632972;1105679;PRAIRIE M;931;TXL;3253634680941;2;0;0;2
806;261-DROSE;632997;1105681;OFF WHITE M;931;TXS;3253634681184;1;0;0;1
806;261-DROSE;632998;1105681;OFF WHITE M;931;TS;3253634681191;1;0;0;1
806;261-DROSE;632990;1105681;OFF WHITE M;931;TM;3253634681122;0;0;1;1
806;261-DROSE;632999;1105681;OFF WHITE M;931;TL;3253634681207;1;0;0;1
806;261-DRED;633001;1105682;MAGMA M;1023;TXS;3253634681221;1;0;0;1
806;261-DRED;633002;1105682;MAGMA M;1023;TS;3253634681238;1;0;0;1
806;261-DRED;632991;1105682;MAGMA M;1023;TM;3253634681139;3;0;0;3
806;261-MPIKA;633106;1105694;ROSEE M;1219;TXS;3253634682235;1;0;0;1
806;261-MPIKA;633107;1105694;ROSEE M;1219;TS;3253634682242;2;0;0;2
806;261-MPIKA;633094;1105694;ROSEE M;1219;TM;3253634682129;1;0;1;2
806;261-MLOSI;633126;1105699;NOIR/IVOIRE;929;TXS;3253634682433;1;0;0;1
806;261-MLOSI;633127;1105699;NOIR/IVOIRE;929;TS;3253634682440;1;0;0;1
806;261-MLOSI;633099;1105699;NOIR/IVOIRE;929;TM;3253634682174;1;0;0;1
806;261-MLOSI;633128;1105699;NOIR/IVOIRE;929;TL;3253634682457;1;0;0;1
806;261-RMAGO;633135;1105701;NOIR M;979;TS;3253634682525;1;0;0;1
806;261-RMAGO;633101;1105701;NOIR M;979;TM;3253634682198;1;0;0;1
806;261-DEFI;634160;1105706;BUTTER M;1199;TXS;3253634692616;1;0;0;1
806;261-DEFI;634161;1105706;BUTTER M;1199;TS;3253634692623;2;0;0;2
806;261-DEFI;634130;1105706;BUTTER M;1199;TM;3253634692326;1;0;0;1
806;261-3FLEUR;633226;1105716;DORE;401;T2;3253634683379;1;0;0;1
806;261-RMILAN;633241;1105731;DORE;401;TM;3253634683515;1;0;0;1
806;261-POPA;633390;1105739;NOIR M;979;T34;3253634684994;1;0;0;1
806;261-JITAMI;633485;1105757;DENIM STONE;993;T36;3253634685946;1;0;0;1
806;261-JITAMI;633274;1105757;DENIM STONE;993;T38;3253634683843;1;0;0;1
806;261-JITAMI;633486;1105757;DENIM STONE;993;T40;3253634685953;1;0;0;1
806;261-JITAMI;633487;1105757;DENIM STONE;993;T42;3253634685960;1;0;0;1
806;261-DNINO;633543;1105763;NAVAL ACADEMY;1200;TS;3253634686516;1;0;0;1
806;261-DNINO;633509;1105763;NAVAL ACADEMY;1200;TM;3253634686189;1;0;0;1
806;261-DNINO;633544;1105763;NAVAL ACADEMY;1200;TL;3253634686523;1;0;0;1
806;261-RISSOL;633703;1105784;NAVAL ACADEMY;1023;T38;3253634688084;1;0;0;1
806;261-OPON;633706;1105786;OFF WHITE M;931;T38;3253634688114;2;0;0;2
806;261-OPON;633862;1105786;OFF WHITE M;931;T40;3253634689661;1;0;0;1
806;261-OSAJE;633896;1105793;NOIR M;979;T36;3253634690001;3;0;0;3
806;261-OSAJE;633713;1105793;NOIR M;979;T38;3253634688183;3;0;0;3
806;261-OSAJE;633897;1105793;NOIR M;979;T40;3253634690018;3;0;0;3
806;261-OSAJE;633898;1105793;NOIR M;979;T42;3253634690025;2;0;0;2
806;261-RIKOOL;633900;1105794;NAVAL ACADEMY;1200;T34;3253634690049;1;0;0;1
806;261-RIKOOL;633901;1105794;NAVAL ACADEMY;1200;T36;3253634690056;1;0;0;1
806;261-RIKOOL;633715;1105794;NAVAL ACADEMY;1200;T38;3253634688206;2;0;0;2
806;261-RIKOOL;633902;1105794;NAVAL ACADEMY;1200;T40;3253634690063;1;0;0;1
806;261-RIKOOL;633903;1105794;NAVAL ACADEMY;1200;T42;3253634690070;1;0;0;1
806;261-RELIF.F;633920;1105798;MULTICO;900;T34;3253634690247;1;0;0;1
806;261-RELIF.F;633921;1105798;MULTICO;900;T36;3253634690254;1;1;0;2
806;261-RELIF.F;633721;1105798;MULTICO;900;T38;3253634688268;1;0;1;2
806;261-RELIF.F;633922;1105798;MULTICO;900;T40;3253634690261;0;1;0;1
806;261-RPLISSY;633930;1105800;MAGMA M;1023;T34;3253634690346;1;0;0;1
806;261-RPLISSY;633931;1105800;MAGMA M;1023;T36;3253634690353;0;1;0;1
806;261-RPLISSY;633723;1105800;MAGMA M;1023;T38;3253634688282;1;0;0;1
806;261-RPLISSY;633932;1105800;MAGMA M;1023;T40;3253634690360;1;0;0;1
806;261-RPLISSY;633933;1105800;MAGMA M;1023;T42;3253634690377;1;0;0;1
806;261-OPA;633941;1105802;NOIR M;979;T36;3253634690452;4;0;0;4
806;261-OPA;633726;1105802;NOIR M;979;T38;3253634688312;4;0;0;4
806;261-OPA;633942;1105802;NOIR M;979;T40;3253634690469;2;0;0;2
806;261-RELOW;633951;1105804;NOIR M;979;T36;3253634690551;1;0;0;1
806;261-RELOW;633728;1105804;NOIR M;979;T38;3253634688336;2;0;0;2
806;261-RELOW;633952;1105804;NOIR M;979;T40;3253634690568;2;0;0;2
806;261-RSOAN;633956;1105805;MULTICO;900;T36;3253634690605;0;2;0;2
806;261-RSOAN;633957;1105805;MULTICO;900;T40;3253634690612;4;0;0;4
806;261-RAYEE;633961;1105806;PALE BANANA;1144;T36;3253634690650;2;0;0;2
806;261-RAYEE;633963;1105806;PALE BANANA;1144;T42;3253634690674;1;0;0;1
806;261-RODIOL;633986;1105811;NOIR/IVOIRE;929;T36;3253634690902;1;0;0;1
806;261-RODIOL;633741;1105811;NOIR/IVOIRE;929;T38;3253634688466;1;0;0;1
806;261-RODIOL;633987;1105811;NOIR/IVOIRE;929;T40;3253634690919;0;1;0;1
806;261-RODIOL;633988;1105811;NOIR/IVOIRE;929;T42;3253634690926;1;0;0;1
806;261-PIBO.F;633991;1105812;NAVAL ACADEMY;1200;T36;3253634690957;3;1;0;4
806;261-PIBO.F;633992;1105812;NAVAL ACADEMY;1200;T40;3253634690964;2;0;0;2
806;261-PIBO.F;633993;1105812;NAVAL ACADEMY;1200;T42;3253634690971;3;0;0;3
806;261-CUBA.F;634000;1105814;MULTICO;900;T34;3253634691046;1;0;0;1
806;261-CUBA.F;634001;1105814;MULTICO;900;T36;3253634691053;1;0;0;1
806;261-CUBA.F;633745;1105814;MULTICO;900;T38;3253634688503;1;0;0;1
806;261-RBELLE;634021;1105818;OFF WHITE M;931;T36;3253634691251;1;0;0;1
806;261-RBELLE;633751;1105818;OFF WHITE M;931;T38;3253634688565;2;0;0;2
806;261-RBELLE;634022;1105818;OFF WHITE M;931;T40;3253634691268;1;0;0;1
806;261-RBELLE;634023;1105818;OFF WHITE M;931;T42;3253634691275;1;0;0;1
806;261-RDOLSOU;634035;1105821;PRAIRIE M;1213;T34;3253634691398;2;0;0;2
806;261-RDOLSOU;634036;1105821;PRAIRIE M;1213;T36;3253634691404;1;0;0;1
806;261-RDOLSOU;633757;1105821;PRAIRIE M;1213;T38;3253634688626;1;0;0;1
806;261-PBELLE;634050;1105824;NOIR M;979;T34;3253634691541;2;0;0;2
806;261-PBELLE;634051;1105824;NOIR M;979;T36;3253634691558;1;0;0;1
806;261-PBELLE;633760;1105824;NOIR M;979;T38;3253634688657;0;0;0;0
806;261-RDALA.F;634055;1105825;MULTICO;900;T34;3253634691596;1;0;0;1
806;261-RDALA.F;634057;1105825;MULTICO;900;T40;3253634691619;1;0;0;1
806;261-RDALA.F;634058;1105825;MULTICO;900;T42;3253634691626;1;0;0;1
806;261-RBRUM;634061;1105826;EPICE M;1118;T36;3253634691657;2;0;0;2
806;261-RBRUM;633762;1105826;EPICE M;1118;T38;3253634688671;1;0;0;1
806;261-RBRUM;634063;1105826;EPICE M;1118;T42;3253634691671;1;0;0;1
806;261-DANIELA;634169;1105832;MAGMA M;979;TS;3253634692708;1;0;0;1
806;261-DANIELA;634133;1105832;MAGMA M;979;TM;3253634692357;1;0;0;1
806;261-DANIELA;634170;1105832;MAGMA M;979;TL;3253634692715;1;0;0;1
806;261-DJOJO;634184;1105834;OFF WHITE M;979;TXS;3253634692852;1;0;0;1
806;261-DJOJO;634185;1105834;OFF WHITE M;979;TS;3253634692869;1;0;1;2
806;261-DJOJO;634136;1105834;OFF WHITE M;979;TM;3253634692388;1;0;0;1
806;261-DJOJO;638975;1105834;NOIR M;979;TM;3253634735436;2;0;0;2
806;261-DJOJO;638979;1105834;NOIR M;979;TL;3253634735467;2;0;0;2
806;261-DJOJO;634186;1105834;OFF WHITE M;979;TL;3253634692876;1;0;0;1
806;261-DYLAN;634188;1105835;OFF WHITE M;931;TXS;3253634692890;1;0;0;1
806;261-DYLAN;634189;1105835;OFF WHITE M;931;TS;3253634692906;1;0;0;1
806;261-DYLAN;634137;1105835;OFF WHITE M;931;TM;3253634692395;1;0;0;1
806;261-DYLAN;634190;1105835;OFF WHITE M;931;TL;3253634692913;1;0;0;1
806;261-DANANA;634201;1105837;PALE BANANA;1144;TS;3253634693026;1;0;0;1
806;261-DANANA;634142;1105837;PALE BANANA;1144;TM;3253634692449;1;0;0;1
806;261-DANANA;634202;1105837;PALE BANANA;1144;TL;3253634693033;1;0;0;1
806;261-DPALM;634212;1105840;OFF WHITE M;931;TXS;3253634693132;1;0;0;1
806;261-DPALM;634213;1105840;OFF WHITE M;931;TS;3253634693149;1;0;0;1
806;261-DPALM;634145;1105840;OFF WHITE M;931;TM;3253634692470;0;1;0;1
806;261-DPALM;634214;1105840;OFF WHITE M;931;TL;3253634693156;1;0;0;1
806;261-DAMA;634220;1105842;MAGMA M;931;TXS;3253634693217;2;0;0;2
806;261-DAMA;634228;1105842;NAVAL ACADEMY;931;TXS;3253634693293;1;0;0;1
806;261-DAMA;634221;1105842;MAGMA M;931;TS;3253634693224;2;0;0;2
806;261-DAMA;634229;1105842;NAVAL ACADEMY;931;TS;3253634693309;1;0;1;2
806;261-DAMA;634148;1105842;MAGMA M;931;TM;3253634692500;2;0;0;2
806;261-DAMA;634150;1105842;NAVAL ACADEMY;931;TM;3253634692524;1;0;0;1
806;261-DAMA;634230;1105842;NAVAL ACADEMY;931;TL;3253634693316;2;0;0;2
806;261-DAMA;634222;1105842;MAGMA M;931;TL;3253634693231;1;0;0;1
806;252-DIDOU;640783;1106006;MARINE M;979;TXS;3253634752860;1;0;0;1
806;252-DIDOU;640784;1106006;MARINE M;979;TS;3253634752877;0;0;1;1
806;252-DIDOU;640776;1106006;MARINE M;979;TM;3253634752808;3;0;0;3
806;252-DIDOU;640785;1106006;MARINE M;979;TL;3253634752884;1;0;1;2
806;261-RARAM.F;638681;1106507;MULTICO;900;T34;3253634732626;1;0;0;1
806;261-RARAM.F;638682;1106507;MULTICO;900;T36;3253634732633;1;0;0;1
806;261-RARAM.F;638668;1106507;MULTICO;900;T38;3253634732503;1;0;0;1
806;261-RARAM.F;638683;1106507;MULTICO;900;T40;3253634732640;1;0;0;1
806;261-DJARDI;638734;1106515;MULTICO;900;TXS;3253634733128;1;0;0;1
806;261-DJARDI;638735;1106515;MULTICO;900;TS;3253634733135;2;0;0;2
806;261-DJARDI;638715;1106515;MULTICO;900;TM;3253634732947;2;0;0;2
806;261-DJARDI;638736;1106515;MULTICO;900;TL;3253634733142;3;0;0;3
806;261-DBABY;638797;1106523;NOIR M;979;TXS;3253634733739;1;0;0;1
806;261-DBABY;638798;1106523;NOIR M;979;TS;3253634733746;0;0;1;1
806;261-DBABY;638785;1106523;NOIR M;979;TM;3253634733623;0;0;1;1
806;261-ROSET.F;638904;1106536;MULTICO;900;T34;3253634734736;0;0;1;1
806;261-ROSET.F;638905;1106536;MULTICO;900;T36;3253634734743;0;1;0;1
806;261-ROSET.F;638889;1106536;MULTICO;900;T38;3253634734590;1;0;0;1
806;261-ROSET.F;638906;1106536;MULTICO;900;T40;3253634734750;1;1;0;2
806;261-ROSET.F;638907;1106536;MULTICO;900;T42;3253634734767;1;0;0;1
806;261-DGUAPA;640286;1106690;OFF WHITE M;931;TM;3253634748269;1;0;0;1
806;261-DGUAPA;640294;1106690;OFF WHITE M;931;TL;3253634748337;0;1;0;1
806;261-DCIAO;640802;1106739;MYRTILLE M;1204;TXS;3253634753041;1;0;0;1
806;261-DCIAO;640803;1106739;MYRTILLE M;1204;TS;3253634753058;1;0;0;1
806;261-DCIAO;640804;1106739;MYRTILLE M;1204;TL;3253634753065;1;0;0;1
806;261-DWONDER;640810;1106741;OFF WHITE M;931;TXS;3253634753126;1;0;0;1
806;261-DWONDER;640811;1106741;OFF WHITE M;931;TS;3253634753133;1;0;0;1
806;261-DWONDER;640794;1106741;OFF WHITE M;931;TM;3253634752976;1;0;0;1
806;261-DWONDER;640812;1106741;OFF WHITE M;931;TL;3253634753140;2;0;0;2
806;261-DIYUKI;640815;1106742;IVOIRE/NOIR;928;TS;3253634753171;1;0;1;2
806;261-DIYUKI;640795;1106742;IVOIRE/NOIR;928;TM;3253634752983;0;0;1;1
806;261-DIYUKI;640816;1106742;IVOIRE/NOIR;928;TL;3253634753188;1;0;0;1
806;261-DIDOU1;640823;1106745;OFF WHITE M;931;TM;3253634753256;1;0;0;1
806;261-DCAROLE;641368;1106837;MARINE/OFF WHITE;926;TXS;3253634758633;1;0;0;1
806;261-DCAROLE;641369;1106837;MARINE/OFF WHITE;926;TS;3253634758640;2;0;0;2
806;261-DCAROLE;641358;1106837;MARINE/OFF WHITE;926;TM;3253634758541;1;1;0;2
806;261-DCAROLE;641370;1106837;MARINE/OFF WHITE;926;TL;3253634758657;0;1;0;1
806;261-DARIA;641635;1106896;NOIR M;979;TL;3253634761251;1;0;0;1
806;261-ROCHI;641766;1106919;MARINE M;987;T34;3253634762531;0;1;0;1
806;261-ROCHI;641767;1106919;MARINE M;987;T36;3253634762548;1;0;0;1
806;261-ROCHI;641763;1106919;MARINE M;987;T38;3253634762517;0;1;0;1
806;261-ROCHI;641768;1106919;MARINE M;987;T40;3253634762555;0;1;0;1
806;261-DOMIO;641771;1106920;OFF WHITE M;931;TXS;3253634762586;1;0;0;1
806;261-DOMIO;641772;1106920;OFF WHITE M;931;TS;3253634762593;1;0;1;2
806;261-DOMIO;641764;1106920;OFF WHITE M;931;TM;3253634762524;2;0;0;2
806;261-DOMIO;641773;1106920;OFF WHITE M;931;TL;3253634762609;0;0;1;1
806;261-DESLE;642349;1107038;MULTICO;900;TXS;3253634768304;3;0;0;3
806;261-DESLE;642350;1107038;MULTICO;900;TS;3253634768311;0;0;2;2
806;261-DESLE;642347;1107038;MULTICO;900;TM;3253634768298;1;0;0;1
806;261-DESLE;642351;1107038;MULTICO;900;TL;3253634768328;1;0;1;2
806;261-DESLE;642352;1107038;MULTICO;900;TXL;3253634768335;1;0;0;1
806;261-DOOTHY;643535;1107198;NOIR M;979;TXS;3253634779829;1;0;0;1
806;261-DOOTHY;643536;1107198;NOIR M;979;TS;3253634779836;1;0;0;1
806;261-DOOTHY;643533;1107198;NOIR M;979;TM;3253634779812;1;0;0;1
806;261-DOOTHY;643537;1107198;NOIR M;979;TL;3253634779843;2;0;0;2
806;261-DHIVAL;643679;1107215;MARINE M;931;TXS;3253634781181;0;0;1;1
806;261-DHIVAL;643680;1107215;MARINE M;931;TS;3253634781198;0;1;0;1
806;261-DHIVAL;643673;1107215;MARINE M;931;TM;3253634781136;2;0;0;2
806;261-DHIVAL;643681;1107215;MARINE M;931;TL;3253634781204;1;0;0;1
806;261-RSAMYA;643880;1107233;WHITE SMOKE;979;T34;3253634783109;1;0;0;1
806;261-RSAMYA;643875;1107233;NOIR;979;T34;3253634783055;0;0;1;1
806;261-RSAMYA;643881;1107233;WHITE SMOKE;979;T36;3253634783116;0;0;1;1
806;261-RSAMYA;643876;1107233;NOIR;979;T36;3253634783062;1;0;0;1
806;261-RSAMYA;643872;1107233;WHITE SMOKE;979;T38;3253634783031;1;0;0;1
806;261-RSAMYA;643871;1107233;NOIR;979;T38;3253634783024;0;0;1;1
806;261-RSAMYA;643877;1107233;NOIR;979;T40;3253634783079;1;0;0;1
806;261-RSAMYA;643882;1107233;WHITE SMOKE;979;T40;3253634783123;1;0;0;1
806;261-RSAMYA;643883;1107233;WHITE SMOKE;979;T42;3253634783130;1;0;0;1
806;261-RSAMYA;643878;1107233;NOIR;979;T42;3253634783086;1;0;0;1
806;261-DECLIC;644045;1107271;OFF WHITE M;931;TXS;3253634784694;1;0;0;1
806;261-DECLIC;644046;1107271;OFF WHITE M;931;TS;3253634784700;0;0;1;1
806;261-DECLIC;644042;1107271;OFF WHITE M;931;TM;3253634784670;1;0;0;1
806;261-DECLIC;644047;1107271;OFF WHITE M;931;TL;3253634784717;0;1;0;1
832;211-PROSY.F;493644;85001;IVOIRE;100;T34;3253633418606;1;0;0;1
832;211-PROSY.F;493645;85001;IVOIRE;100;T36;3253633418613;0;0;1;1
832;211-PROSY.F;493646;85001;IVOIRE;100;T38;3253633418620;1;0;0;1
832;211-PROSY.F;493647;85001;IVOIRE;100;T40;3253633418637;3;0;0;3
832;231-DATE;632865;93923;SWEET DREAMS;201;TM;3253634679891;2;0;0;2
832;241-ROSVAL;628166;97093;BLUE DEPTHS;979;T34;3253634634470;1;0;0;1
832;241-ROSVAL;628167;97093;BLUE DEPTHS;979;T36;3253634634487;2;0;0;2
832;241-ROSVAL;628169;97093;BLUE DEPTHS;979;T40;3253634634500;3;0;0;3
832;241-DAGA;632868;98032;PALE BANANA;508;TM;3253634679921;1;0;0;1
832;241-MELAN;633078;98061;MYRTILLE M;1204;TXS;3253634681962;1;0;0;1
832;241-MELAN;633079;98061;MYRTILLE M;1204;TS;3253634681979;2;0;0;2
832;241-MELAN;633076;98061;MYRTILLE M;1204;TM;3253634681955;3;0;0;3
832;241-MELAN;633080;98061;MYRTILLE M;1204;TL;3253634681986;1;0;0;1
832;241-OROOVE;633780;98443;NAVAL ACADEMY;1288;T34;3253634688848;1;0;0;1
832;241-OROOVE;633781;98443;NAVAL ACADEMY;1288;T36;3253634688855;2;0;0;2
832;241-OROOVE;633746;98443;NAVAL ACADEMY;1288;T38;3253634688510;2;0;0;2
832;241-OROOVE;633782;98443;NAVAL ACADEMY;1288;T40;3253634688862;2;0;0;2
832;241-OROOVE;633783;98443;NAVAL ACADEMY;1288;T42;3253634688879;1;0;0;1
832;242-OLAFI;613909;98945;IVOIRE M;1293;T34;3253634498669;1;0;0;1
832;242-OLAFI;613910;98945;IVOIRE M;1293;T36;3253634498676;2;0;0;2
832;242-OLAFI;613911;98945;IVOIRE M;1293;T38;3253634498683;1;0;0;1
832;242-OLAFI;613912;98945;IVOIRE M;1293;T40;3253634498690;1;0;0;1
832;241-ROSLI;633800;99078;MAGMA M;314;T34;3253634689043;2;0;0;2
832;241-ROSLI;633801;99078;MAGMA M;314;T36;3253634689050;2;0;0;2
832;241-ROSLI;633737;99078;MAGMA M;314;T38;3253634688428;3;0;0;3
832;241-ROSLI;633738;99078;PALE BANANA;314;T38;3253634688435;1;0;0;1
832;241-ROSLI;633802;99078;MAGMA M;314;T40;3253634689067;1;0;0;1
832;241-ROSLI;633803;99078;MAGMA M;314;T42;3253634689074;1;0;0;1
832;242-MUSHU;592454;99513;ECRU;201;TXS;3253634297200;1;0;0;1
832;242-MUSHU;592455;99513;ECRU;201;TS;3253634297217;2;0;0;2
832;242-MUSHU;592456;99513;ECRU;201;TM;3253634297224;2;0;0;2
832;242-MUSHU;592457;99513;ECRU;201;TL;3253634297231;1;0;0;1
832;241-DEUX;594614;99913;MULTICO;900;TS;3253634318806;3;0;0;3
832;241-DEUX;594615;99913;MULTICO;900;TM;3253634318813;1;0;0;1
832;241-DEUX;594616;99913;MULTICO;900;TL;3253634318820;1;0;0;1
832;251-DIDOA;605541;101546;IVOIRE M;988;TXS;3253634422114;1;0;0;1
832;251-DIDOA;627300;101546;CAPERS;988;TXS;3253634625812;1;0;0;1
832;251-DIDOA;627305;101546;ARGAN OIL;988;TXS;3253634625867;1;0;0;1
832;251-DIDOA;608613;101546;NOIR M;988;TXS;3253634452838;1;0;0;1
832;251-DIDOA;627301;101546;CAPERS;988;TS;3253634625829;2;0;0;2
832;251-DIDOA;627306;101546;ARGAN OIL;988;TS;3253634625874;1;0;0;1
832;251-DIDOA;608614;101546;NOIR M;988;TS;3253634452845;1;0;0;1
832;251-DIDOA;605542;101546;IVOIRE M;988;TS;3253634422121;2;0;0;2
832;251-DIDOA;627302;101546;CAPERS;988;TM;3253634625836;2;0;0;2
832;251-DIDOA;627307;101546;ARGAN OIL;988;TM;3253634625881;1;0;0;1
832;251-DIDOA;627303;101546;CAPERS;988;TL;3253634625843;2;0;0;2
832;251-DIDOA;627308;101546;ARGAN OIL;988;TL;3253634625898;2;0;0;2
832;251-DIDOA;605544;101546;IVOIRE M;988;TL;3253634422145;1;0;0;1
832;251-RIA;633825;1102137;NOIR M;301;T34;3253634689296;1;0;0;1
832;251-RIA;633826;1102137;NOIR M;301;T36;3253634689302;1;1;0;2
832;251-RIA;633720;1102137;NOIR M;301;T38;3253634688251;1;1;0;2
832;251-RIA;633827;1102137;NOIR M;301;T40;3253634689319;2;0;0;2
832;251-RIA;633828;1102137;NOIR M;301;T42;3253634689326;2;0;0;2
832;251-RISSAL;633830;1102139;NAVAL ACADEMY;1288;T34;3253634689340;1;0;0;1
832;251-RISSAL;629999;1102139;TEABERRY;1288;T34;3253634652801;1;0;0;1
832;251-RISSAL;633831;1102139;NAVAL ACADEMY;1288;T36;3253634689357;2;0;0;2
832;251-RISSAL;628251;1102139;AVENTURINE;1288;T36;3253634635323;1;0;0;1
832;251-RISSAL;630001;1102139;TEABERRY;1288;T38;3253634652825;1;0;0;1
832;251-RISSAL;633724;1102139;NAVAL ACADEMY;1288;T38;3253634688299;1;0;0;1
832;251-RISSAL;633832;1102139;NAVAL ACADEMY;1288;T40;3253634689364;1;0;0;1
832;251-RISSAL;630002;1102139;TEABERRY;1288;T40;3253634652832;1;0;0;1
832;251-RISSAL;633833;1102139;NAVAL ACADEMY;1288;T42;3253634689371;2;0;0;2
832;251-RISSAL;630003;1102139;TEABERRY;1288;T42;3253634652849;2;0;0;2
832;251-DELLA;632882;1102191;NOIR M;979;TXS;3253634680057;1;0;0;1
832;251-DELLA;610064;1102191;OFF WHITE M;979;TXS;3253634466668;2;0;0;2
832;251-DELLA;610065;1102191;OFF WHITE M;979;TS;3253634466675;2;0;0;2
832;251-DELLA;632883;1102191;NOIR M;979;TS;3253634680064;1;0;0;1
832;251-DELLA;610066;1102191;OFF WHITE M;979;TM;3253634466682;2;0;0;2
832;251-DELLA;632856;1102191;NOIR M;979;TM;3253634679808;1;0;0;1
832;251-DELLA;610067;1102191;OFF WHITE M;979;TL;3253634466699;1;0;0;1
832;251-DALBA;632886;1102198;OFF WHITE M;1166;TXS;3253634680095;1;0;0;1
832;251-DALBA;632887;1102198;OFF WHITE M;1166;TS;3253634680101;1;0;0;1
832;251-DALBA;632857;1102198;OFF WHITE M;1166;TM;3253634679815;2;0;0;2
832;251-DALBA;632888;1102198;OFF WHITE M;1166;TL;3253634680118;2;0;0;2
832;251-DALBA;634154;1102198;BUBBLE M;1166;TL;3253634692555;2;0;0;2
832;251-REINE1;633835;1102222;MYRTILLE M;1204;T34;3253634689395;1;0;0;1
832;251-REINE1;633836;1102222;MYRTILLE M;1204;T36;3253634689401;1;0;0;1
832;252-RMARMAI;613064;1102606;HAVANE M;1105;TL;3253634490229;1;0;0;1
832;252-DFLOWER;613111;1102614;NOIR M;931;TXS;3253634490694;0;0;1;1
832;252-DFLOWER;634156;1102614;NAVAL ACADEMY;931;TXS;3253634692579;1;0;0;1
832;252-DFLOWER;613112;1102614;NOIR M;931;TS;3253634490700;1;0;1;2
832;252-DFLOWER;634157;1102614;NAVAL ACADEMY;931;TS;3253634692586;2;0;0;2
832;252-DFLOWER;613113;1102614;NOIR M;931;TM;3253634490717;0;0;2;2
832;252-DFLOWER;634140;1102614;NAVAL ACADEMY;931;TM;3253634692425;0;1;1;2
832;252-DFLOWER;613114;1102614;NOIR M;931;TL;3253634490724;1;0;0;1
832;252-DFLOWER;634158;1102614;NAVAL ACADEMY;931;TL;3253634692593;2;0;0;2
832;252-DAROD;632902;1102626;MARINE M;1104;TXS;3253634680255;2;0;0;2
832;252-DAROD;632903;1102626;MARINE M;1104;TS;3253634680262;1;0;0;1
832;252-DAROD;632849;1102626;MARINE M;1104;TM;3253634679730;2;0;0;2
832;252-DAROD;632904;1102626;MARINE M;1104;TL;3253634680279;1;1;0;2
832;251-RJOLIE;615778;1103015;MARINE M;1191;T34;3253634517131;1;0;0;1
832;251-RJOLIE;615782;1103015;MARINE M;1191;T42;3253634517179;2;0;0;2
832;251-DSARAH;615861;1103028;IVOIRE M;978;TXS;3253634517964;1;0;0;1
832;251-DSARAH;615862;1103028;IVOIRE M;978;TS;3253634517971;1;0;0;1
832;251-DSARAH;615863;1103028;IVOIRE M;978;TM;3253634517988;2;0;0;2
832;251-DSARAH;615864;1103028;IVOIRE M;978;TL;3253634517995;2;0;0;2
832;251-DROSSO;627337;1103484;MARINE M;931;TXS;3253634626185;1;0;0;1
832;251-DROSSO;627338;1103484;MARINE M;931;TS;3253634626192;2;0;0;2
832;251-DROSSO;627339;1103484;MARINE M;931;TM;3253634626208;2;0;0;2
832;251-DROSSO;627340;1103484;MARINE M;931;TL;3253634626215;2;0;0;2
832;251-DALIKA;619301;1103498;OFF WHITE M;931;TXS;3253634551593;2;0;0;2
832;251-DALIKA;619303;1103498;OFF WHITE M;931;TM;3253634551616;1;1;0;2
832;251-DALIKA;619304;1103498;OFF WHITE M;931;TL;3253634551623;2;0;0;2
832;251-DALIKA;619305;1103498;OFF WHITE M;931;TXL;3253634551630;1;0;0;1
832;261-DIANA;627357;1104721;BUTTER M;987;TXS;3253634626383;1;0;0;1
832;261-DIANA;627358;1104721;BUTTER M;987;TS;3253634626390;1;0;0;1
832;261-DIANA;627359;1104721;BUTTER M;987;TM;3253634626406;2;0;0;2
832;261-DIANA;627360;1104721;BUTTER M;987;TL;3253634626413;3;0;0;3
832;261-DAHLIA;627888;1104787;OFF WHITE M;1299;TXS;3253634631691;1;0;0;1
832;261-DAHLIA;627889;1104787;OFF WHITE M;1299;TS;3253634631707;1;0;0;1
832;261-RTILA;628358;1104847;AVENTURINE;1150;T34;3253634636399;2;0;0;2
832;261-RTILA;628359;1104847;AVENTURINE;1150;T36;3253634636405;1;0;0;1
832;261-RTILA;628360;1104847;AVENTURINE;1150;T38;3253634636412;1;0;0;1
832;261-RTILA;628361;1104847;AVENTURINE;1150;T40;3253634636429;1;0;0;1
832;261-RTILA;628362;1104847;AVENTURINE;1150;T42;3253634636436;1;0;0;1
832;261-RDADOU;628454;1104860;FIG;979;T34;3253634637358;1;0;0;1
832;261-RDADOU;628457;1104860;FIG;979;T40;3253634637389;1;0;0;1
832;261-RLUCY;628460;1104861;MAGMA M;1191;T34;3253634637419;1;0;0;1
832;261-RLUCY;628461;1104861;MAGMA M;1191;T36;3253634637426;2;0;0;2
832;261-RLUCY;628462;1104861;MAGMA M;1191;T38;3253634637433;3;0;0;3
832;261-RMARIUS;628564;1104872;BUTTER M;1191;TS;3253634638454;1;0;0;1
832;261-RMARIUS;628566;1104872;BUTTER M;1191;TL;3253634638478;1;0;0;1
832;261-DIVALI;632906;1105668;MYRTILLE M;1204;TXS;3253634680293;2;0;0;2
832;261-DIVALI;632847;1105668;MYRTILLE M;1204;TM;3253634679716;1;0;0;1
832;261-DIVALI;632908;1105668;MYRTILLE M;1204;TL;3253634680316;1;0;0;1
832;261-DTAL;632926;1105672;BUBBLE M;1166;TXS;3253634680491;1;0;0;1
832;261-DTAL;632927;1105672;BUBBLE M;1166;TS;3253634680507;1;0;0;1
832;261-DTAL;632855;1105672;BUBBLE M;1166;TM;3253634679792;1;0;0;1
832;261-DTAL;632928;1105672;BUBBLE M;1166;TL;3253634680514;1;0;0;1
832;261-DOUCE;632938;1105675;OFF WHITE M;931;TXS;3253634680613;2;0;0;2
832;261-DOUCE;632861;1105675;OFF WHITE M;931;TM;3253634679853;2;0;0;2
832;261-DOUCE;632940;1105675;OFF WHITE M;931;TL;3253634680637;1;0;0;1
832;261-DFESTON;632943;1105676;SWEET DREAMS;1199;TS;3253634680668;1;0;0;1
832;261-DNAVY;632950;1105677;MARINE/OFF WHITE;926;TXS;3253634680736;1;0;0;1
832;261-DNAVY;632951;1105677;MARINE/OFF WHITE;926;TS;3253634680743;2;0;0;2
832;261-DNAVY;632864;1105677;MARINE/OFF WHITE;926;TM;3253634679884;2;0;0;2
832;261-DNAVY;632952;1105677;MARINE/OFF WHITE;926;TL;3253634680750;1;0;0;1
832;261-DSAMIR;632969;1105679;PRAIRIE M;931;TXS;3253634680910;1;0;0;1
832;261-DSAMIR;632966;1105679;MYRTILLE M;931;TS;3253634680880;2;0;0;2
832;261-DSAMIR;632970;1105679;PRAIRIE M;931;TS;3253634680927;3;0;0;3
832;261-DSAMIR;632959;1105679;MYRTILLE M;931;TM;3253634680828;2;0;0;2
832;261-DSAMIR;632960;1105679;PRAIRIE M;931;TM;3253634680835;1;1;0;2
832;261-DSAMIR;632967;1105679;MYRTILLE M;931;TL;3253634680897;2;0;0;2
832;261-DSAMIR;632971;1105679;PRAIRIE M;931;TL;3253634680934;1;0;1;2
832;261-DROSE;632998;1105681;OFF WHITE M;931;TS;3253634681191;0;1;0;1
832;261-DROSE;632990;1105681;OFF WHITE M;931;TM;3253634681122;1;0;0;1
832;261-DROSE;632999;1105681;OFF WHITE M;931;TL;3253634681207;1;0;0;1
832;261-DRED;633001;1105682;MAGMA M;1023;TXS;3253634681221;1;0;0;1
832;261-DRED;633003;1105682;MAGMA M;1023;TL;3253634681245;1;0;0;1
832;261-MPIKA;633107;1105694;ROSEE M;1219;TS;3253634682242;0;1;1;2
832;261-MPIKA;633094;1105694;ROSEE M;1219;TM;3253634682129;1;0;1;2
832;261-MLOSI;633127;1105699;NOIR/IVOIRE;929;TS;3253634682440;1;0;0;1
832;261-MLOSI;633099;1105699;NOIR/IVOIRE;929;TM;3253634682174;1;0;0;1
832;261-MLOSI;633128;1105699;NOIR/IVOIRE;929;TL;3253634682457;1;0;0;1
832;261-RMAGO;633101;1105701;NOIR M;979;TM;3253634682198;1;0;0;1
832;261-RMAGO;633136;1105701;NOIR M;979;TL;3253634682532;1;0;0;1
832;261-DEFI;634161;1105706;BUTTER M;1199;TS;3253634692623;1;0;0;1
832;261-DEFI;634130;1105706;BUTTER M;1199;TM;3253634692326;3;0;0;3
832;261-DEFI;634162;1105706;BUTTER M;1199;TL;3253634692630;3;0;0;3
832;261-DEFI;634163;1105706;BUTTER M;1199;TXL;3253634692647;3;0;0;3
832;261-3FLEUR;633225;1105716;DORE;401;T0;3253634683362;1;0;0;1
832;261-3FLEUR;633217;1105716;DORE;401;T1;3253634683294;1;0;0;1
832;261-3FLEUR;633226;1105716;DORE;401;T2;3253634683379;1;0;0;1
832;261-RMILAN;633348;1105731;DORE;401;TXS;3253634684574;1;0;0;1
832;261-POPA;633392;1105739;NOIR M;979;T40;3253634685014;1;0;0;1
832;261-JITAMI;633484;1105757;DENIM STONE;993;T34;3253634685939;1;0;0;1
832;261-JITAMI;633485;1105757;DENIM STONE;993;T36;3253634685946;2;0;0;2
832;261-JITAMI;633274;1105757;DENIM STONE;993;T38;3253634683843;1;2;0;3
832;261-JITAMI;633486;1105757;DENIM STONE;993;T40;3253634685953;2;0;0;2
832;261-DNINO;633542;1105763;NAVAL ACADEMY;1200;TXS;3253634686509;1;0;0;1
832;261-DNINO;633543;1105763;NAVAL ACADEMY;1200;TS;3253634686516;1;0;0;1
832;261-RISSOL;633703;1105784;NAVAL ACADEMY;1023;T38;3253634688084;2;0;0;2
832;261-RISSOL;633852;1105784;NAVAL ACADEMY;1023;T40;3253634689562;1;0;0;1
832;261-OPON;633860;1105786;OFF WHITE M;931;T34;3253634689647;1;0;0;1
832;261-OPON;633861;1105786;OFF WHITE M;931;T36;3253634689654;1;0;0;1
832;261-OPON;633706;1105786;OFF WHITE M;931;T38;3253634688114;1;0;0;1
832;261-OSAJE;633896;1105793;NOIR M;979;T36;3253634690001;3;0;0;3
832;261-OSAJE;633713;1105793;NOIR M;979;T38;3253634688183;1;0;0;1
832;261-OSAJE;633897;1105793;NOIR M;979;T40;3253634690018;3;0;0;3
832;261-OSAJE;633898;1105793;NOIR M;979;T42;3253634690025;2;0;0;2
832;261-RIKOOL;633900;1105794;NAVAL ACADEMY;1200;T34;3253634690049;1;0;0;1
832;261-RIKOOL;633901;1105794;NAVAL ACADEMY;1200;T36;3253634690056;1;0;0;1
832;261-RIKOOL;633715;1105794;NAVAL ACADEMY;1200;T38;3253634688206;1;0;0;1
832;261-RIKOOL;633903;1105794;NAVAL ACADEMY;1200;T42;3253634690070;1;0;0;1
832;261-RELIF.F;633920;1105798;MULTICO;900;T34;3253634690247;1;0;0;1
832;261-RELIF.F;633921;1105798;MULTICO;900;T36;3253634690254;4;0;0;4
832;261-RELIF.F;633721;1105798;MULTICO;900;T38;3253634688268;1;0;1;2
832;261-RELIF.F;633922;1105798;MULTICO;900;T40;3253634690261;2;0;0;2
832;261-RELIF.F;633923;1105798;MULTICO;900;T42;3253634690278;2;0;0;2
832;261-RPLISSY;633930;1105800;MAGMA M;1023;T34;3253634690346;1;0;0;1
832;261-RPLISSY;633931;1105800;MAGMA M;1023;T36;3253634690353;1;0;0;1
832;261-RPLISSY;633723;1105800;MAGMA M;1023;T38;3253634688282;1;0;0;1
832;261-RPLISSY;633932;1105800;MAGMA M;1023;T40;3253634690360;1;0;0;1
832;261-RPLISSY;633933;1105800;MAGMA M;1023;T42;3253634690377;1;0;0;1
832;261-OPA;633726;1105802;NOIR M;979;T38;3253634688312;1;0;0;1
832;261-OPA;633942;1105802;NOIR M;979;T40;3253634690469;1;0;0;1
832;261-OPA;633943;1105802;NOIR M;979;T42;3253634690476;1;0;0;1
832;261-RELOW;633951;1105804;NOIR M;979;T36;3253634690551;1;0;0;1
832;261-RSOAN;633956;1105805;MULTICO;900;T36;3253634690605;3;0;0;3
832;261-RSOAN;633729;1105805;MULTICO;900;T38;3253634688343;3;0;0;3
832;261-RSOAN;633957;1105805;MULTICO;900;T40;3253634690612;2;0;0;2
832;261-RSOAN;633958;1105805;MULTICO;900;T42;3253634690629;1;0;0;1
832;261-RAYEE;633961;1105806;PALE BANANA;1144;T36;3253634690650;1;0;0;1
832;261-RAYEE;633730;1105806;PALE BANANA;1144;T38;3253634688350;1;0;0;1
832;261-RAYEE;633962;1105806;PALE BANANA;1144;T40;3253634690667;1;0;0;1
832;261-RAYEE;633963;1105806;PALE BANANA;1144;T42;3253634690674;1;0;0;1
832;261-RODIOL;633741;1105811;NOIR/IVOIRE;929;T38;3253634688466;1;0;0;1
832;261-PIBO.F;633990;1105812;NAVAL ACADEMY;1200;T34;3253634690940;1;0;0;1
832;261-PIBO.F;633991;1105812;NAVAL ACADEMY;1200;T36;3253634690957;3;0;0;3
832;261-PIBO.F;633742;1105812;NAVAL ACADEMY;1200;T38;3253634688473;1;0;0;1
832;261-PIBO.F;633993;1105812;NAVAL ACADEMY;1200;T42;3253634690971;3;0;0;3
832;261-CUBA.F;634001;1105814;MULTICO;900;T36;3253634691053;3;0;0;3
832;261-CUBA.F;633745;1105814;MULTICO;900;T38;3253634688503;4;0;0;4
832;261-CUBA.F;634002;1105814;MULTICO;900;T40;3253634691060;3;0;0;3
832;261-CUBA.F;634003;1105814;MULTICO;900;T42;3253634691077;2;0;0;2
832;261-RBELLE;634020;1105818;OFF WHITE M;931;T34;3253634691244;1;0;0;1
832;261-RBELLE;634021;1105818;OFF WHITE M;931;T36;3253634691251;1;0;1;2
832;261-RBELLE;633751;1105818;OFF WHITE M;931;T38;3253634688565;2;0;0;2
832;261-RBELLE;634022;1105818;OFF WHITE M;931;T40;3253634691268;2;0;0;2
832;261-RBELLE;634023;1105818;OFF WHITE M;931;T42;3253634691275;1;0;0;1
832;261-RDOLSOU;634035;1105821;PRAIRIE M;1213;T34;3253634691398;2;0;0;2
832;261-RDOLSOU;634036;1105821;PRAIRIE M;1213;T36;3253634691404;1;0;0;1
832;261-RDOLSOU;634037;1105821;PRAIRIE M;1213;T40;3253634691411;3;0;0;3
832;261-RDOLSOU;634038;1105821;PRAIRIE M;1213;T42;3253634691428;1;0;0;1
832;261-PBELLE;634050;1105824;NOIR M;979;T34;3253634691541;1;0;0;1
832;261-PBELLE;633760;1105824;NOIR M;979;T38;3253634688657;1;0;0;1
832;261-PBELLE;634053;1105824;NOIR M;979;T42;3253634691572;1;0;0;1
832;261-RBRUM;634061;1105826;EPICE M;1118;T36;3253634691657;1;0;0;1
832;261-RBRUM;633762;1105826;EPICE M;1118;T38;3253634688671;1;0;0;1
832;261-RBRUM;634062;1105826;EPICE M;1118;T40;3253634691664;1;0;0;1
832;261-RBRUM;634063;1105826;EPICE M;1118;T42;3253634691671;2;0;0;2
832;261-DANIELA;634168;1105832;MAGMA M;979;TXS;3253634692692;1;0;0;1
832;261-DANIELA;634169;1105832;MAGMA M;979;TS;3253634692708;1;0;0;1
832;261-DANIELA;634133;1105832;MAGMA M;979;TM;3253634692357;2;0;0;2
832;261-DANIELA;634170;1105832;MAGMA M;979;TL;3253634692715;2;0;0;2
832;261-DJOJO;638977;1105834;NOIR M;979;TXS;3253634735443;1;0;0;1
832;261-DJOJO;634184;1105834;OFF WHITE M;979;TXS;3253634692852;2;0;0;2
832;261-DJOJO;634185;1105834;OFF WHITE M;979;TS;3253634692869;2;0;0;2
832;261-DJOJO;634136;1105834;OFF WHITE M;979;TM;3253634692388;1;1;0;2
832;261-DJOJO;638979;1105834;NOIR M;979;TL;3253634735467;1;0;0;1
832;261-DJOJO;634186;1105834;OFF WHITE M;979;TL;3253634692876;1;0;0;1
832;261-DYLAN;634188;1105835;OFF WHITE M;931;TXS;3253634692890;1;0;0;1
832;261-DYLAN;634189;1105835;OFF WHITE M;931;TS;3253634692906;1;0;0;1
832;261-DYLAN;634137;1105835;OFF WHITE M;931;TM;3253634692395;0;0;1;1
832;261-DYLAN;634190;1105835;OFF WHITE M;931;TL;3253634692913;1;0;0;1
832;261-DANANA;634200;1105837;PALE BANANA;1144;TXS;3253634693019;1;0;0;1
832;261-DANANA;634201;1105837;PALE BANANA;1144;TS;3253634693026;1;0;0;1
832;261-DANANA;634142;1105837;PALE BANANA;1144;TM;3253634692449;1;0;0;1
832;261-DANANA;634202;1105837;PALE BANANA;1144;TL;3253634693033;0;1;0;1
832;261-DPALM;634213;1105840;OFF WHITE M;931;TS;3253634693149;1;0;0;1
832;261-DPALM;634214;1105840;OFF WHITE M;931;TL;3253634693156;1;0;0;1
832;261-DAMA;634220;1105842;MAGMA M;931;TXS;3253634693217;2;0;0;2
832;261-DAMA;634228;1105842;NAVAL ACADEMY;931;TXS;3253634693293;0;0;1;1
832;261-DAMA;634221;1105842;MAGMA M;931;TS;3253634693224;0;0;1;1
832;261-DAMA;634229;1105842;NAVAL ACADEMY;931;TS;3253634693309;1;0;0;1
832;261-DAMA;634148;1105842;MAGMA M;931;TM;3253634692500;3;0;0;3
832;261-DAMA;634150;1105842;NAVAL ACADEMY;931;TM;3253634692524;0;0;1;1
832;261-DAMA;634230;1105842;NAVAL ACADEMY;931;TL;3253634693316;1;0;0;1
832;252-DIDOU;640784;1106006;MARINE M;979;TS;3253634752877;2;0;0;2
832;252-DIDOU;640776;1106006;MARINE M;979;TM;3253634752808;1;0;1;2
832;252-DIDOU;640785;1106006;MARINE M;979;TL;3253634752884;1;1;0;2
832;261-RARAM.F;638681;1106507;MULTICO;900;T34;3253634732626;1;0;0;1
832;261-RARAM.F;638682;1106507;MULTICO;900;T36;3253634732633;1;0;0;1
832;261-RARAM.F;638668;1106507;MULTICO;900;T38;3253634732503;1;0;0;1
832;261-RARAM.F;638683;1106507;MULTICO;900;T40;3253634732640;1;0;0;1
832;261-RARAM.F;638684;1106507;MULTICO;900;T42;3253634732657;1;0;0;1
832;261-DJARDI;638734;1106515;MULTICO;900;TXS;3253634733128;1;0;0;1
832;261-DJARDI;638735;1106515;MULTICO;900;TS;3253634733135;3;0;0;3
832;261-DJARDI;638715;1106515;MULTICO;900;TM;3253634732947;2;0;0;2
832;261-DJARDI;638736;1106515;MULTICO;900;TL;3253634733142;2;0;0;2
832;261-DJARDI;638737;1106515;MULTICO;900;TXL;3253634733159;1;0;0;1
832;261-DBABY;638797;1106523;NOIR M;979;TXS;3253634733739;0;1;0;1
832;261-DBABY;638798;1106523;NOIR M;979;TS;3253634733746;1;0;0;1
832;261-DBABY;638785;1106523;NOIR M;979;TM;3253634733623;0;1;0;1
832;261-DBABY;638799;1106523;NOIR M;979;TL;3253634733753;1;0;0;1
832;261-ROSET.F;638904;1106536;MULTICO;900;T34;3253634734736;1;0;0;1
832;261-ROSET.F;638905;1106536;MULTICO;900;T36;3253634734743;1;0;0;1
832;261-ROSET.F;638889;1106536;MULTICO;900;T38;3253634734590;0;1;0;1
832;261-ROSET.F;638906;1106536;MULTICO;900;T40;3253634734750;1;0;0;1
832;261-ROSET.F;638907;1106536;MULTICO;900;T42;3253634734767;1;0;0;1
832;261-DGUAPA;640292;1106690;OFF WHITE M;931;TXS;3253634748313;1;0;0;1
832;261-DGUAPA;640286;1106690;OFF WHITE M;931;TM;3253634748269;2;0;0;2
832;261-DGUAPA;640294;1106690;OFF WHITE M;931;TL;3253634748337;2;0;0;2
832;261-DCIAO;640792;1106739;MYRTILLE M;1204;TM;3253634752952;2;0;0;2
832;261-DCIAO;640804;1106739;MYRTILLE M;1204;TL;3253634753065;2;0;0;2
832;261-DWONDER;640810;1106741;OFF WHITE M;931;TXS;3253634753126;1;0;0;1
832;261-DWONDER;640811;1106741;OFF WHITE M;931;TS;3253634753133;2;1;0;3
832;261-DWONDER;640794;1106741;OFF WHITE M;931;TM;3253634752976;2;0;0;2
832;261-DWONDER;640812;1106741;OFF WHITE M;931;TL;3253634753140;1;0;1;2
832;261-DIYUKI;640814;1106742;IVOIRE/NOIR;928;TXS;3253634753164;1;0;0;1
832;261-DIYUKI;640815;1106742;IVOIRE/NOIR;928;TS;3253634753171;0;0;2;2
832;261-DIYUKI;640795;1106742;IVOIRE/NOIR;928;TM;3253634752983;2;0;0;2
832;261-DIYUKI;640816;1106742;IVOIRE/NOIR;928;TL;3253634753188;0;0;1;1
832;261-DIDOU1;640829;1106745;OFF WHITE M;931;TXS;3253634753300;1;0;0;1
832;261-DIDOU1;640823;1106745;OFF WHITE M;931;TM;3253634753256;1;0;0;1
832;261-DIDOU1;640831;1106745;OFF WHITE M;931;TL;3253634753324;1;0;0;1
832;261-DCAROLE;641368;1106837;MARINE/OFF WHITE;926;TXS;3253634758633;1;0;0;1
832;261-DCAROLE;641369;1106837;MARINE/OFF WHITE;926;TS;3253634758640;2;0;0;2
832;261-DCAROLE;641358;1106837;MARINE/OFF WHITE;926;TM;3253634758541;2;0;0;2
832;261-DCAROLE;641370;1106837;MARINE/OFF WHITE;926;TL;3253634758657;1;0;0;1
832;261-DARIA;641634;1106896;NOIR M;979;TS;3253634761244;2;0;0;2
832;261-DARIA;641587;1106896;NOIR M;979;TM;3253634760780;2;0;0;2
832;261-DARIA;641635;1106896;NOIR M;979;TL;3253634761251;2;0;0;2
832;261-ROCHI;641766;1106919;MARINE M;987;T34;3253634762531;1;0;0;1
832;261-ROCHI;641767;1106919;MARINE M;987;T36;3253634762548;1;0;0;1
832;261-ROCHI;641763;1106919;MARINE M;987;T38;3253634762517;1;0;0;1
832;261-ROCHI;641768;1106919;MARINE M;987;T40;3253634762555;1;0;0;1
832;261-ROCHI;641769;1106919;MARINE M;987;T42;3253634762562;1;0;0;1
832;261-DOMIO;641771;1106920;OFF WHITE M;931;TXS;3253634762586;1;0;0;1
832;261-DOMIO;641772;1106920;OFF WHITE M;931;TS;3253634762593;1;0;1;2
832;261-DOMIO;641764;1106920;OFF WHITE M;931;TM;3253634762524;2;0;0;2
832;261-DOMIO;641773;1106920;OFF WHITE M;931;TL;3253634762609;1;0;1;2
832;261-DESLE;642349;1107038;MULTICO;900;TXS;3253634768304;1;0;0;1
832;261-DESLE;642350;1107038;MULTICO;900;TS;3253634768311;2;0;0;2
832;261-DESLE;642347;1107038;MULTICO;900;TM;3253634768298;1;1;0;2
832;261-DESLE;642351;1107038;MULTICO;900;TL;3253634768328;1;1;0;2
832;261-DOOTHY;643535;1107198;NOIR M;979;TXS;3253634779829;1;0;0;1
832;261-DOOTHY;643536;1107198;NOIR M;979;TS;3253634779836;2;0;0;2
832;261-DOOTHY;643533;1107198;NOIR M;979;TM;3253634779812;2;0;0;2
832;261-DOOTHY;643537;1107198;NOIR M;979;TL;3253634779843;2;0;0;2
832;261-DHIVAL;643679;1107215;MARINE M;931;TXS;3253634781181;1;0;0;1
832;261-DHIVAL;643680;1107215;MARINE M;931;TS;3253634781198;1;0;0;1
832;261-DHIVAL;643673;1107215;MARINE M;931;TM;3253634781136;2;0;0;2
832;261-DHIVAL;643681;1107215;MARINE M;931;TL;3253634781204;1;0;0;1
832;261-RSAMYA;643875;1107233;NOIR;979;T34;3253634783055;1;0;0;1
832;261-RSAMYA;643880;1107233;WHITE SMOKE;979;T34;3253634783109;0;0;1;1
832;261-RSAMYA;643876;1107233;NOIR;979;T36;3253634783062;2;0;0;2
832;261-RSAMYA;643881;1107233;WHITE SMOKE;979;T36;3253634783116;1;0;0;1
832;261-RSAMYA;643871;1107233;NOIR;979;T38;3253634783024;2;0;0;2
832;261-RSAMYA;643872;1107233;WHITE SMOKE;979;T38;3253634783031;1;0;0;1
832;261-RSAMYA;643877;1107233;NOIR;979;T40;3253634783079;2;0;0;2
832;261-RSAMYA;643878;1107233;NOIR;979;T42;3253634783086;2;0;0;2
832;261-DECLIC;644045;1107271;OFF WHITE M;931;TXS;3253634784694;1;0;0;1
832;261-DECLIC;644046;1107271;OFF WHITE M;931;TS;3253634784700;2;0;0;2
832;261-DECLIC;644042;1107271;OFF WHITE M;931;TM;3253634784670;2;0;0;2
832;261-DECLIC;644047;1107271;OFF WHITE M;931;TL;3253634784717;2;0;0;2
840;211-PROSY.F;493644;85001;IVOIRE;100;T34;3253633418606;1;0;0;1
840;211-PROSY.F;493645;85001;IVOIRE;100;T36;3253633418613;2;0;0;2
840;211-PROSY.F;493646;85001;IVOIRE;100;T38;3253633418620;2;0;0;2
840;211-PROSY.F;493647;85001;IVOIRE;100;T40;3253633418637;2;0;0;2
840;211-PROSY.F;493648;85001;IVOIRE;100;T42;3253633418644;1;0;0;1
840;231-DATE;632871;93923;SWEET DREAMS;201;TS;3253634679945;1;0;0;1
840;231-DATE;632865;93923;SWEET DREAMS;201;TM;3253634679891;1;0;0;1
840;241-ROSVAL;628166;97093;BLUE DEPTHS;979;T34;3253634634470;1;0;0;1
840;241-ROSVAL;628167;97093;BLUE DEPTHS;979;T36;3253634634487;1;0;0;1
840;241-ROSVAL;628168;97093;BLUE DEPTHS;979;T38;3253634634494;3;0;0;3
840;241-ROSVAL;628169;97093;BLUE DEPTHS;979;T40;3253634634500;1;0;0;1
840;241-ROSVAL;628170;97093;BLUE DEPTHS;979;T42;3253634634517;1;0;0;1
840;241-DAGA;632875;98032;PALE BANANA;508;TS;3253634679983;1;0;0;1
840;241-MELAN;633078;98061;MYRTILLE M;1204;TXS;3253634681962;2;0;0;2
840;241-MELAN;633079;98061;MYRTILLE M;1204;TS;3253634681979;2;0;1;3
840;241-MELAN;633076;98061;MYRTILLE M;1204;TM;3253634681955;2;0;0;2
840;241-MELAN;633080;98061;MYRTILLE M;1204;TL;3253634681986;1;0;0;1
840;241-OROOVE;633780;98443;NAVAL ACADEMY;1288;T34;3253634688848;1;0;0;1
840;241-OROOVE;633781;98443;NAVAL ACADEMY;1288;T36;3253634688855;1;0;0;1
840;242-OLAFI;613909;98945;IVOIRE M;1293;T34;3253634498669;1;0;0;1
840;242-OLAFI;613912;98945;IVOIRE M;1293;T40;3253634498690;3;0;0;3
840;242-OLAFI;613913;98945;IVOIRE M;1293;T42;3253634498706;1;0;0;1
840;241-ROSLI;633800;99078;MAGMA M;314;T34;3253634689043;1;0;0;1
840;241-ROSLI;633805;99078;PALE BANANA;314;T34;3253634689098;1;0;0;1
840;241-ROSLI;633801;99078;MAGMA M;314;T36;3253634689050;2;0;0;2
840;241-ROSLI;633737;99078;MAGMA M;314;T38;3253634688428;2;0;0;2
840;241-ROSLI;633738;99078;PALE BANANA;314;T38;3253634688435;1;0;0;1
840;241-ROSLI;633802;99078;MAGMA M;314;T40;3253634689067;1;0;0;1
840;241-ROSLI;633808;99078;PALE BANANA;314;T42;3253634689128;1;0;0;1
840;241-ROSLI;633803;99078;MAGMA M;314;T42;3253634689074;1;0;0;1
840;242-MUSHU;592455;99513;ECRU;201;TS;3253634297217;2;0;0;2
840;242-MUSHU;592456;99513;ECRU;201;TM;3253634297224;1;0;0;1
840;242-MUSHU;592457;99513;ECRU;201;TL;3253634297231;1;0;0;1
840;241-DEUX;594613;99913;MULTICO;900;TXS;3253634318790;1;0;0;1
840;241-DEUX;594614;99913;MULTICO;900;TS;3253634318806;2;0;0;2
840;241-DEUX;594615;99913;MULTICO;900;TM;3253634318813;1;0;0;1
840;241-DEUX;594616;99913;MULTICO;900;TL;3253634318820;5;0;0;5
840;251-DIDOA;605541;101546;IVOIRE M;988;TXS;3253634422114;2;0;0;2
840;251-DIDOA;627300;101546;CAPERS;988;TXS;3253634625812;1;0;0;1
840;251-DIDOA;627305;101546;ARGAN OIL;988;TXS;3253634625867;1;0;0;1
840;251-DIDOA;608614;101546;NOIR M;988;TS;3253634452845;1;0;0;1
840;251-DIDOA;627301;101546;CAPERS;988;TS;3253634625829;1;0;0;1
840;251-DIDOA;627306;101546;ARGAN OIL;988;TS;3253634625874;1;0;0;1
840;251-DIDOA;605542;101546;IVOIRE M;988;TS;3253634422121;3;0;0;3
840;251-DIDOA;608615;101546;NOIR M;988;TM;3253634452852;2;0;0;2
840;251-DIDOA;605543;101546;IVOIRE M;988;TM;3253634422138;2;0;0;2
840;251-DIDOA;627302;101546;CAPERS;988;TM;3253634625836;2;0;0;2
840;251-DIDOA;627307;101546;ARGAN OIL;988;TM;3253634625881;1;0;0;1
840;251-DIDOA;608616;101546;NOIR M;988;TL;3253634452869;1;0;0;1
840;251-DIDOA;627308;101546;ARGAN OIL;988;TL;3253634625898;1;0;0;1
840;251-DIDOA;605544;101546;IVOIRE M;988;TL;3253634422145;1;0;0;1
840;251-RIA;633825;1102137;NOIR M;301;T34;3253634689296;1;0;0;1
840;251-RIA;633826;1102137;NOIR M;301;T36;3253634689302;2;0;0;2
840;251-RIA;633720;1102137;NOIR M;301;T38;3253634688251;1;0;0;1
840;251-RIA;633827;1102137;NOIR M;301;T40;3253634689319;1;0;0;1
840;251-RIA;633828;1102137;NOIR M;301;T42;3253634689326;2;0;0;2
840;251-RISSAL;633830;1102139;NAVAL ACADEMY;1288;T34;3253634689340;1;0;0;1
840;251-RISSAL;633831;1102139;NAVAL ACADEMY;1288;T36;3253634689357;1;0;0;1
840;251-RISSAL;633724;1102139;NAVAL ACADEMY;1288;T38;3253634688299;2;0;0;2
840;251-RISSAL;630001;1102139;TEABERRY;1288;T38;3253634652825;1;0;0;1
840;251-RISSAL;633832;1102139;NAVAL ACADEMY;1288;T40;3253634689364;1;0;0;1
840;251-RISSAL;628253;1102139;AVENTURINE;1288;T40;3253634635347;1;0;0;1
840;251-RISSAL;633833;1102139;NAVAL ACADEMY;1288;T42;3253634689371;1;0;0;1
840;251-RISSAL;630003;1102139;TEABERRY;1288;T42;3253634652849;1;0;0;1
840;251-RISSAL;628254;1102139;AVENTURINE;1288;T42;3253634635354;1;0;0;1
840;251-DELLA;632882;1102191;NOIR M;979;TXS;3253634680057;1;0;0;1
840;251-DELLA;632883;1102191;NOIR M;979;TS;3253634680064;1;0;0;1
840;251-DELLA;610065;1102191;OFF WHITE M;979;TS;3253634466675;3;0;0;3
840;251-DELLA;610066;1102191;OFF WHITE M;979;TM;3253634466682;2;0;0;2
840;251-DELLA;610067;1102191;OFF WHITE M;979;TL;3253634466699;2;0;0;2
840;251-DALBA;634152;1102198;BUBBLE M;1166;TXS;3253634692531;2;0;0;2
840;251-DALBA;632886;1102198;OFF WHITE M;1166;TXS;3253634680095;1;0;0;1
840;251-DALBA;632887;1102198;OFF WHITE M;1166;TS;3253634680101;1;0;0;1
840;251-DALBA;634141;1102198;BUBBLE M;1166;TM;3253634692432;2;0;0;2
840;251-DALBA;632857;1102198;OFF WHITE M;1166;TM;3253634679815;2;0;0;2
840;251-DALBA;634154;1102198;BUBBLE M;1166;TL;3253634692555;2;0;0;2
840;251-DALBA;632888;1102198;OFF WHITE M;1166;TL;3253634680118;1;0;0;1
840;251-DALBA;634155;1102198;BUBBLE M;1166;TXL;3253634692562;1;0;0;1
840;251-REINE1;633835;1102222;MYRTILLE M;1204;T34;3253634689395;1;0;0;1
840;251-REINE1;633836;1102222;MYRTILLE M;1204;T36;3253634689401;1;0;0;1
840;251-REINE1;633837;1102222;MYRTILLE M;1204;T40;3253634689418;1;0;0;1
840;251-REINE1;633838;1102222;MYRTILLE M;1204;T42;3253634689425;4;0;0;4
840;252-RMARMAI;613061;1102606;HAVANE M;1105;TXS;3253634490199;1;0;0;1
840;252-RMARMAI;613063;1102606;HAVANE M;1105;TM;3253634490212;1;0;0;1
840;252-DFLOWER;634156;1102614;NAVAL ACADEMY;931;TXS;3253634692579;1;0;0;1
840;252-DFLOWER;613111;1102614;NOIR M;931;TXS;3253634490694;1;0;0;1
840;252-DFLOWER;613112;1102614;NOIR M;931;TS;3253634490700;1;0;0;1
840;252-DFLOWER;634157;1102614;NAVAL ACADEMY;931;TS;3253634692586;2;0;0;2
840;252-DFLOWER;613113;1102614;NOIR M;931;TM;3253634490717;1;0;0;1
840;252-DFLOWER;634140;1102614;NAVAL ACADEMY;931;TM;3253634692425;2;0;0;2
840;252-DFLOWER;634158;1102614;NAVAL ACADEMY;931;TL;3253634692593;0;0;1;1
840;252-DFLOWER;613114;1102614;NOIR M;931;TL;3253634490724;1;0;0;1
840;252-DAROD;632902;1102626;MARINE M;1104;TXS;3253634680255;1;0;0;1
840;252-DAROD;632903;1102626;MARINE M;1104;TS;3253634680262;1;0;0;1
840;252-DAROD;632849;1102626;MARINE M;1104;TM;3253634679730;2;0;0;2
840;252-DAROD;632904;1102626;MARINE M;1104;TL;3253634680279;2;0;0;2
840;251-RJOLIE;615778;1103015;MARINE M;1191;T34;3253634517131;1;0;0;1
840;251-RJOLIE;615780;1103015;MARINE M;1191;T38;3253634517155;1;0;0;1
840;251-RJOLIE;615781;1103015;MARINE M;1191;T40;3253634517162;1;0;0;1
840;251-DSARAH;615861;1103028;IVOIRE M;978;TXS;3253634517964;1;0;0;1
840;251-DSARAH;615862;1103028;IVOIRE M;978;TS;3253634517971;1;0;0;1
840;251-DSARAH;615863;1103028;IVOIRE M;978;TM;3253634517988;1;0;0;1
840;251-DSARAH;615864;1103028;IVOIRE M;978;TL;3253634517995;2;0;0;2
840;251-DROSSO;627337;1103484;MARINE M;931;TXS;3253634626185;1;0;0;1
840;251-DROSSO;627338;1103484;MARINE M;931;TS;3253634626192;1;0;0;1
840;251-DROSSO;627339;1103484;MARINE M;931;TM;3253634626208;1;0;0;1
840;251-DROSSO;627340;1103484;MARINE M;931;TL;3253634626215;1;0;0;1
840;251-DALIKA;619302;1103498;OFF WHITE M;931;TS;3253634551609;1;0;0;1
840;251-DALIKA;619303;1103498;OFF WHITE M;931;TM;3253634551616;2;0;0;2
840;251-DALIKA;619304;1103498;OFF WHITE M;931;TL;3253634551623;2;0;0;2
840;261-DIANA;627357;1104721;BUTTER M;987;TXS;3253634626383;1;0;0;1
840;261-DIANA;627360;1104721;BUTTER M;987;TL;3253634626413;1;0;0;1
840;261-DAHLIA;627888;1104787;OFF WHITE M;1299;TXS;3253634631691;1;0;0;1
840;261-DAHLIA;627889;1104787;OFF WHITE M;1299;TS;3253634631707;2;0;0;2
840;261-DAHLIA;627890;1104787;OFF WHITE M;1299;TM;3253634631714;2;0;0;2
840;261-DAHLIA;627891;1104787;OFF WHITE M;1299;TL;3253634631721;2;0;0;2
840;261-RTILA;628358;1104847;AVENTURINE;1150;T34;3253634636399;1;0;0;1
840;261-RTILA;628359;1104847;AVENTURINE;1150;T36;3253634636405;1;0;0;1
840;261-RTILA;628361;1104847;AVENTURINE;1150;T40;3253634636429;1;0;0;1
840;261-RDADOU;628454;1104860;FIG;979;T34;3253634637358;1;0;0;1
840;261-RDADOU;628456;1104860;FIG;979;T38;3253634637372;2;0;0;2
840;261-RLUCY;628460;1104861;MAGMA M;1191;T34;3253634637419;1;0;0;1
840;261-RLUCY;628461;1104861;MAGMA M;1191;T36;3253634637426;1;0;0;1
840;261-RLUCY;628462;1104861;MAGMA M;1191;T38;3253634637433;1;0;0;1
840;261-RLUCY;628463;1104861;MAGMA M;1191;T40;3253634637440;1;0;0;1
840;261-RLUCY;628464;1104861;MAGMA M;1191;T42;3253634637457;1;0;0;1
840;261-RMARIUS;628563;1104872;BUTTER M;1191;TXS;3253634638447;1;0;0;1
840;261-DIVALI;632906;1105668;MYRTILLE M;1204;TXS;3253634680293;1;0;0;1
840;261-DIVALI;632847;1105668;MYRTILLE M;1204;TM;3253634679716;2;0;0;2
840;261-DIVALI;632908;1105668;MYRTILLE M;1204;TL;3253634680316;2;0;0;2
840;261-DTAL;632926;1105672;BUBBLE M;1166;TXS;3253634680491;1;0;0;1
840;261-DTAL;632927;1105672;BUBBLE M;1166;TS;3253634680507;1;0;0;1
840;261-DTAL;632855;1105672;BUBBLE M;1166;TM;3253634679792;2;0;0;2
840;261-DTAL;632928;1105672;BUBBLE M;1166;TL;3253634680514;2;0;0;2
840;261-DOUCE;632939;1105675;OFF WHITE M;931;TS;3253634680620;1;0;0;1
840;261-DOUCE;632861;1105675;OFF WHITE M;931;TM;3253634679853;2;0;0;2
840;261-DFESTON;632942;1105676;SWEET DREAMS;1199;TXS;3253634680651;1;0;0;1
840;261-DFESTON;632862;1105676;SWEET DREAMS;1199;TM;3253634679860;2;0;0;2
840;261-DNAVY;632950;1105677;MARINE/OFF WHITE;926;TXS;3253634680736;1;0;0;1
840;261-DNAVY;632951;1105677;MARINE/OFF WHITE;926;TS;3253634680743;2;0;0;2
840;261-DNAVY;632864;1105677;MARINE/OFF WHITE;926;TM;3253634679884;2;0;0;2
840;261-DNAVY;632952;1105677;MARINE/OFF WHITE;926;TL;3253634680750;1;0;0;1
840;261-DSAMIR;632965;1105679;MYRTILLE M;931;TXS;3253634680873;1;0;0;1
840;261-DSAMIR;632969;1105679;PRAIRIE M;931;TXS;3253634680910;1;0;0;1
840;261-DSAMIR;632966;1105679;MYRTILLE M;931;TS;3253634680880;2;0;0;2
840;261-DSAMIR;632970;1105679;PRAIRIE M;931;TS;3253634680927;1;0;0;1
840;261-DSAMIR;632959;1105679;MYRTILLE M;931;TM;3253634680828;2;0;0;2
840;261-DSAMIR;632960;1105679;PRAIRIE M;931;TM;3253634680835;1;0;1;2
840;261-DSAMIR;632967;1105679;MYRTILLE M;931;TL;3253634680897;2;0;0;2
840;261-DSAMIR;632971;1105679;PRAIRIE M;931;TL;3253634680934;2;0;0;2
840;261-DROSE;632997;1105681;OFF WHITE M;931;TXS;3253634681184;1;0;0;1
840;261-DROSE;632998;1105681;OFF WHITE M;931;TS;3253634681191;1;0;0;1
840;261-DROSE;632990;1105681;OFF WHITE M;931;TM;3253634681122;1;0;0;1
840;261-DROSE;632999;1105681;OFF WHITE M;931;TL;3253634681207;1;0;0;1
840;261-DRED;633001;1105682;MAGMA M;1023;TXS;3253634681221;1;0;0;1
840;261-DRED;633002;1105682;MAGMA M;1023;TS;3253634681238;2;0;0;2
840;261-DRED;632991;1105682;MAGMA M;1023;TM;3253634681139;2;0;0;2
840;261-DRED;633003;1105682;MAGMA M;1023;TL;3253634681245;2;0;0;2
840;261-MPIKA;633106;1105694;ROSEE M;1219;TXS;3253634682235;1;0;0;1
840;261-MPIKA;633107;1105694;ROSEE M;1219;TS;3253634682242;2;0;0;2
840;261-MPIKA;633094;1105694;ROSEE M;1219;TM;3253634682129;2;0;0;2
840;261-MPIKA;633108;1105694;ROSEE M;1219;TL;3253634682259;1;0;0;1
840;261-MLOSI;633126;1105699;NOIR/IVOIRE;929;TXS;3253634682433;1;0;0;1
840;261-MLOSI;633127;1105699;NOIR/IVOIRE;929;TS;3253634682440;1;0;0;1
840;261-MLOSI;633099;1105699;NOIR/IVOIRE;929;TM;3253634682174;1;0;0;1
840;261-RMAGO;633134;1105701;NOIR M;979;TXS;3253634682518;1;0;0;1
840;261-RMAGO;633135;1105701;NOIR M;979;TS;3253634682525;1;0;0;1
840;261-RMAGO;633101;1105701;NOIR M;979;TM;3253634682198;1;0;0;1
840;261-DEFI;634160;1105706;BUTTER M;1199;TXS;3253634692616;1;0;0;1
840;261-DEFI;634161;1105706;BUTTER M;1199;TS;3253634692623;2;0;0;2
840;261-DEFI;634130;1105706;BUTTER M;1199;TM;3253634692326;2;0;0;2
840;261-3FLEUR;633217;1105716;DORE;401;T1;3253634683294;1;0;0;1
840;261-RMILAN;633348;1105731;DORE;401;TXS;3253634684574;1;0;0;1
840;261-RMILAN;633349;1105731;DORE;401;TS;3253634684581;1;0;0;1
840;261-RMILAN;633350;1105731;DORE;401;TL;3253634684598;2;0;0;2
840;261-POPA;633390;1105739;NOIR M;979;T34;3253634684994;1;0;0;1
840;261-JITAMI;633484;1105757;DENIM STONE;993;T34;3253634685939;1;0;0;1
840;261-JITAMI;633485;1105757;DENIM STONE;993;T36;3253634685946;1;0;0;1
840;261-JITAMI;633274;1105757;DENIM STONE;993;T38;3253634683843;1;0;0;1
840;261-JITAMI;633486;1105757;DENIM STONE;993;T40;3253634685953;1;0;0;1
840;261-JITAMI;633487;1105757;DENIM STONE;993;T42;3253634685960;1;0;0;1
840;261-DNINO;633542;1105763;NAVAL ACADEMY;1200;TXS;3253634686509;1;0;0;1
840;261-DNINO;633543;1105763;NAVAL ACADEMY;1200;TS;3253634686516;1;0;0;1
840;261-DNINO;633509;1105763;NAVAL ACADEMY;1200;TM;3253634686189;1;0;0;1
840;261-DNINO;633544;1105763;NAVAL ACADEMY;1200;TL;3253634686523;1;0;0;1
840;261-RISSOL;633850;1105784;NAVAL ACADEMY;1023;T34;3253634689548;1;0;0;1
840;261-RISSOL;633853;1105784;NAVAL ACADEMY;1023;T42;3253634689579;1;0;0;1
840;261-OPON;633860;1105786;OFF WHITE M;931;T34;3253634689647;1;0;0;1
840;261-OPON;633706;1105786;OFF WHITE M;931;T38;3253634688114;1;0;0;1
840;261-OPON;633862;1105786;OFF WHITE M;931;T40;3253634689661;1;0;0;1
840;261-OSAJE;633896;1105793;NOIR M;979;T36;3253634690001;1;0;0;1
840;261-OSAJE;633897;1105793;NOIR M;979;T40;3253634690018;2;0;0;2
840;261-RIKOOL;633900;1105794;NAVAL ACADEMY;1200;T34;3253634690049;1;0;0;1
840;261-RIKOOL;633901;1105794;NAVAL ACADEMY;1200;T36;3253634690056;2;0;0;2
840;261-RIKOOL;633902;1105794;NAVAL ACADEMY;1200;T40;3253634690063;1;0;0;1
840;261-RIKOOL;633903;1105794;NAVAL ACADEMY;1200;T42;3253634690070;2;0;0;2
840;261-RELIF.F;633920;1105798;MULTICO;900;T34;3253634690247;1;0;0;1
840;261-RELIF.F;633921;1105798;MULTICO;900;T36;3253634690254;3;0;0;3
840;261-RELIF.F;633721;1105798;MULTICO;900;T38;3253634688268;2;0;0;2
840;261-RELIF.F;633922;1105798;MULTICO;900;T40;3253634690261;1;0;0;1
840;261-RELIF.F;633923;1105798;MULTICO;900;T42;3253634690278;3;0;0;3
840;261-RPLISSY;633930;1105800;MAGMA M;1023;T34;3253634690346;1;0;0;1
840;261-RPLISSY;633931;1105800;MAGMA M;1023;T36;3253634690353;1;0;0;1
840;261-RPLISSY;633723;1105800;MAGMA M;1023;T38;3253634688282;1;0;0;1
840;261-RPLISSY;633932;1105800;MAGMA M;1023;T40;3253634690360;1;0;0;1
840;261-OPA;633940;1105802;NOIR M;979;T34;3253634690445;1;0;0;1
840;261-OPA;633941;1105802;NOIR M;979;T36;3253634690452;1;0;0;1
840;261-OPA;633726;1105802;NOIR M;979;T38;3253634688312;1;0;0;1
840;261-RELOW;633953;1105804;NOIR M;979;T42;3253634690575;1;0;0;1
840;261-RSOAN;633729;1105805;MULTICO;900;T38;3253634688343;1;0;0;1
840;261-RSOAN;633958;1105805;MULTICO;900;T42;3253634690629;1;0;0;1
840;261-RAYEE;633961;1105806;PALE BANANA;1144;T36;3253634690650;1;0;0;1
840;261-RAYEE;633962;1105806;PALE BANANA;1144;T40;3253634690667;1;0;0;1
840;261-RAYEE;633963;1105806;PALE BANANA;1144;T42;3253634690674;1;0;0;1
840;261-RODIOL;633985;1105811;NOIR/IVOIRE;929;T34;3253634690896;1;0;0;1
840;261-RODIOL;633741;1105811;NOIR/IVOIRE;929;T38;3253634688466;0;0;1;1
840;261-RODIOL;633987;1105811;NOIR/IVOIRE;929;T40;3253634690919;1;0;0;1
840;261-RODIOL;633988;1105811;NOIR/IVOIRE;929;T42;3253634690926;2;0;0;2
840;261-PIBO.F;633990;1105812;NAVAL ACADEMY;1200;T34;3253634690940;1;0;0;1
840;261-PIBO.F;633742;1105812;NAVAL ACADEMY;1200;T38;3253634688473;1;0;0;1
840;261-PIBO.F;633993;1105812;NAVAL ACADEMY;1200;T42;3253634690971;1;0;0;1
840;261-CUBA.F;634000;1105814;MULTICO;900;T34;3253634691046;1;0;0;1
840;261-CUBA.F;634001;1105814;MULTICO;900;T36;3253634691053;1;0;0;1
840;261-CUBA.F;633745;1105814;MULTICO;900;T38;3253634688503;2;0;0;2
840;261-CUBA.F;634002;1105814;MULTICO;900;T40;3253634691060;1;0;0;1
840;261-RBELLE;634021;1105818;OFF WHITE M;931;T36;3253634691251;1;0;0;1
840;261-RBELLE;633751;1105818;OFF WHITE M;931;T38;3253634688565;2;0;0;2
840;261-RBELLE;634023;1105818;OFF WHITE M;931;T42;3253634691275;1;0;0;1
840;261-RDOLSOU;634035;1105821;PRAIRIE M;1213;T34;3253634691398;1;0;0;1
840;261-RDOLSOU;634036;1105821;PRAIRIE M;1213;T36;3253634691404;1;0;0;1
840;261-RDOLSOU;633757;1105821;PRAIRIE M;1213;T38;3253634688626;1;0;0;1
840;261-PBELLE;634050;1105824;NOIR M;979;T34;3253634691541;1;0;0;1
840;261-PBELLE;634051;1105824;NOIR M;979;T36;3253634691558;1;0;0;1
840;261-RDALA.F;634055;1105825;MULTICO;900;T34;3253634691596;1;0;0;1
840;261-RDALA.F;634056;1105825;MULTICO;900;T36;3253634691602;1;0;0;1
840;261-RDALA.F;633761;1105825;MULTICO;900;T38;3253634688664;1;0;0;1
840;261-RDALA.F;634057;1105825;MULTICO;900;T40;3253634691619;1;0;0;1
840;261-RBRUM;634060;1105826;EPICE M;1118;T34;3253634691640;1;0;0;1
840;261-RBRUM;633762;1105826;EPICE M;1118;T38;3253634688671;3;0;0;3
840;261-RBRUM;634062;1105826;EPICE M;1118;T40;3253634691664;1;0;0;1
840;261-RBRUM;634063;1105826;EPICE M;1118;T42;3253634691671;1;0;0;1
840;261-DANIELA;634168;1105832;MAGMA M;979;TXS;3253634692692;1;0;0;1
840;261-DANIELA;634133;1105832;MAGMA M;979;TM;3253634692357;1;0;0;1
840;261-DANIELA;634170;1105832;MAGMA M;979;TL;3253634692715;1;0;0;1
840;261-DJOJO;638977;1105834;NOIR M;979;TXS;3253634735443;1;0;0;1
840;261-DJOJO;638978;1105834;NOIR M;979;TS;3253634735450;1;0;0;1
840;261-DJOJO;634185;1105834;OFF WHITE M;979;TS;3253634692869;1;0;0;1
840;261-DJOJO;634136;1105834;OFF WHITE M;979;TM;3253634692388;1;0;0;1
840;261-DJOJO;634186;1105834;OFF WHITE M;979;TL;3253634692876;1;0;0;1
840;261-DYLAN;634188;1105835;OFF WHITE M;931;TXS;3253634692890;1;0;0;1
840;261-DYLAN;634189;1105835;OFF WHITE M;931;TS;3253634692906;2;0;0;2
840;261-DYLAN;634190;1105835;OFF WHITE M;931;TL;3253634692913;0;0;1;1
840;261-DANANA;634200;1105837;PALE BANANA;1144;TXS;3253634693019;1;0;0;1
840;261-DANANA;634201;1105837;PALE BANANA;1144;TS;3253634693026;1;0;0;1
840;261-DANANA;634142;1105837;PALE BANANA;1144;TM;3253634692449;1;0;0;1
840;261-DANANA;634202;1105837;PALE BANANA;1144;TL;3253634693033;1;0;0;1
840;261-DPALM;634212;1105840;OFF WHITE M;931;TXS;3253634693132;1;0;0;1
840;261-DPALM;634213;1105840;OFF WHITE M;931;TS;3253634693149;1;0;0;1
840;261-DPALM;634214;1105840;OFF WHITE M;931;TL;3253634693156;1;0;0;1
840;261-DAMA;634220;1105842;MAGMA M;931;TXS;3253634693217;1;0;0;1
840;261-DAMA;634221;1105842;MAGMA M;931;TS;3253634693224;2;0;0;2
840;261-DAMA;634229;1105842;NAVAL ACADEMY;931;TS;3253634693309;2;0;0;2
840;261-DAMA;634148;1105842;MAGMA M;931;TM;3253634692500;2;0;0;2
840;261-DAMA;634150;1105842;NAVAL ACADEMY;931;TM;3253634692524;1;0;0;1
840;261-DAMA;634230;1105842;NAVAL ACADEMY;931;TL;3253634693316;2;0;0;2
840;261-DAMA;634222;1105842;MAGMA M;931;TL;3253634693231;1;0;0;1
840;252-DIDOU;640783;1106006;MARINE M;979;TXS;3253634752860;1;0;0;1
840;252-DIDOU;640784;1106006;MARINE M;979;TS;3253634752877;1;0;1;2
840;252-DIDOU;640776;1106006;MARINE M;979;TM;3253634752808;1;0;1;2
840;252-DIDOU;640785;1106006;MARINE M;979;TL;3253634752884;1;0;0;1
840;261-RARAM.F;638681;1106507;MULTICO;900;T34;3253634732626;1;0;0;1
840;261-RARAM.F;638682;1106507;MULTICO;900;T36;3253634732633;1;0;0;1
840;261-RARAM.F;638668;1106507;MULTICO;900;T38;3253634732503;1;0;0;1
840;261-RARAM.F;638683;1106507;MULTICO;900;T40;3253634732640;1;0;0;1
840;261-DJARDI;638734;1106515;MULTICO;900;TXS;3253634733128;1;0;0;1
840;261-DJARDI;638735;1106515;MULTICO;900;TS;3253634733135;2;0;0;2
840;261-DJARDI;638715;1106515;MULTICO;900;TM;3253634732947;3;0;0;3
840;261-DJARDI;638736;1106515;MULTICO;900;TL;3253634733142;2;0;0;2
840;261-DJARDI;638737;1106515;MULTICO;900;TXL;3253634733159;1;0;0;1
840;261-DBABY;638797;1106523;NOIR M;979;TXS;3253634733739;1;0;0;1
840;261-DBABY;638798;1106523;NOIR M;979;TS;3253634733746;1;0;0;1
840;261-DBABY;638785;1106523;NOIR M;979;TM;3253634733623;1;0;0;1
840;261-DBABY;638799;1106523;NOIR M;979;TL;3253634733753;1;0;0;1
840;261-ROSET.F;638904;1106536;MULTICO;900;T34;3253634734736;1;0;0;1
840;261-ROSET.F;638905;1106536;MULTICO;900;T36;3253634734743;1;0;0;1
840;261-ROSET.F;638889;1106536;MULTICO;900;T38;3253634734590;1;0;0;1
840;261-ROSET.F;638906;1106536;MULTICO;900;T40;3253634734750;1;0;0;1
840;261-ROSET.F;638907;1106536;MULTICO;900;T42;3253634734767;1;0;0;1
840;261-DGUAPA;640292;1106690;OFF WHITE M;931;TXS;3253634748313;1;0;0;1
840;261-DGUAPA;640293;1106690;OFF WHITE M;931;TS;3253634748320;2;0;0;2
840;261-DGUAPA;640286;1106690;OFF WHITE M;931;TM;3253634748269;2;0;0;2
840;261-DGUAPA;640294;1106690;OFF WHITE M;931;TL;3253634748337;1;0;0;1
840;261-DCIAO;640804;1106739;MYRTILLE M;1204;TL;3253634753065;1;0;0;1
840;261-DWONDER;640810;1106741;OFF WHITE M;931;TXS;3253634753126;1;0;0;1
840;261-DWONDER;640811;1106741;OFF WHITE M;931;TS;3253634753133;3;0;0;3
840;261-DWONDER;640794;1106741;OFF WHITE M;931;TM;3253634752976;1;0;0;1
840;261-DWONDER;640812;1106741;OFF WHITE M;931;TL;3253634753140;1;0;0;1
840;261-DIYUKI;640814;1106742;IVOIRE/NOIR;928;TXS;3253634753164;1;0;0;1
840;261-DIYUKI;640815;1106742;IVOIRE/NOIR;928;TS;3253634753171;1;0;1;2
840;261-DIYUKI;640795;1106742;IVOIRE/NOIR;928;TM;3253634752983;1;0;1;2
840;261-DIYUKI;640816;1106742;IVOIRE/NOIR;928;TL;3253634753188;1;0;0;1
840;261-DIDOU1;640829;1106745;OFF WHITE M;931;TXS;3253634753300;1;0;0;1
840;261-DIDOU1;640823;1106745;OFF WHITE M;931;TM;3253634753256;1;0;0;1
840;261-DIDOU1;640831;1106745;OFF WHITE M;931;TL;3253634753324;1;0;0;1
840;261-DCAROLE;641368;1106837;MARINE/OFF WHITE;926;TXS;3253634758633;1;0;0;1
840;261-DCAROLE;641369;1106837;MARINE/OFF WHITE;926;TS;3253634758640;1;0;0;1
840;261-DCAROLE;641358;1106837;MARINE/OFF WHITE;926;TM;3253634758541;1;0;0;1
840;261-DCAROLE;641370;1106837;MARINE/OFF WHITE;926;TL;3253634758657;1;0;0;1
840;261-DCAROLE;641371;1106837;MARINE/OFF WHITE;926;TXL;3253634758664;1;0;0;1
840;261-DARIA;641633;1106896;NOIR M;979;TXS;3253634761237;1;0;0;1
840;261-DARIA;641634;1106896;NOIR M;979;TS;3253634761244;1;0;0;1
840;261-DARIA;641587;1106896;NOIR M;979;TM;3253634760780;1;0;0;1
840;261-ROCHI;641766;1106919;MARINE M;987;T34;3253634762531;1;0;0;1
840;261-ROCHI;641767;1106919;MARINE M;987;T36;3253634762548;1;0;0;1
840;261-ROCHI;641763;1106919;MARINE M;987;T38;3253634762517;1;0;0;1
840;261-ROCHI;641769;1106919;MARINE M;987;T42;3253634762562;0;0;1;1
840;261-DOMIO;641772;1106920;OFF WHITE M;931;TS;3253634762593;2;0;0;2
840;261-DOMIO;641764;1106920;OFF WHITE M;931;TM;3253634762524;1;0;1;2
840;261-DESLE;642349;1107038;MULTICO;900;TXS;3253634768304;1;0;0;1
840;261-DESLE;642350;1107038;MULTICO;900;TS;3253634768311;1;0;1;2
840;261-DESLE;642347;1107038;MULTICO;900;TM;3253634768298;1;0;0;1
840;261-DESLE;642351;1107038;MULTICO;900;TL;3253634768328;1;0;1;2
840;261-DESLE;642352;1107038;MULTICO;900;TXL;3253634768335;1;0;0;1
840;261-DOOTHY;643535;1107198;NOIR M;979;TXS;3253634779829;1;0;0;1
840;261-DOOTHY;643536;1107198;NOIR M;979;TS;3253634779836;1;0;0;1
840;261-DOOTHY;643533;1107198;NOIR M;979;TM;3253634779812;1;0;0;1
840;261-DHIVAL;643679;1107215;MARINE M;931;TXS;3253634781181;1;0;0;1
840;261-DHIVAL;643680;1107215;MARINE M;931;TS;3253634781198;1;0;0;1
840;261-DHIVAL;643673;1107215;MARINE M;931;TM;3253634781136;2;0;0;2
840;261-DHIVAL;643681;1107215;MARINE M;931;TL;3253634781204;1;0;0;1
840;261-RSAMYA;643880;1107233;WHITE SMOKE;979;T34;3253634783109;1;0;0;1
840;261-RSAMYA;643881;1107233;WHITE SMOKE;979;T36;3253634783116;1;0;0;1
840;261-RSAMYA;643876;1107233;NOIR;979;T36;3253634783062;1;0;0;1
840;261-RSAMYA;643872;1107233;WHITE SMOKE;979;T38;3253634783031;1;0;0;1
840;261-RSAMYA;643871;1107233;NOIR;979;T38;3253634783024;0;0;1;1
840;261-RSAMYA;643882;1107233;WHITE SMOKE;979;T40;3253634783123;2;0;0;2
840;261-RSAMYA;643878;1107233;NOIR;979;T42;3253634783086;1;0;0;1
840;261-RSAMYA;643883;1107233;WHITE SMOKE;979;T42;3253634783130;1;0;0;1
840;261-DECLIC;644045;1107271;OFF WHITE M;931;TXS;3253634784694;1;0;0;1
840;261-DECLIC;644046;1107271;OFF WHITE M;931;TS;3253634784700;1;0;0;1
840;261-DECLIC;644042;1107271;OFF WHITE M;931;TM;3253634784670;1;0;0;1
840;261-DECLIC;644047;1107271;OFF WHITE M;931;TL;3253634784717;1;0;0;1
845;211-PROSY.F;493644;85001;IVOIRE;100;T34;3253633418606;1;0;0;1
845;211-PROSY.F;493647;85001;IVOIRE;100;T40;3253633418637;1;0;0;1
845;211-PROSY.F;493648;85001;IVOIRE;100;T42;3253633418644;1;0;0;1
845;231-DATE;632870;93923;SWEET DREAMS;201;TXS;3253634679938;2;0;0;2
845;241-ROSVAL;628167;97093;BLUE DEPTHS;979;T36;3253634634487;1;0;0;1
845;241-ROSVAL;628169;97093;BLUE DEPTHS;979;T40;3253634634500;1;0;0;1
845;241-DAGA;632868;98032;PALE BANANA;508;TM;3253634679921;1;0;0;1
845;241-DAGA;632876;98032;PALE BANANA;508;TL;3253634679990;1;0;0;1
845;241-MELAN;633078;98061;MYRTILLE M;1204;TXS;3253634681962;1;0;0;1
845;241-MELAN;633079;98061;MYRTILLE M;1204;TS;3253634681979;0;0;1;1
845;241-MELAN;633076;98061;MYRTILLE M;1204;TM;3253634681955;0;0;1;1
845;241-MELAN;633080;98061;MYRTILLE M;1204;TL;3253634681986;0;0;1;1
845;241-OROOVE;633780;98443;NAVAL ACADEMY;1288;T34;3253634688848;1;0;0;1
845;241-OROOVE;633781;98443;NAVAL ACADEMY;1288;T36;3253634688855;1;0;0;1
845;241-OROOVE;633746;98443;NAVAL ACADEMY;1288;T38;3253634688510;1;0;0;1
845;241-OROOVE;633782;98443;NAVAL ACADEMY;1288;T40;3253634688862;1;0;0;1
845;242-OLAFI;613909;98945;IVOIRE M;1293;T34;3253634498669;1;0;0;1
845;242-OLAFI;613910;98945;IVOIRE M;1293;T36;3253634498676;1;0;0;1
845;242-OLAFI;613911;98945;IVOIRE M;1293;T38;3253634498683;1;0;0;1
845;242-OLAFI;613912;98945;IVOIRE M;1293;T40;3253634498690;1;0;0;1
845;241-ROSLI;633800;99078;MAGMA M;314;T34;3253634689043;1;0;0;1
845;241-ROSLI;633801;99078;MAGMA M;314;T36;3253634689050;1;0;0;1
845;241-ROSLI;633737;99078;MAGMA M;314;T38;3253634688428;1;0;0;1
845;241-ROSLI;633807;99078;PALE BANANA;314;T40;3253634689111;1;0;0;1
845;241-ROSLI;633802;99078;MAGMA M;314;T40;3253634689067;1;0;0;1
845;241-ROSLI;633803;99078;MAGMA M;314;T42;3253634689074;1;0;0;1
845;242-MUSHU;592454;99513;ECRU;201;TXS;3253634297200;1;0;0;1
845;242-MUSHU;592455;99513;ECRU;201;TS;3253634297217;1;0;0;1
845;242-MUSHU;592456;99513;ECRU;201;TM;3253634297224;1;0;0;1
845;241-DEUX;594614;99913;MULTICO;900;TS;3253634318806;1;0;0;1
845;241-DEUX;594615;99913;MULTICO;900;TM;3253634318813;1;0;0;1
845;241-DEUX;594616;99913;MULTICO;900;TL;3253634318820;1;0;0;1
845;241-DEUX;594617;99913;MULTICO;900;TXL;3253634318837;1;0;0;1
845;251-DIDOA;627305;101546;ARGAN OIL;988;TXS;3253634625867;1;0;0;1
845;251-DIDOA;608613;101546;NOIR M;988;TXS;3253634452838;1;0;0;1
845;251-DIDOA;605542;101546;IVOIRE M;988;TS;3253634422121;1;0;0;1
845;251-DIDOA;627308;101546;ARGAN OIL;988;TL;3253634625898;1;0;0;1
845;251-DIDOA;608616;101546;NOIR M;988;TL;3253634452869;1;0;0;1
845;251-DIDOA;627303;101546;CAPERS;988;TL;3253634625843;1;0;0;1
845;251-RIA;633825;1102137;NOIR M;301;T34;3253634689296;1;0;0;1
845;251-RIA;633826;1102137;NOIR M;301;T36;3253634689302;1;0;0;1
845;251-RIA;633720;1102137;NOIR M;301;T38;3253634688251;0;0;1;1
845;251-RIA;633827;1102137;NOIR M;301;T40;3253634689319;1;0;0;1
845;251-RIA;633828;1102137;NOIR M;301;T42;3253634689326;1;0;0;1
845;251-RISSAL;633830;1102139;NAVAL ACADEMY;1288;T34;3253634689340;2;0;0;2
845;251-RISSAL;630000;1102139;TEABERRY;1288;T36;3253634652818;1;0;0;1
845;251-RISSAL;633724;1102139;NAVAL ACADEMY;1288;T38;3253634688299;1;0;0;1
845;251-RISSAL;630001;1102139;TEABERRY;1288;T38;3253634652825;2;0;0;2
845;251-RISSAL;630002;1102139;TEABERRY;1288;T40;3253634652832;1;0;0;1
845;251-RISSAL;633833;1102139;NAVAL ACADEMY;1288;T42;3253634689371;1;0;0;1
845;251-DELLA;610064;1102191;OFF WHITE M;979;TXS;3253634466668;1;1;0;2
845;251-DELLA;610066;1102191;OFF WHITE M;979;TM;3253634466682;0;1;0;1
845;251-DELLA;610067;1102191;OFF WHITE M;979;TL;3253634466699;0;1;0;0
845;251-DALBA;634152;1102198;BUBBLE M;1166;TXS;3253634692531;1;0;0;1
845;251-DALBA;634153;1102198;BUBBLE M;1166;TS;3253634692548;2;0;0;2
845;251-DALBA;634141;1102198;BUBBLE M;1166;TM;3253634692432;1;0;0;1
845;251-DALBA;632857;1102198;OFF WHITE M;1166;TM;3253634679815;1;0;0;1
845;251-DALBA;632888;1102198;OFF WHITE M;1166;TL;3253634680118;1;0;0;1
845;251-REINE1;633838;1102222;MYRTILLE M;1204;T42;3253634689425;1;0;0;1
845;252-RMARMAI;613061;1102606;HAVANE M;1105;TXS;3253634490199;1;0;0;1
845;252-DFLOWER;613111;1102614;NOIR M;931;TXS;3253634490694;1;0;0;1
845;252-DFLOWER;634157;1102614;NAVAL ACADEMY;931;TS;3253634692586;1;0;0;1
845;252-DFLOWER;613113;1102614;NOIR M;931;TM;3253634490717;1;0;0;1
845;252-DFLOWER;613114;1102614;NOIR M;931;TL;3253634490724;1;0;0;1
845;252-DFLOWER;634158;1102614;NAVAL ACADEMY;931;TL;3253634692593;1;0;0;1
845;252-DAROD;632902;1102626;MARINE M;1104;TXS;3253634680255;1;0;0;1
845;251-DSARAH;615862;1103028;IVOIRE M;978;TS;3253634517971;1;0;0;1
845;251-DSARAH;615863;1103028;IVOIRE M;978;TM;3253634517988;1;0;0;1
845;251-DSARAH;615864;1103028;IVOIRE M;978;TL;3253634517995;1;0;0;1
845;251-DROSSO;627337;1103484;MARINE M;931;TXS;3253634626185;1;0;0;1
845;251-DROSSO;627339;1103484;MARINE M;931;TM;3253634626208;1;0;0;1
845;251-DROSSO;627340;1103484;MARINE M;931;TL;3253634626215;1;0;0;1
845;251-DALIKA;619301;1103498;OFF WHITE M;931;TXS;3253634551593;1;0;0;1
845;251-DALIKA;619302;1103498;OFF WHITE M;931;TS;3253634551609;1;0;0;1
845;251-DALIKA;619303;1103498;OFF WHITE M;931;TM;3253634551616;2;0;0;2
845;261-DIANA;627358;1104721;BUTTER M;987;TS;3253634626390;1;0;0;1
845;261-DAHLIA;627888;1104787;OFF WHITE M;1299;TXS;3253634631691;1;0;0;1
845;261-DAHLIA;627889;1104787;OFF WHITE M;1299;TS;3253634631707;1;0;0;1
845;261-DAHLIA;627891;1104787;OFF WHITE M;1299;TL;3253634631721;1;0;0;1
845;261-RTILA;628360;1104847;AVENTURINE;1150;T38;3253634636412;1;0;0;1
845;261-RDADOU;628457;1104860;FIG;979;T40;3253634637389;1;0;0;1
845;261-RDADOU;628458;1104860;FIG;979;T42;3253634637396;1;0;0;1
845;261-DIVALI;632847;1105668;MYRTILLE M;1204;TM;3253634679716;0;0;0;0
845;261-DTAL;632926;1105672;BUBBLE M;1166;TXS;3253634680491;1;0;0;1
845;261-DOUCE;632938;1105675;OFF WHITE M;931;TXS;3253634680613;1;0;0;1
845;261-DOUCE;632939;1105675;OFF WHITE M;931;TS;3253634680620;2;0;0;2
845;261-DFESTON;632942;1105676;SWEET DREAMS;1199;TXS;3253634680651;1;0;0;1
845;261-DSAMIR;632966;1105679;MYRTILLE M;931;TS;3253634680880;1;0;0;1
845;261-DSAMIR;632970;1105679;PRAIRIE M;931;TS;3253634680927;0;0;1;1
845;261-DSAMIR;632960;1105679;PRAIRIE M;931;TM;3253634680835;1;0;0;1
845;261-DSAMIR;632971;1105679;PRAIRIE M;931;TL;3253634680934;0;0;1;1
845;261-DROSE;632997;1105681;OFF WHITE M;931;TXS;3253634681184;1;0;0;1
845;261-DROSE;632998;1105681;OFF WHITE M;931;TS;3253634681191;1;0;0;1
845;261-DROSE;632990;1105681;OFF WHITE M;931;TM;3253634681122;1;0;0;1
845;261-DROSE;632999;1105681;OFF WHITE M;931;TL;3253634681207;1;0;0;1
845;261-DRED;633001;1105682;MAGMA M;1023;TXS;3253634681221;1;0;0;1
845;261-DRED;632991;1105682;MAGMA M;1023;TM;3253634681139;1;0;0;1
845;261-DRED;633003;1105682;MAGMA M;1023;TL;3253634681245;1;0;0;1
845;261-MPIKA;633106;1105694;ROSEE M;1219;TXS;3253634682235;1;0;0;1
845;261-MPIKA;633094;1105694;ROSEE M;1219;TM;3253634682129;1;0;0;1
845;261-MPIKA;633108;1105694;ROSEE M;1219;TL;3253634682259;1;0;0;1
845;261-MLOSI;633126;1105699;NOIR/IVOIRE;929;TXS;3253634682433;1;0;0;1
845;261-MLOSI;633127;1105699;NOIR/IVOIRE;929;TS;3253634682440;1;0;0;1
845;261-MLOSI;633099;1105699;NOIR/IVOIRE;929;TM;3253634682174;1;0;0;1
845;261-DEFI;634160;1105706;BUTTER M;1199;TXS;3253634692616;1;0;0;1
845;261-DEFI;634161;1105706;BUTTER M;1199;TS;3253634692623;1;0;0;1
845;261-DEFI;634130;1105706;BUTTER M;1199;TM;3253634692326;1;0;0;1
845;261-3FLEUR;633217;1105716;DORE;401;T1;3253634683294;1;0;0;1
845;261-3FLEUR;633226;1105716;DORE;401;T2;3253634683379;1;0;0;1
845;261-RMILAN;633349;1105731;DORE;401;TS;3253634684581;1;0;0;1
845;261-JITAMI;633485;1105757;DENIM STONE;993;T36;3253634685946;1;0;0;1
845;261-JITAMI;633274;1105757;DENIM STONE;993;T38;3253634683843;2;0;0;2
845;261-JITAMI;633486;1105757;DENIM STONE;993;T40;3253634685953;1;0;0;1
845;261-JITAMI;633487;1105757;DENIM STONE;993;T42;3253634685960;1;0;0;1
845;261-DNINO;633543;1105763;NAVAL ACADEMY;1200;TS;3253634686516;1;0;0;1
845;261-RISSOL;633852;1105784;NAVAL ACADEMY;1023;T40;3253634689562;2;0;0;2
845;261-RISSOL;633853;1105784;NAVAL ACADEMY;1023;T42;3253634689579;1;0;0;1
845;261-OPON;633860;1105786;OFF WHITE M;931;T34;3253634689647;1;0;0;1
845;261-OPON;633861;1105786;OFF WHITE M;931;T36;3253634689654;1;0;0;1
845;261-OPON;633706;1105786;OFF WHITE M;931;T38;3253634688114;1;0;0;1
845;261-OPON;633862;1105786;OFF WHITE M;931;T40;3253634689661;1;0;0;1
845;261-RIKOOL;633900;1105794;NAVAL ACADEMY;1200;T34;3253634690049;1;0;0;1
845;261-RIKOOL;633901;1105794;NAVAL ACADEMY;1200;T36;3253634690056;1;0;0;1
845;261-RIKOOL;633715;1105794;NAVAL ACADEMY;1200;T38;3253634688206;1;0;0;1
845;261-RIKOOL;633902;1105794;NAVAL ACADEMY;1200;T40;3253634690063;2;0;0;2
845;261-RIKOOL;633903;1105794;NAVAL ACADEMY;1200;T42;3253634690070;1;0;0;1
845;261-RELIF.F;633920;1105798;MULTICO;900;T34;3253634690247;1;0;0;1
845;261-RELIF.F;633921;1105798;MULTICO;900;T36;3253634690254;1;0;0;1
845;261-RELIF.F;633721;1105798;MULTICO;900;T38;3253634688268;2;0;0;2
845;261-RPLISSY;633930;1105800;MAGMA M;1023;T34;3253634690346;1;0;0;1
845;261-RPLISSY;633933;1105800;MAGMA M;1023;T42;3253634690377;1;0;0;1
845;261-OPA;633940;1105802;NOIR M;979;T34;3253634690445;1;0;0;1
845;261-OPA;633726;1105802;NOIR M;979;T38;3253634688312;1;0;0;1
845;261-RELOW;633950;1105804;NOIR M;979;T34;3253634690544;1;0;0;1
845;261-RELOW;633951;1105804;NOIR M;979;T36;3253634690551;1;0;0;1
845;261-RELOW;633728;1105804;NOIR M;979;T38;3253634688336;1;0;0;1
845;261-RELOW;633952;1105804;NOIR M;979;T40;3253634690568;1;0;0;1
845;261-RELOW;633953;1105804;NOIR M;979;T42;3253634690575;1;0;0;1
845;261-RAYEE;633963;1105806;PALE BANANA;1144;T42;3253634690674;1;0;0;1
845;261-RODIOL;633986;1105811;NOIR/IVOIRE;929;T36;3253634690902;1;0;0;1
845;261-RODIOL;633987;1105811;NOIR/IVOIRE;929;T40;3253634690919;1;0;0;1
845;261-PIBO.F;633990;1105812;NAVAL ACADEMY;1200;T34;3253634690940;1;0;0;1
845;261-PIBO.F;633991;1105812;NAVAL ACADEMY;1200;T36;3253634690957;2;0;0;2
845;261-PIBO.F;633993;1105812;NAVAL ACADEMY;1200;T42;3253634690971;1;0;0;1
845;261-CUBA.F;634001;1105814;MULTICO;900;T36;3253634691053;1;0;0;1
845;261-CUBA.F;633745;1105814;MULTICO;900;T38;3253634688503;1;0;0;1
845;261-CUBA.F;634002;1105814;MULTICO;900;T40;3253634691060;1;0;0;1
845;261-CUBA.F;634003;1105814;MULTICO;900;T42;3253634691077;1;0;0;1
845;261-RBELLE;634020;1105818;OFF WHITE M;931;T34;3253634691244;1;0;0;1
845;261-RBELLE;634021;1105818;OFF WHITE M;931;T36;3253634691251;1;0;0;1
845;261-RBELLE;633751;1105818;OFF WHITE M;931;T38;3253634688565;1;0;0;1
845;261-RBELLE;634023;1105818;OFF WHITE M;931;T42;3253634691275;1;0;0;1
845;261-RDOLSOU;634035;1105821;PRAIRIE M;1213;T34;3253634691398;1;0;0;1
845;261-PBELLE;634050;1105824;NOIR M;979;T34;3253634691541;1;0;0;1
845;261-PBELLE;634051;1105824;NOIR M;979;T36;3253634691558;1;0;0;1
845;261-PBELLE;634052;1105824;NOIR M;979;T40;3253634691565;1;0;0;1
845;261-PBELLE;634053;1105824;NOIR M;979;T42;3253634691572;2;0;0;2
845;261-RDALA.F;634055;1105825;MULTICO;900;T34;3253634691596;1;0;0;1
845;261-RDALA.F;634056;1105825;MULTICO;900;T36;3253634691602;1;0;0;1
845;261-RDALA.F;633761;1105825;MULTICO;900;T38;3253634688664;1;0;0;1
845;261-RDALA.F;634057;1105825;MULTICO;900;T40;3253634691619;1;0;0;1
845;261-RDALA.F;634058;1105825;MULTICO;900;T42;3253634691626;1;0;0;1
845;261-RBRUM;634063;1105826;EPICE M;1118;T42;3253634691671;1;0;0;1
845;261-DANIELA;634168;1105832;MAGMA M;979;TXS;3253634692692;1;0;0;1
845;261-DANIELA;634169;1105832;MAGMA M;979;TS;3253634692708;1;0;0;1
845;261-DANIELA;634133;1105832;MAGMA M;979;TM;3253634692357;1;0;0;1
845;261-DANIELA;634170;1105832;MAGMA M;979;TL;3253634692715;1;0;0;1
845;261-DJOJO;638977;1105834;NOIR M;979;TXS;3253634735443;1;0;0;1
845;261-DJOJO;634184;1105834;OFF WHITE M;979;TXS;3253634692852;1;0;0;1
845;261-DJOJO;634136;1105834;OFF WHITE M;979;TM;3253634692388;1;0;0;1
845;261-DJOJO;638979;1105834;NOIR M;979;TL;3253634735467;1;0;0;1
845;261-DJOJO;634186;1105834;OFF WHITE M;979;TL;3253634692876;1;0;0;1
845;261-DYLAN;634188;1105835;OFF WHITE M;931;TXS;3253634692890;1;0;0;1
845;261-DYLAN;634137;1105835;OFF WHITE M;931;TM;3253634692395;0;0;1;1
845;261-DYLAN;634190;1105835;OFF WHITE M;931;TL;3253634692913;0;0;1;1
845;261-DANANA;634200;1105837;PALE BANANA;1144;TXS;3253634693019;1;0;0;1
845;261-DANANA;634201;1105837;PALE BANANA;1144;TS;3253634693026;1;0;0;1
845;261-DANANA;634202;1105837;PALE BANANA;1144;TL;3253634693033;1;0;0;1
845;261-DPALM;634213;1105840;OFF WHITE M;931;TS;3253634693149;1;0;0;1
845;261-DPALM;634145;1105840;OFF WHITE M;931;TM;3253634692470;1;0;0;1
845;261-DPALM;634214;1105840;OFF WHITE M;931;TL;3253634693156;1;0;0;1
845;261-DAMA;634220;1105842;MAGMA M;931;TXS;3253634693217;1;0;0;1
845;261-DAMA;634228;1105842;NAVAL ACADEMY;931;TXS;3253634693293;1;0;0;1
845;261-DAMA;634221;1105842;MAGMA M;931;TS;3253634693224;1;0;0;1
845;261-DAMA;634229;1105842;NAVAL ACADEMY;931;TS;3253634693309;1;0;0;1
845;261-DAMA;634150;1105842;NAVAL ACADEMY;931;TM;3253634692524;1;0;0;1
845;261-DAMA;634222;1105842;MAGMA M;931;TL;3253634693231;1;0;0;1
845;252-DIDOU;640783;1106006;MARINE M;979;TXS;3253634752860;1;0;0;1
845;252-DIDOU;640784;1106006;MARINE M;979;TS;3253634752877;0;0;1;1
845;252-DIDOU;640785;1106006;MARINE M;979;TL;3253634752884;1;0;0;1
845;261-RARAM.F;638681;1106507;MULTICO;900;T34;3253634732626;1;0;0;1
845;261-RARAM.F;638682;1106507;MULTICO;900;T36;3253634732633;1;0;0;1
845;261-RARAM.F;638668;1106507;MULTICO;900;T38;3253634732503;1;0;0;1
845;261-RARAM.F;638683;1106507;MULTICO;900;T40;3253634732640;1;0;0;1
845;261-RARAM.F;638684;1106507;MULTICO;900;T42;3253634732657;1;0;0;1
845;261-DJARDI;638734;1106515;MULTICO;900;TXS;3253634733128;1;0;0;1
845;261-DJARDI;638735;1106515;MULTICO;900;TS;3253634733135;1;0;0;1
845;261-DJARDI;638715;1106515;MULTICO;900;TM;3253634732947;1;0;0;1
845;261-DJARDI;638737;1106515;MULTICO;900;TXL;3253634733159;1;0;0;1
845;261-DBABY;638797;1106523;NOIR M;979;TXS;3253634733739;1;0;0;1
845;261-DBABY;638798;1106523;NOIR M;979;TS;3253634733746;1;0;0;1
845;261-DBABY;638785;1106523;NOIR M;979;TM;3253634733623;1;0;0;1
845;261-ROSET.F;638904;1106536;MULTICO;900;T34;3253634734736;1;0;0;1
845;261-ROSET.F;638905;1106536;MULTICO;900;T36;3253634734743;1;0;0;1
845;261-ROSET.F;638889;1106536;MULTICO;900;T38;3253634734590;1;0;0;1
845;261-ROSET.F;638906;1106536;MULTICO;900;T40;3253634734750;1;0;0;1
845;261-ROSET.F;638907;1106536;MULTICO;900;T42;3253634734767;1;0;0;1
845;261-DGUAPA;640293;1106690;OFF WHITE M;931;TS;3253634748320;1;0;0;1
845;261-DGUAPA;640294;1106690;OFF WHITE M;931;TL;3253634748337;1;0;0;1
845;261-DWONDER;640794;1106741;OFF WHITE M;931;TM;3253634752976;1;0;0;1
845;261-DWONDER;640812;1106741;OFF WHITE M;931;TL;3253634753140;1;0;0;1
845;261-DIYUKI;640814;1106742;IVOIRE/NOIR;928;TXS;3253634753164;1;0;0;1
845;261-DIYUKI;640815;1106742;IVOIRE/NOIR;928;TS;3253634753171;1;0;0;1
845;261-DIYUKI;640795;1106742;IVOIRE/NOIR;928;TM;3253634752983;1;0;0;1
845;261-DIYUKI;640816;1106742;IVOIRE/NOIR;928;TL;3253634753188;1;0;0;1
845;261-DIDOU1;640829;1106745;OFF WHITE M;931;TXS;3253634753300;1;0;0;1
845;261-DCAROLE;641369;1106837;MARINE/OFF WHITE;926;TS;3253634758640;1;0;0;1
845;261-DCAROLE;641358;1106837;MARINE/OFF WHITE;926;TM;3253634758541;1;0;0;1
845;261-DCAROLE;641370;1106837;MARINE/OFF WHITE;926;TL;3253634758657;1;0;0;1
845;261-DCAROLE;641371;1106837;MARINE/OFF WHITE;926;TXL;3253634758664;1;0;0;1
845;261-DARIA;641633;1106896;NOIR M;979;TXS;3253634761237;1;0;0;1
845;261-ROCHI;641766;1106919;MARINE M;987;T34;3253634762531;1;0;0;1
845;261-ROCHI;641767;1106919;MARINE M;987;T36;3253634762548;1;0;0;1
845;261-ROCHI;641763;1106919;MARINE M;987;T38;3253634762517;1;0;0;1
845;261-ROCHI;641769;1106919;MARINE M;987;T42;3253634762562;1;0;0;1
845;261-DOMIO;641764;1106920;OFF WHITE M;931;TM;3253634762524;1;0;0;1
845;261-DOOTHY;643536;1107198;NOIR M;979;TS;3253634779836;1;0;0;1
845;261-DHIVAL;643679;1107215;MARINE M;931;TXS;3253634781181;1;0;0;1
845;261-DHIVAL;643680;1107215;MARINE M;931;TS;3253634781198;1;0;0;1
845;261-DHIVAL;643681;1107215;MARINE M;931;TL;3253634781204;1;0;0;1
845;261-RSAMYA;643880;1107233;WHITE SMOKE;979;T34;3253634783109;1;0;0;1
845;261-RSAMYA;643881;1107233;WHITE SMOKE;979;T36;3253634783116;1;0;0;1
845;261-RSAMYA;643872;1107233;WHITE SMOKE;979;T38;3253634783031;1;0;0;1
845;261-RSAMYA;643882;1107233;WHITE SMOKE;979;T40;3253634783123;1;0;0;1
845;261-RSAMYA;643883;1107233;WHITE SMOKE;979;T42;3253634783130;1;0;0;1
857;211-PROSY.F;493644;85001;IVOIRE;100;T34;3253633418606;2;0;0;2
857;211-PROSY.F;493645;85001;IVOIRE;100;T36;3253633418613;1;0;0;1
857;211-PROSY.F;493646;85001;IVOIRE;100;T38;3253633418620;3;0;0;3
857;211-PROSY.F;493647;85001;IVOIRE;100;T40;3253633418637;3;0;0;3
857;211-PROSY.F;493648;85001;IVOIRE;100;T42;3253633418644;1;0;0;1
857;231-DATE;632871;93923;SWEET DREAMS;201;TS;3253634679945;0;0;0;0
857;231-DATE;632865;93923;SWEET DREAMS;201;TM;3253634679891;1;1;0;2
857;231-DATE;632872;93923;SWEET DREAMS;201;TL;3253634679952;1;0;0;1
857;241-ROSVAL;628166;97093;BLUE DEPTHS;979;T34;3253634634470;1;0;0;1
857;241-ROSVAL;628168;97093;BLUE DEPTHS;979;T38;3253634634494;1;0;0;1
857;241-ROSVAL;628170;97093;BLUE DEPTHS;979;T42;3253634634517;1;0;0;1
857;241-DAGA;632875;98032;PALE BANANA;508;TS;3253634679983;1;0;0;1
857;241-DAGA;632876;98032;PALE BANANA;508;TL;3253634679990;1;0;0;1
857;241-MELAN;633078;98061;MYRTILLE M;1204;TXS;3253634681962;1;0;0;1
857;241-MELAN;633079;98061;MYRTILLE M;1204;TS;3253634681979;2;0;0;2
857;241-MELAN;633076;98061;MYRTILLE M;1204;TM;3253634681955;3;0;0;3
857;241-MELAN;633080;98061;MYRTILLE M;1204;TL;3253634681986;1;0;0;1
857;241-OROOVE;633780;98443;NAVAL ACADEMY;1288;T34;3253634688848;1;0;0;1
857;241-OROOVE;633781;98443;NAVAL ACADEMY;1288;T36;3253634688855;1;0;0;1
857;241-OROOVE;633746;98443;NAVAL ACADEMY;1288;T38;3253634688510;1;0;0;1
857;241-OROOVE;633782;98443;NAVAL ACADEMY;1288;T40;3253634688862;1;0;0;1
857;241-OROOVE;633783;98443;NAVAL ACADEMY;1288;T42;3253634688879;1;0;0;1
857;242-OLAFI;613909;98945;IVOIRE M;1293;T34;3253634498669;1;0;0;1
857;242-OLAFI;613911;98945;IVOIRE M;1293;T38;3253634498683;1;0;0;1
857;242-OLAFI;613912;98945;IVOIRE M;1293;T40;3253634498690;2;0;0;2
857;242-OLAFI;613913;98945;IVOIRE M;1293;T42;3253634498706;2;0;0;2
857;242-OLAFI;613914;98945;IVOIRE M;1293;T44;3253634498713;1;0;0;1
857;241-ROSLI;633800;99078;MAGMA M;314;T34;3253634689043;1;0;0;1
857;241-ROSLI;633805;99078;PALE BANANA;314;T34;3253634689098;1;0;0;1
857;241-ROSLI;633801;99078;MAGMA M;314;T36;3253634689050;0;1;0;1
857;241-ROSLI;633738;99078;PALE BANANA;314;T38;3253634688435;2;0;0;2
857;241-ROSLI;633737;99078;MAGMA M;314;T38;3253634688428;2;0;0;2
857;241-ROSLI;633802;99078;MAGMA M;314;T40;3253634689067;2;0;0;2
857;241-ROSLI;633808;99078;PALE BANANA;314;T42;3253634689128;0;0;0;0
857;241-ROSLI;633803;99078;MAGMA M;314;T42;3253634689074;1;0;0;1
857;242-MUSHU;592454;99513;ECRU;201;TXS;3253634297200;1;0;0;1
857;242-MUSHU;592455;99513;ECRU;201;TS;3253634297217;2;0;0;2
857;242-MUSHU;592456;99513;ECRU;201;TM;3253634297224;2;0;0;2
857;242-MUSHU;592457;99513;ECRU;201;TL;3253634297231;1;0;0;1
857;241-DEUX;594614;99913;MULTICO;900;TS;3253634318806;3;0;0;3
857;251-DIDOA;608613;101546;NOIR M;988;TXS;3253634452838;1;0;0;1
857;251-DIDOA;627300;101546;CAPERS;988;TXS;3253634625812;1;0;0;1
857;251-DIDOA;605541;101546;IVOIRE M;988;TXS;3253634422114;2;0;0;2
857;251-DIDOA;608614;101546;NOIR M;988;TS;3253634452845;1;0;0;1
857;251-DIDOA;605542;101546;IVOIRE M;988;TS;3253634422121;1;1;0;2
857;251-DIDOA;627302;101546;CAPERS;988;TM;3253634625836;1;0;0;1
857;251-DIDOA;627307;101546;ARGAN OIL;988;TM;3253634625881;1;0;0;1
857;251-DIDOA;608615;101546;NOIR M;988;TM;3253634452852;1;0;0;1
857;251-DIDOA;605543;101546;IVOIRE M;988;TM;3253634422138;2;0;0;2
857;251-DIDOA;605544;101546;IVOIRE M;988;TL;3253634422145;1;0;0;1
857;251-RIA;633825;1102137;NOIR M;301;T34;3253634689296;1;0;0;1
857;251-RIA;633826;1102137;NOIR M;301;T36;3253634689302;1;0;0;1
857;251-RIA;633720;1102137;NOIR M;301;T38;3253634688251;1;0;0;1
857;251-RIA;633827;1102137;NOIR M;301;T40;3253634689319;1;0;0;1
857;251-RIA;633828;1102137;NOIR M;301;T42;3253634689326;1;0;0;1
857;251-RISSAL;633830;1102139;NAVAL ACADEMY;1288;T34;3253634689340;2;0;0;2
857;251-RISSAL;630000;1102139;TEABERRY;1288;T36;3253634652818;1;0;0;1
857;251-RISSAL;633831;1102139;NAVAL ACADEMY;1288;T36;3253634689357;2;0;0;2
857;251-RISSAL;633724;1102139;NAVAL ACADEMY;1288;T38;3253634688299;2;0;0;2
857;251-RISSAL;630001;1102139;TEABERRY;1288;T38;3253634652825;1;0;0;1
857;251-RISSAL;633832;1102139;NAVAL ACADEMY;1288;T40;3253634689364;1;0;0;1
857;251-RISSAL;630002;1102139;TEABERRY;1288;T40;3253634652832;1;0;0;1
857;251-RISSAL;633833;1102139;NAVAL ACADEMY;1288;T42;3253634689371;0;0;1;1
857;251-RISSAL;630003;1102139;TEABERRY;1288;T42;3253634652849;1;0;0;1
857;251-DELLA;610064;1102191;OFF WHITE M;979;TXS;3253634466668;1;0;0;1
857;251-DELLA;632882;1102191;NOIR M;979;TXS;3253634680057;1;0;0;1
857;251-DELLA;610065;1102191;OFF WHITE M;979;TS;3253634466675;1;0;0;1
857;251-DELLA;632883;1102191;NOIR M;979;TS;3253634680064;1;0;0;1
857;251-DELLA;632856;1102191;NOIR M;979;TM;3253634679808;1;0;0;1
857;251-DELLA;610066;1102191;OFF WHITE M;979;TM;3253634466682;2;0;0;2
857;251-DELLA;610067;1102191;OFF WHITE M;979;TL;3253634466699;2;0;0;2
857;251-DELLA;632884;1102191;NOIR M;979;TL;3253634680071;1;0;0;1
857;251-DALBA;632886;1102198;OFF WHITE M;1166;TXS;3253634680095;1;0;0;1
857;251-DALBA;634152;1102198;BUBBLE M;1166;TXS;3253634692531;0;1;0;1
857;251-DALBA;632857;1102198;OFF WHITE M;1166;TM;3253634679815;2;0;0;2
857;251-DALBA;634141;1102198;BUBBLE M;1166;TM;3253634692432;2;0;0;2
857;251-REINE1;633835;1102222;MYRTILLE M;1204;T34;3253634689395;1;0;0;1
857;251-REINE1;633836;1102222;MYRTILLE M;1204;T36;3253634689401;1;0;0;1
857;251-REINE1;633756;1102222;MYRTILLE M;1204;T38;3253634688619;1;0;0;1
857;252-RMARMAI;613061;1102606;HAVANE M;1105;TXS;3253634490199;1;0;0;1
857;252-RMARMAI;613064;1102606;HAVANE M;1105;TL;3253634490229;1;0;0;1
857;252-DFLOWER;634156;1102614;NAVAL ACADEMY;931;TXS;3253634692579;1;0;0;1
857;252-DFLOWER;613111;1102614;NOIR M;931;TXS;3253634490694;1;0;0;1
857;252-DFLOWER;613112;1102614;NOIR M;931;TS;3253634490700;1;0;0;1
857;252-DFLOWER;634157;1102614;NAVAL ACADEMY;931;TS;3253634692586;0;1;0;1
857;252-DFLOWER;613113;1102614;NOIR M;931;TM;3253634490717;0;0;1;1
857;252-DFLOWER;634140;1102614;NAVAL ACADEMY;931;TM;3253634692425;2;0;0;2
857;252-DFLOWER;634158;1102614;NAVAL ACADEMY;931;TL;3253634692593;1;0;1;2
857;252-DFLOWER;613114;1102614;NOIR M;931;TL;3253634490724;1;0;1;2
857;252-DAROD;632902;1102626;MARINE M;1104;TXS;3253634680255;1;0;0;1
857;252-DAROD;632903;1102626;MARINE M;1104;TS;3253634680262;1;0;0;1
857;252-DAROD;632849;1102626;MARINE M;1104;TM;3253634679730;2;1;0;3
857;252-DAROD;632904;1102626;MARINE M;1104;TL;3253634680279;2;0;0;2
857;251-RJOLIE;615779;1103015;MARINE M;1191;T36;3253634517148;1;0;0;1
857;251-RJOLIE;615780;1103015;MARINE M;1191;T38;3253634517155;1;0;0;1
857;251-DSARAH;615861;1103028;IVOIRE M;978;TXS;3253634517964;1;0;0;1
857;251-DSARAH;615862;1103028;IVOIRE M;978;TS;3253634517971;1;0;0;1
857;251-DSARAH;615863;1103028;IVOIRE M;978;TM;3253634517988;3;0;0;3
857;251-DROSSO;627337;1103484;MARINE M;931;TXS;3253634626185;1;0;0;1
857;251-DROSSO;627338;1103484;MARINE M;931;TS;3253634626192;1;0;0;1
857;251-DROSSO;627339;1103484;MARINE M;931;TM;3253634626208;1;0;0;1
857;251-DROSSO;627340;1103484;MARINE M;931;TL;3253634626215;1;0;0;1
857;251-DALIKA;619302;1103498;OFF WHITE M;931;TS;3253634551609;1;1;0;2
857;251-DALIKA;619303;1103498;OFF WHITE M;931;TM;3253634551616;1;1;0;2
857;251-DALIKA;619304;1103498;OFF WHITE M;931;TL;3253634551623;1;0;0;1
857;261-DIANA;627357;1104721;BUTTER M;987;TXS;3253634626383;2;0;0;2
857;261-DIANA;627358;1104721;BUTTER M;987;TS;3253634626390;1;0;0;1
857;261-DAHLIA;627889;1104787;OFF WHITE M;1299;TS;3253634631707;1;0;0;1
857;261-DAHLIA;627890;1104787;OFF WHITE M;1299;TM;3253634631714;1;0;0;1
857;261-DAHLIA;627891;1104787;OFF WHITE M;1299;TL;3253634631721;0;1;0;1
857;261-DAHLIA;627892;1104787;OFF WHITE M;1299;TXL;3253634631738;1;0;0;1
857;261-RTILA;628358;1104847;AVENTURINE;1150;T34;3253634636399;1;0;0;1
857;261-RTILA;628359;1104847;AVENTURINE;1150;T36;3253634636405;1;0;0;1
857;261-RTILA;628360;1104847;AVENTURINE;1150;T38;3253634636412;1;0;0;1
857;261-RTILA;628361;1104847;AVENTURINE;1150;T40;3253634636429;1;0;0;1
857;261-RDADOU;628456;1104860;FIG;979;T38;3253634637372;2;0;0;2
857;261-RDADOU;628458;1104860;FIG;979;T42;3253634637396;1;0;0;1
857;261-RLUCY;628460;1104861;MAGMA M;1191;T34;3253634637419;1;0;0;1
857;261-RLUCY;628461;1104861;MAGMA M;1191;T36;3253634637426;1;0;0;1
857;261-RMARIUS;628563;1104872;BUTTER M;1191;TXS;3253634638447;2;0;0;2
857;261-RMARIUS;628564;1104872;BUTTER M;1191;TS;3253634638454;1;0;0;1
857;261-RMARIUS;628565;1104872;BUTTER M;1191;TM;3253634638461;1;0;0;1
857;261-RMARIUS;628566;1104872;BUTTER M;1191;TL;3253634638478;3;0;0;3
857;261-DIVALI;632906;1105668;MYRTILLE M;1204;TXS;3253634680293;1;0;0;1
857;261-DIVALI;632907;1105668;MYRTILLE M;1204;TS;3253634680309;1;0;0;1
857;261-DIVALI;632847;1105668;MYRTILLE M;1204;TM;3253634679716;2;0;0;2
857;261-DTAL;632926;1105672;BUBBLE M;1166;TXS;3253634680491;1;0;0;1
857;261-DTAL;632927;1105672;BUBBLE M;1166;TS;3253634680507;2;0;0;2
857;261-DTAL;632855;1105672;BUBBLE M;1166;TM;3253634679792;0;0;1;1
857;261-DTAL;632928;1105672;BUBBLE M;1166;TL;3253634680514;1;0;0;1
857;261-DOUCE;632939;1105675;OFF WHITE M;931;TS;3253634680620;1;0;0;1
857;261-DOUCE;632861;1105675;OFF WHITE M;931;TM;3253634679853;2;0;0;2
857;261-DOUCE;632940;1105675;OFF WHITE M;931;TL;3253634680637;2;0;0;2
857;261-DFESTON;632943;1105676;SWEET DREAMS;1199;TS;3253634680668;2;0;0;2
857;261-DFESTON;632945;1105676;SWEET DREAMS;1199;TXL;3253634680682;1;0;0;1
857;261-DNAVY;632951;1105677;MARINE/OFF WHITE;926;TS;3253634680743;2;0;0;2
857;261-DNAVY;632864;1105677;MARINE/OFF WHITE;926;TM;3253634679884;1;0;0;1
857;261-DSAMIR;632969;1105679;PRAIRIE M;931;TXS;3253634680910;1;0;0;1
857;261-DSAMIR;632970;1105679;PRAIRIE M;931;TS;3253634680927;1;1;0;2
857;261-DSAMIR;632966;1105679;MYRTILLE M;931;TS;3253634680880;1;0;0;1
857;261-DSAMIR;632959;1105679;MYRTILLE M;931;TM;3253634680828;2;0;0;2
857;261-DSAMIR;632960;1105679;PRAIRIE M;931;TM;3253634680835;0;2;0;2
857;261-DSAMIR;632971;1105679;PRAIRIE M;931;TL;3253634680934;2;0;0;2
857;261-DSAMIR;632967;1105679;MYRTILLE M;931;TL;3253634680897;1;0;0;1
857;261-DROSE;632997;1105681;OFF WHITE M;931;TXS;3253634681184;2;0;0;2
857;261-DROSE;632998;1105681;OFF WHITE M;931;TS;3253634681191;1;0;0;1
857;261-DROSE;632990;1105681;OFF WHITE M;931;TM;3253634681122;1;0;0;1
857;261-DROSE;632999;1105681;OFF WHITE M;931;TL;3253634681207;1;0;0;1
857;261-DRED;633002;1105682;MAGMA M;1023;TS;3253634681238;2;0;0;2
857;261-DRED;632991;1105682;MAGMA M;1023;TM;3253634681139;1;0;0;1
857;261-MPIKA;633106;1105694;ROSEE M;1219;TXS;3253634682235;1;0;0;1
857;261-MPIKA;633107;1105694;ROSEE M;1219;TS;3253634682242;1;1;0;2
857;261-MPIKA;633094;1105694;ROSEE M;1219;TM;3253634682129;2;0;0;2
857;261-MLOSI;633126;1105699;NOIR/IVOIRE;929;TXS;3253634682433;2;0;0;2
857;261-MLOSI;633127;1105699;NOIR/IVOIRE;929;TS;3253634682440;2;0;0;2
857;261-MLOSI;633099;1105699;NOIR/IVOIRE;929;TM;3253634682174;1;0;0;1
857;261-MLOSI;633128;1105699;NOIR/IVOIRE;929;TL;3253634682457;1;0;0;1
857;261-RMAGO;633134;1105701;NOIR M;979;TXS;3253634682518;1;0;0;1
857;261-RMAGO;633135;1105701;NOIR M;979;TS;3253634682525;2;0;0;2
857;261-DEFI;634160;1105706;BUTTER M;1199;TXS;3253634692616;1;0;0;1
857;261-DEFI;634161;1105706;BUTTER M;1199;TS;3253634692623;1;0;0;1
857;261-DEFI;634130;1105706;BUTTER M;1199;TM;3253634692326;2;0;0;2
857;261-DEFI;634162;1105706;BUTTER M;1199;TL;3253634692630;1;0;0;1
857;261-3FLEUR;633217;1105716;DORE;401;T1;3253634683294;1;0;0;1
857;261-RMILAN;633348;1105731;DORE;401;TXS;3253634684574;1;0;0;1
857;261-RMILAN;633349;1105731;DORE;401;TS;3253634684581;1;0;0;1
857;261-RMILAN;633241;1105731;DORE;401;TM;3253634683515;1;0;0;1
857;261-RMILAN;633350;1105731;DORE;401;TL;3253634684598;1;0;0;1
857;261-JITAMI;633485;1105757;DENIM STONE;993;T36;3253634685946;0;0;1;1
857;261-JITAMI;633274;1105757;DENIM STONE;993;T38;3253634683843;1;0;0;1
857;261-DNINO;633543;1105763;NAVAL ACADEMY;1200;TS;3253634686516;1;0;0;1
857;261-DNINO;633509;1105763;NAVAL ACADEMY;1200;TM;3253634686189;1;0;0;1
857;261-RISSOL;633850;1105784;NAVAL ACADEMY;1023;T34;3253634689548;1;0;0;1
857;261-RISSOL;633853;1105784;NAVAL ACADEMY;1023;T42;3253634689579;1;0;0;1
857;261-OPON;633861;1105786;OFF WHITE M;931;T36;3253634689654;1;0;0;1
857;261-OPON;633862;1105786;OFF WHITE M;931;T40;3253634689661;1;0;0;1
857;261-OSAJE;633895;1105793;NOIR M;979;T34;3253634689999;1;0;0;1
857;261-OSAJE;633896;1105793;NOIR M;979;T36;3253634690001;0;0;1;1
857;261-OSAJE;633713;1105793;NOIR M;979;T38;3253634688183;0;1;0;1
857;261-OSAJE;633897;1105793;NOIR M;979;T40;3253634690018;1;0;0;1
857;261-OSAJE;633898;1105793;NOIR M;979;T42;3253634690025;1;0;0;1
857;261-RIKOOL;633900;1105794;NAVAL ACADEMY;1200;T34;3253634690049;1;0;0;1
857;261-RIKOOL;633901;1105794;NAVAL ACADEMY;1200;T36;3253634690056;1;0;0;1
857;261-RIKOOL;633715;1105794;NAVAL ACADEMY;1200;T38;3253634688206;1;0;0;1
857;261-RIKOOL;633903;1105794;NAVAL ACADEMY;1200;T42;3253634690070;1;0;0;1
857;261-RELIF.F;633920;1105798;MULTICO;900;T34;3253634690247;0;1;0;1
857;261-RELIF.F;633921;1105798;MULTICO;900;T36;3253634690254;1;0;1;2
857;261-RELIF.F;633721;1105798;MULTICO;900;T38;3253634688268;3;0;0;3
857;261-RELIF.F;633922;1105798;MULTICO;900;T40;3253634690261;1;0;0;1
857;261-RELIF.F;633923;1105798;MULTICO;900;T42;3253634690278;1;0;0;1
857;261-RPLISSY;633930;1105800;MAGMA M;1023;T34;3253634690346;1;0;0;1
857;261-RPLISSY;633931;1105800;MAGMA M;1023;T36;3253634690353;1;0;0;1
857;261-RPLISSY;633723;1105800;MAGMA M;1023;T38;3253634688282;2;0;0;2
857;261-RPLISSY;633932;1105800;MAGMA M;1023;T40;3253634690360;3;0;0;3
857;261-RPLISSY;633933;1105800;MAGMA M;1023;T42;3253634690377;1;0;0;1
857;261-OPA;633943;1105802;NOIR M;979;T42;3253634690476;1;0;0;1
857;261-RELOW;633950;1105804;NOIR M;979;T34;3253634690544;1;0;0;1
857;261-RELOW;633951;1105804;NOIR M;979;T36;3253634690551;1;0;0;1
857;261-RELOW;633728;1105804;NOIR M;979;T38;3253634688336;1;0;0;1
857;261-RELOW;633953;1105804;NOIR M;979;T42;3253634690575;1;0;0;1
857;261-RSOAN;633729;1105805;MULTICO;900;T38;3253634688343;1;0;0;1
857;261-RSOAN;633957;1105805;MULTICO;900;T40;3253634690612;1;0;0;1
857;261-RSOAN;633958;1105805;MULTICO;900;T42;3253634690629;0;1;0;1
857;261-RAYEE;633960;1105806;PALE BANANA;1144;T34;3253634690643;2;0;0;2
857;261-RAYEE;633961;1105806;PALE BANANA;1144;T36;3253634690650;1;0;0;1
857;261-RAYEE;633962;1105806;PALE BANANA;1144;T40;3253634690667;2;0;0;2
857;261-RAYEE;633963;1105806;PALE BANANA;1144;T42;3253634690674;1;0;0;1
857;261-RODIOL;633985;1105811;NOIR/IVOIRE;929;T34;3253634690896;2;0;0;2
857;261-RODIOL;633741;1105811;NOIR/IVOIRE;929;T38;3253634688466;1;0;0;1
857;261-RODIOL;633988;1105811;NOIR/IVOIRE;929;T42;3253634690926;2;0;0;2
857;261-PIBO.F;633990;1105812;NAVAL ACADEMY;1200;T34;3253634690940;1;0;0;1
857;261-CUBA.F;634000;1105814;MULTICO;900;T34;3253634691046;1;0;0;1
857;261-CUBA.F;634001;1105814;MULTICO;900;T36;3253634691053;1;0;0;1
857;261-CUBA.F;633745;1105814;MULTICO;900;T38;3253634688503;2;0;0;2
857;261-RBELLE;634020;1105818;OFF WHITE M;931;T34;3253634691244;1;0;0;1
857;261-RBELLE;634021;1105818;OFF WHITE M;931;T36;3253634691251;2;0;0;2
857;261-RBELLE;633751;1105818;OFF WHITE M;931;T38;3253634688565;2;0;0;2
857;261-RBELLE;634022;1105818;OFF WHITE M;931;T40;3253634691268;1;0;0;1
857;261-RBELLE;634023;1105818;OFF WHITE M;931;T42;3253634691275;1;0;0;1
857;261-RDOLSOU;634035;1105821;PRAIRIE M;1213;T34;3253634691398;1;0;0;1
857;261-RDOLSOU;634036;1105821;PRAIRIE M;1213;T36;3253634691404;0;1;0;1
857;261-RDOLSOU;633757;1105821;PRAIRIE M;1213;T38;3253634688626;0;1;0;1
857;261-RDOLSOU;634037;1105821;PRAIRIE M;1213;T40;3253634691411;2;0;0;2
857;261-RDOLSOU;634038;1105821;PRAIRIE M;1213;T42;3253634691428;1;0;0;1
857;261-PBELLE;634051;1105824;NOIR M;979;T36;3253634691558;2;0;0;2
857;261-RDALA.F;634055;1105825;MULTICO;900;T34;3253634691596;1;0;0;1
857;261-RDALA.F;634056;1105825;MULTICO;900;T36;3253634691602;1;0;0;1
857;261-RDALA.F;633761;1105825;MULTICO;900;T38;3253634688664;1;0;0;1
857;261-RBRUM;634060;1105826;EPICE M;1118;T34;3253634691640;1;0;0;1
857;261-RBRUM;634061;1105826;EPICE M;1118;T36;3253634691657;1;0;0;1
857;261-RBRUM;633762;1105826;EPICE M;1118;T38;3253634688671;1;0;0;1
857;261-RBRUM;634062;1105826;EPICE M;1118;T40;3253634691664;1;0;0;1
857;261-RBRUM;634063;1105826;EPICE M;1118;T42;3253634691671;1;0;0;1
857;261-DANIELA;634168;1105832;MAGMA M;979;TXS;3253634692692;1;0;0;1
857;261-DANIELA;634169;1105832;MAGMA M;979;TS;3253634692708;0;0;1;1
857;261-DANIELA;634133;1105832;MAGMA M;979;TM;3253634692357;1;0;0;1
857;261-DANIELA;634170;1105832;MAGMA M;979;TL;3253634692715;2;0;0;2
857;261-DJOJO;638977;1105834;NOIR M;979;TXS;3253634735443;1;0;0;1
857;261-DJOJO;634184;1105834;OFF WHITE M;979;TXS;3253634692852;0;1;0;1
857;261-DJOJO;638978;1105834;NOIR M;979;TS;3253634735450;1;0;0;1
857;261-DJOJO;634185;1105834;OFF WHITE M;979;TS;3253634692869;1;0;1;2
857;261-DJOJO;634136;1105834;OFF WHITE M;979;TM;3253634692388;0;2;0;2
857;261-DJOJO;638979;1105834;NOIR M;979;TL;3253634735467;1;0;0;1
857;261-DJOJO;634186;1105834;OFF WHITE M;979;TL;3253634692876;1;0;0;1
857;261-DYLAN;634188;1105835;OFF WHITE M;931;TXS;3253634692890;1;0;0;1
857;261-DYLAN;634189;1105835;OFF WHITE M;931;TS;3253634692906;2;0;0;2
857;261-DYLAN;634137;1105835;OFF WHITE M;931;TM;3253634692395;1;0;0;1
857;261-DYLAN;634190;1105835;OFF WHITE M;931;TL;3253634692913;0;0;1;1
857;261-DANANA;634200;1105837;PALE BANANA;1144;TXS;3253634693019;1;0;0;1
857;261-DANANA;634201;1105837;PALE BANANA;1144;TS;3253634693026;1;0;0;1
857;261-DANANA;634142;1105837;PALE BANANA;1144;TM;3253634692449;1;0;0;1
857;261-DANANA;634202;1105837;PALE BANANA;1144;TL;3253634693033;0;0;1;1
857;261-DPALM;634212;1105840;OFF WHITE M;931;TXS;3253634693132;1;0;0;1
857;261-DPALM;634213;1105840;OFF WHITE M;931;TS;3253634693149;1;0;0;1
857;261-DPALM;634145;1105840;OFF WHITE M;931;TM;3253634692470;1;0;0;1
857;261-DPALM;634214;1105840;OFF WHITE M;931;TL;3253634693156;1;0;0;1
857;261-DAMA;634220;1105842;MAGMA M;931;TXS;3253634693217;1;0;0;1
857;261-DAMA;634228;1105842;NAVAL ACADEMY;931;TXS;3253634693293;1;0;0;1
857;261-DAMA;634221;1105842;MAGMA M;931;TS;3253634693224;1;0;0;1
857;261-DAMA;634229;1105842;NAVAL ACADEMY;931;TS;3253634693309;2;0;0;2
857;261-DAMA;634148;1105842;MAGMA M;931;TM;3253634692500;1;1;0;2
857;261-DAMA;634150;1105842;NAVAL ACADEMY;931;TM;3253634692524;0;1;0;1
857;261-DAMA;634230;1105842;NAVAL ACADEMY;931;TL;3253634693316;2;0;0;2
857;252-DIDOU;640784;1106006;MARINE M;979;TS;3253634752877;1;0;1;2
857;252-DIDOU;640776;1106006;MARINE M;979;TM;3253634752808;1;0;1;2
857;252-DIDOU;640785;1106006;MARINE M;979;TL;3253634752884;0;1;1;2
857;261-RARAM.F;638681;1106507;MULTICO;900;T34;3253634732626;1;0;0;1
857;261-RARAM.F;638682;1106507;MULTICO;900;T36;3253634732633;1;0;0;1
857;261-RARAM.F;638668;1106507;MULTICO;900;T38;3253634732503;1;0;0;1
857;261-RARAM.F;638683;1106507;MULTICO;900;T40;3253634732640;1;0;0;1
857;261-RARAM.F;638684;1106507;MULTICO;900;T42;3253634732657;1;0;0;1
857;261-DJARDI;638734;1106515;MULTICO;900;TXS;3253634733128;1;0;0;1
857;261-DJARDI;638735;1106515;MULTICO;900;TS;3253634733135;2;0;0;2
857;261-DJARDI;638715;1106515;MULTICO;900;TM;3253634732947;1;1;0;2
857;261-DJARDI;638736;1106515;MULTICO;900;TL;3253634733142;0;1;1;2
857;261-DJARDI;638737;1106515;MULTICO;900;TXL;3253634733159;1;0;0;1
857;261-DBABY;638797;1106523;NOIR M;979;TXS;3253634733739;0;1;0;1
857;261-DBABY;638798;1106523;NOIR M;979;TS;3253634733746;1;0;0;1
857;261-DBABY;638785;1106523;NOIR M;979;TM;3253634733623;1;0;0;1
857;261-DBABY;638799;1106523;NOIR M;979;TL;3253634733753;1;0;0;1
857;261-ROSET.F;638904;1106536;MULTICO;900;T34;3253634734736;1;0;0;1
857;261-ROSET.F;638905;1106536;MULTICO;900;T36;3253634734743;1;0;0;1
857;261-ROSET.F;638889;1106536;MULTICO;900;T38;3253634734590;1;0;0;1
857;261-ROSET.F;638906;1106536;MULTICO;900;T40;3253634734750;1;0;0;1
857;261-ROSET.F;638907;1106536;MULTICO;900;T42;3253634734767;1;0;0;1
857;261-DGUAPA;640292;1106690;OFF WHITE M;931;TXS;3253634748313;1;0;0;1
857;261-DGUAPA;640293;1106690;OFF WHITE M;931;TS;3253634748320;1;0;0;1
857;261-DGUAPA;640286;1106690;OFF WHITE M;931;TM;3253634748269;1;0;0;1
857;261-DGUAPA;640294;1106690;OFF WHITE M;931;TL;3253634748337;0;1;0;1
857;261-DCIAO;640803;1106739;MYRTILLE M;1204;TS;3253634753058;1;0;0;1
857;261-DWONDER;640810;1106741;OFF WHITE M;931;TXS;3253634753126;1;0;0;1
857;261-DWONDER;640811;1106741;OFF WHITE M;931;TS;3253634753133;2;0;0;2
857;261-DWONDER;640794;1106741;OFF WHITE M;931;TM;3253634752976;1;0;0;1
857;261-DWONDER;640812;1106741;OFF WHITE M;931;TL;3253634753140;0;1;0;1
857;261-DIYUKI;640814;1106742;IVOIRE/NOIR;928;TXS;3253634753164;1;0;0;1
857;261-DIYUKI;640815;1106742;IVOIRE/NOIR;928;TS;3253634753171;1;0;1;2
857;261-DIYUKI;640795;1106742;IVOIRE/NOIR;928;TM;3253634752983;1;0;1;2
857;261-DIYUKI;640816;1106742;IVOIRE/NOIR;928;TL;3253634753188;1;0;0;1
857;261-DIDOU1;640830;1106745;OFF WHITE M;931;TS;3253634753317;1;0;0;1
857;261-DIDOU1;640831;1106745;OFF WHITE M;931;TL;3253634753324;1;0;0;1
857;261-DCAROLE;641368;1106837;MARINE/OFF WHITE;926;TXS;3253634758633;1;0;0;1
857;261-DCAROLE;641369;1106837;MARINE/OFF WHITE;926;TS;3253634758640;0;1;0;1
857;261-DCAROLE;641358;1106837;MARINE/OFF WHITE;926;TM;3253634758541;1;0;0;1
857;261-DCAROLE;641370;1106837;MARINE/OFF WHITE;926;TL;3253634758657;1;0;0;1
857;261-DCAROLE;641371;1106837;MARINE/OFF WHITE;926;TXL;3253634758664;1;0;0;1
857;261-DARIA;641633;1106896;NOIR M;979;TXS;3253634761237;1;0;0;1
857;261-DARIA;641587;1106896;NOIR M;979;TM;3253634760780;2;0;0;2
857;261-ROCHI;641766;1106919;MARINE M;987;T34;3253634762531;1;0;0;1
857;261-ROCHI;641767;1106919;MARINE M;987;T36;3253634762548;0;1;0;1
857;261-ROCHI;641763;1106919;MARINE M;987;T38;3253634762517;1;0;0;1
857;261-ROCHI;641768;1106919;MARINE M;987;T40;3253634762555;1;0;0;1
857;261-DOMIO;641771;1106920;OFF WHITE M;931;TXS;3253634762586;1;0;0;1
857;261-DOMIO;641772;1106920;OFF WHITE M;931;TS;3253634762593;0;2;0;2
857;261-DOMIO;641764;1106920;OFF WHITE M;931;TM;3253634762524;2;0;0;2
857;261-DOMIO;641773;1106920;OFF WHITE M;931;TL;3253634762609;0;0;1;1
857;261-DESLE;642349;1107038;MULTICO;900;TXS;3253634768304;1;0;0;1
857;261-DESLE;642350;1107038;MULTICO;900;TS;3253634768311;0;1;1;2
857;261-DESLE;642347;1107038;MULTICO;900;TM;3253634768298;0;1;0;1
857;261-DESLE;642351;1107038;MULTICO;900;TL;3253634768328;0;1;1;2
857;261-DESLE;642352;1107038;MULTICO;900;TXL;3253634768335;1;0;0;1
857;261-DOOTHY;643536;1107198;NOIR M;979;TS;3253634779836;1;0;0;1
857;261-DOOTHY;643533;1107198;NOIR M;979;TM;3253634779812;1;0;0;1
857;261-DOOTHY;643537;1107198;NOIR M;979;TL;3253634779843;2;0;0;2
857;261-DOOTHY;643538;1107198;NOIR M;979;TXL;3253634779850;1;0;0;1
857;261-DHIVAL;643679;1107215;MARINE M;931;TXS;3253634781181;1;0;0;1
857;261-DHIVAL;643680;1107215;MARINE M;931;TS;3253634781198;1;0;0;1
857;261-DHIVAL;643673;1107215;MARINE M;931;TM;3253634781136;2;0;0;2
857;261-DHIVAL;643681;1107215;MARINE M;931;TL;3253634781204;1;0;0;1
857;261-RSAMYA;643875;1107233;NOIR;979;T34;3253634783055;0;1;0;1
857;261-RSAMYA;643880;1107233;WHITE SMOKE;979;T34;3253634783109;1;0;0;1
857;261-RSAMYA;643876;1107233;NOIR;979;T36;3253634783062;1;0;0;1
857;261-RSAMYA;643881;1107233;WHITE SMOKE;979;T36;3253634783116;0;0;1;1
857;261-RSAMYA;643871;1107233;NOIR;979;T38;3253634783024;2;0;0;2
857;261-RSAMYA;643872;1107233;WHITE SMOKE;979;T38;3253634783031;1;0;0;1
857;261-RSAMYA;643877;1107233;NOIR;979;T40;3253634783079;0;1;0;1
857;261-RSAMYA;643882;1107233;WHITE SMOKE;979;T40;3253634783123;1;0;0;1
857;261-RSAMYA;643878;1107233;NOIR;979;T42;3253634783086;0;1;0;1
857;261-RSAMYA;643883;1107233;WHITE SMOKE;979;T42;3253634783130;1;0;0;1
857;261-DECLIC;644045;1107271;OFF WHITE M;931;TXS;3253634784694;1;0;0;1
857;261-DECLIC;644046;1107271;OFF WHITE M;931;TS;3253634784700;0;1;0;1
857;261-DECLIC;644042;1107271;OFF WHITE M;931;TM;3253634784670;0;0;1;1
857;261-DECLIC;644047;1107271;OFF WHITE M;931;TL;3253634784717;1;0;0;1
869;211-PROSY.F;493644;85001;IVOIRE;100;T34;3253633418606;2;0;0;2
869;211-PROSY.F;493645;85001;IVOIRE;100;T36;3253633418613;1;0;0;1
869;211-PROSY.F;493646;85001;IVOIRE;100;T38;3253633418620;2;0;0;2
869;211-PROSY.F;493647;85001;IVOIRE;100;T40;3253633418637;3;0;0;3
869;211-PROSY.F;493648;85001;IVOIRE;100;T42;3253633418644;1;0;0;1
869;231-DATE;632870;93923;SWEET DREAMS;201;TXS;3253634679938;1;0;0;1
869;231-DATE;632871;93923;SWEET DREAMS;201;TS;3253634679945;1;0;0;1
869;231-DATE;632865;93923;SWEET DREAMS;201;TM;3253634679891;2;0;0;2
869;241-ROSVAL;628166;97093;BLUE DEPTHS;979;T34;3253634634470;1;0;0;1
869;241-ROSVAL;628168;97093;BLUE DEPTHS;979;T38;3253634634494;1;0;0;1
869;241-ROSVAL;628169;97093;BLUE DEPTHS;979;T40;3253634634500;1;0;0;1
869;241-ROSVAL;628170;97093;BLUE DEPTHS;979;T42;3253634634517;1;0;0;1
869;241-DAGA;632875;98032;PALE BANANA;508;TS;3253634679983;1;0;0;1
869;241-DAGA;632876;98032;PALE BANANA;508;TL;3253634679990;1;0;0;1
869;241-MELAN;633078;98061;MYRTILLE M;1204;TXS;3253634681962;2;0;0;2
869;241-MELAN;633079;98061;MYRTILLE M;1204;TS;3253634681979;1;0;0;1
869;241-MELAN;633076;98061;MYRTILLE M;1204;TM;3253634681955;2;0;0;2
869;241-MELAN;633080;98061;MYRTILLE M;1204;TL;3253634681986;1;0;0;1
869;241-OROOVE;633780;98443;NAVAL ACADEMY;1288;T34;3253634688848;1;0;0;1
869;241-OROOVE;633781;98443;NAVAL ACADEMY;1288;T36;3253634688855;0;0;1;1
869;241-OROOVE;633746;98443;NAVAL ACADEMY;1288;T38;3253634688510;1;0;0;1
869;241-OROOVE;633782;98443;NAVAL ACADEMY;1288;T40;3253634688862;1;0;0;1
869;241-OROOVE;633783;98443;NAVAL ACADEMY;1288;T42;3253634688879;2;0;0;2
869;242-OLAFI;613910;98945;IVOIRE M;1293;T36;3253634498676;1;0;0;1
869;242-OLAFI;613911;98945;IVOIRE M;1293;T38;3253634498683;1;0;0;1
869;242-OLAFI;613913;98945;IVOIRE M;1293;T42;3253634498706;2;0;0;2
869;241-ROSLI;633800;99078;MAGMA M;314;T34;3253634689043;1;0;0;1
869;241-ROSLI;633806;99078;PALE BANANA;314;T36;3253634689104;1;0;0;1
869;241-ROSLI;633801;99078;MAGMA M;314;T36;3253634689050;1;0;0;1
869;241-ROSLI;633738;99078;PALE BANANA;314;T38;3253634688435;2;0;0;2
869;241-ROSLI;633737;99078;MAGMA M;314;T38;3253634688428;2;0;0;2
869;241-ROSLI;633802;99078;MAGMA M;314;T40;3253634689067;3;0;0;3
869;241-ROSLI;633807;99078;PALE BANANA;314;T40;3253634689111;1;0;0;1
869;242-MUSHU;592454;99513;ECRU;201;TXS;3253634297200;1;0;0;1
869;242-MUSHU;592455;99513;ECRU;201;TS;3253634297217;2;0;0;2
869;242-MUSHU;592456;99513;ECRU;201;TM;3253634297224;3;0;0;3
869;242-MUSHU;592457;99513;ECRU;201;TL;3253634297231;1;0;0;1
869;241-DEUX;594613;99913;MULTICO;900;TXS;3253634318790;1;0;0;1
869;241-DEUX;594614;99913;MULTICO;900;TS;3253634318806;2;0;0;2
869;241-DEUX;594615;99913;MULTICO;900;TM;3253634318813;2;0;0;2
869;241-DEUX;594616;99913;MULTICO;900;TL;3253634318820;2;0;0;2
869;241-DEUX;594617;99913;MULTICO;900;TXL;3253634318837;1;0;0;1
869;251-DIDOA;605541;101546;IVOIRE M;988;TXS;3253634422114;2;0;0;2
869;251-DIDOA;627305;101546;ARGAN OIL;988;TXS;3253634625867;2;0;0;2
869;251-DIDOA;608613;101546;NOIR M;988;TXS;3253634452838;1;0;0;1
869;251-DIDOA;627306;101546;ARGAN OIL;988;TS;3253634625874;1;0;0;1
869;251-DIDOA;605542;101546;IVOIRE M;988;TS;3253634422121;2;0;0;2
869;251-DIDOA;627302;101546;CAPERS;988;TM;3253634625836;1;0;0;1
869;251-DIDOA;627307;101546;ARGAN OIL;988;TM;3253634625881;1;0;0;1
869;251-DIDOA;608615;101546;NOIR M;988;TM;3253634452852;1;0;0;1
869;251-DIDOA;627303;101546;CAPERS;988;TL;3253634625843;2;0;0;2
869;251-DIDOA;627308;101546;ARGAN OIL;988;TL;3253634625898;1;0;0;1
869;251-DIDOA;608616;101546;NOIR M;988;TL;3253634452869;1;0;0;1
869;251-RIA;633825;1102137;NOIR M;301;T34;3253634689296;0;0;1;1
869;251-RIA;633826;1102137;NOIR M;301;T36;3253634689302;1;0;0;1
869;251-RIA;633720;1102137;NOIR M;301;T38;3253634688251;1;0;0;1
869;251-RIA;633827;1102137;NOIR M;301;T40;3253634689319;1;0;0;1
869;251-RIA;633828;1102137;NOIR M;301;T42;3253634689326;0;0;1;1
869;251-RISSAL;633830;1102139;NAVAL ACADEMY;1288;T34;3253634689340;1;0;0;1
869;251-RISSAL;628250;1102139;AVENTURINE;1288;T34;3253634635316;1;0;0;1
869;251-RISSAL;629999;1102139;TEABERRY;1288;T34;3253634652801;1;0;0;1
869;251-RISSAL;628251;1102139;AVENTURINE;1288;T36;3253634635323;2;0;0;2
869;251-RISSAL;630001;1102139;TEABERRY;1288;T38;3253634652825;2;0;0;2
869;251-RISSAL;630002;1102139;TEABERRY;1288;T40;3253634652832;1;0;0;1
869;251-RISSAL;628253;1102139;AVENTURINE;1288;T40;3253634635347;1;0;0;1
869;251-RISSAL;633832;1102139;NAVAL ACADEMY;1288;T40;3253634689364;2;0;0;2
869;251-RISSAL;628254;1102139;AVENTURINE;1288;T42;3253634635354;1;0;0;1
869;251-RISSAL;633833;1102139;NAVAL ACADEMY;1288;T42;3253634689371;0;0;1;1
869;251-RISSAL;630003;1102139;TEABERRY;1288;T42;3253634652849;1;0;0;1
869;251-DELLA;610064;1102191;OFF WHITE M;979;TXS;3253634466668;1;0;0;1
869;251-DELLA;610065;1102191;OFF WHITE M;979;TS;3253634466675;2;0;0;2
869;251-DELLA;610066;1102191;OFF WHITE M;979;TM;3253634466682;2;0;0;2
869;251-DELLA;610067;1102191;OFF WHITE M;979;TL;3253634466699;3;0;0;3
869;251-DALBA;634152;1102198;BUBBLE M;1166;TXS;3253634692531;2;0;0;2
869;251-DALBA;632886;1102198;OFF WHITE M;1166;TXS;3253634680095;1;0;0;1
869;251-DALBA;634141;1102198;BUBBLE M;1166;TM;3253634692432;2;0;0;2
869;251-DALBA;632857;1102198;OFF WHITE M;1166;TM;3253634679815;2;0;0;2
869;251-DALBA;634154;1102198;BUBBLE M;1166;TL;3253634692555;2;0;0;2
869;251-DALBA;632888;1102198;OFF WHITE M;1166;TL;3253634680118;2;0;0;2
869;251-REINE1;633836;1102222;MYRTILLE M;1204;T36;3253634689401;1;0;0;1
869;251-REINE1;633838;1102222;MYRTILLE M;1204;T42;3253634689425;2;0;0;2
869;252-RMARMAI;613062;1102606;HAVANE M;1105;TS;3253634490205;1;0;0;1
869;252-RMARMAI;613063;1102606;HAVANE M;1105;TM;3253634490212;1;0;0;1
869;252-RMARMAI;613064;1102606;HAVANE M;1105;TL;3253634490229;1;0;0;1
869;252-DFLOWER;634156;1102614;NAVAL ACADEMY;931;TXS;3253634692579;1;0;0;1
869;252-DFLOWER;613111;1102614;NOIR M;931;TXS;3253634490694;1;0;0;1
869;252-DFLOWER;613112;1102614;NOIR M;931;TS;3253634490700;1;0;0;1
869;252-DFLOWER;634157;1102614;NAVAL ACADEMY;931;TS;3253634692586;1;0;0;1
869;252-DFLOWER;613113;1102614;NOIR M;931;TM;3253634490717;1;0;0;1
869;252-DFLOWER;634140;1102614;NAVAL ACADEMY;931;TM;3253634692425;2;0;0;2
869;252-DFLOWER;634158;1102614;NAVAL ACADEMY;931;TL;3253634692593;2;0;0;2
869;252-DAROD;632903;1102626;MARINE M;1104;TS;3253634680262;0;0;1;1
869;252-DAROD;632849;1102626;MARINE M;1104;TM;3253634679730;2;0;0;2
869;252-DAROD;632904;1102626;MARINE M;1104;TL;3253634680279;1;0;1;2
869;251-RJOLIE;615778;1103015;MARINE M;1191;T34;3253634517131;1;0;0;1
869;251-RJOLIE;615779;1103015;MARINE M;1191;T36;3253634517148;2;0;0;2
869;251-DSARAH;615861;1103028;IVOIRE M;978;TXS;3253634517964;1;0;0;1
869;251-DSARAH;615862;1103028;IVOIRE M;978;TS;3253634517971;0;0;1;1
869;251-DSARAH;615863;1103028;IVOIRE M;978;TM;3253634517988;2;0;0;2
869;251-DSARAH;615864;1103028;IVOIRE M;978;TL;3253634517995;2;0;0;2
869;251-DROSSO;627337;1103484;MARINE M;931;TXS;3253634626185;1;0;0;1
869;251-DROSSO;627338;1103484;MARINE M;931;TS;3253634626192;1;0;0;1
869;251-DROSSO;627339;1103484;MARINE M;931;TM;3253634626208;1;0;0;1
869;251-DROSSO;627340;1103484;MARINE M;931;TL;3253634626215;1;0;0;1
869;251-DALIKA;619301;1103498;OFF WHITE M;931;TXS;3253634551593;1;0;0;1
869;251-DALIKA;619302;1103498;OFF WHITE M;931;TS;3253634551609;1;0;0;1
869;251-DALIKA;619303;1103498;OFF WHITE M;931;TM;3253634551616;1;0;1;2
869;251-DALIKA;619304;1103498;OFF WHITE M;931;TL;3253634551623;1;0;0;1
869;261-DIANA;627357;1104721;BUTTER M;987;TXS;3253634626383;1;0;0;1
869;261-DIANA;627358;1104721;BUTTER M;987;TS;3253634626390;1;0;0;1
869;261-DIANA;627360;1104721;BUTTER M;987;TL;3253634626413;1;0;0;1
869;261-RTILA;628358;1104847;AVENTURINE;1150;T34;3253634636399;1;0;0;1
869;261-RTILA;628359;1104847;AVENTURINE;1150;T36;3253634636405;2;0;0;2
869;261-RTILA;628360;1104847;AVENTURINE;1150;T38;3253634636412;1;0;0;1
869;261-RDADOU;628454;1104860;FIG;979;T34;3253634637358;1;0;0;1
869;261-RDADOU;628455;1104860;FIG;979;T36;3253634637365;1;0;0;1
869;261-RDADOU;628457;1104860;FIG;979;T40;3253634637389;1;0;0;1
869;261-RLUCY;628460;1104861;MAGMA M;1191;T34;3253634637419;1;0;0;1
869;261-RLUCY;628461;1104861;MAGMA M;1191;T36;3253634637426;1;0;0;1
869;261-RLUCY;628462;1104861;MAGMA M;1191;T38;3253634637433;1;0;0;1
869;261-RMARIUS;628564;1104872;BUTTER M;1191;TS;3253634638454;2;0;0;2
869;261-RMARIUS;628565;1104872;BUTTER M;1191;TM;3253634638461;1;0;0;1
869;261-RMARIUS;628566;1104872;BUTTER M;1191;TL;3253634638478;1;0;0;1
869;261-DIVALI;632906;1105668;MYRTILLE M;1204;TXS;3253634680293;1;0;0;1
869;261-DIVALI;632847;1105668;MYRTILLE M;1204;TM;3253634679716;1;0;0;1
869;261-DIVALI;632908;1105668;MYRTILLE M;1204;TL;3253634680316;2;0;0;2
869;261-DTAL;632926;1105672;BUBBLE M;1166;TXS;3253634680491;1;0;0;1
869;261-DTAL;632927;1105672;BUBBLE M;1166;TS;3253634680507;1;0;0;1
869;261-DTAL;632855;1105672;BUBBLE M;1166;TM;3253634679792;1;0;0;1
869;261-DTAL;632928;1105672;BUBBLE M;1166;TL;3253634680514;1;0;0;1
869;261-DOUCE;632939;1105675;OFF WHITE M;931;TS;3253634680620;0;0;1;1
869;261-DOUCE;632861;1105675;OFF WHITE M;931;TM;3253634679853;2;0;0;2
869;261-DOUCE;632940;1105675;OFF WHITE M;931;TL;3253634680637;2;0;0;2
869;261-DFESTON;632943;1105676;SWEET DREAMS;1199;TS;3253634680668;1;0;0;1
869;261-DFESTON;632862;1105676;SWEET DREAMS;1199;TM;3253634679860;1;0;0;1
869;261-DNAVY;632950;1105677;MARINE/OFF WHITE;926;TXS;3253634680736;1;0;0;1
869;261-DNAVY;632951;1105677;MARINE/OFF WHITE;926;TS;3253634680743;2;0;0;2
869;261-DNAVY;632864;1105677;MARINE/OFF WHITE;926;TM;3253634679884;1;0;0;1
869;261-DSAMIR;632969;1105679;PRAIRIE M;931;TXS;3253634680910;1;0;0;1
869;261-DSAMIR;632965;1105679;MYRTILLE M;931;TXS;3253634680873;1;0;0;1
869;261-DSAMIR;632966;1105679;MYRTILLE M;931;TS;3253634680880;2;0;0;2
869;261-DSAMIR;632970;1105679;PRAIRIE M;931;TS;3253634680927;1;0;0;1
869;261-DSAMIR;632959;1105679;MYRTILLE M;931;TM;3253634680828;2;0;0;2
869;261-DSAMIR;632960;1105679;PRAIRIE M;931;TM;3253634680835;2;0;0;2
869;261-DSAMIR;632971;1105679;PRAIRIE M;931;TL;3253634680934;2;0;0;2
869;261-DSAMIR;632967;1105679;MYRTILLE M;931;TL;3253634680897;2;0;0;2
869;261-DROSE;632997;1105681;OFF WHITE M;931;TXS;3253634681184;1;0;0;1
869;261-DROSE;632998;1105681;OFF WHITE M;931;TS;3253634681191;1;0;0;1
869;261-DROSE;632990;1105681;OFF WHITE M;931;TM;3253634681122;2;0;0;2
869;261-DRED;633001;1105682;MAGMA M;1023;TXS;3253634681221;1;0;0;1
869;261-DRED;633002;1105682;MAGMA M;1023;TS;3253634681238;1;0;0;1
869;261-DRED;632991;1105682;MAGMA M;1023;TM;3253634681139;1;0;0;1
869;261-DRED;633003;1105682;MAGMA M;1023;TL;3253634681245;2;0;0;2
869;261-MPIKA;633106;1105694;ROSEE M;1219;TXS;3253634682235;1;0;0;1
869;261-MPIKA;633107;1105694;ROSEE M;1219;TS;3253634682242;2;0;0;2
869;261-MPIKA;633094;1105694;ROSEE M;1219;TM;3253634682129;2;0;0;2
869;261-MLOSI;633127;1105699;NOIR/IVOIRE;929;TS;3253634682440;1;0;0;1
869;261-MLOSI;633099;1105699;NOIR/IVOIRE;929;TM;3253634682174;1;0;0;1
869;261-RMAGO;633134;1105701;NOIR M;979;TXS;3253634682518;1;0;0;1
869;261-RMAGO;633135;1105701;NOIR M;979;TS;3253634682525;1;0;0;1
869;261-RMAGO;633101;1105701;NOIR M;979;TM;3253634682198;1;0;0;1
869;261-RMAGO;633136;1105701;NOIR M;979;TL;3253634682532;1;0;0;1
869;261-DEFI;634161;1105706;BUTTER M;1199;TS;3253634692623;1;0;0;1
869;261-DEFI;634130;1105706;BUTTER M;1199;TM;3253634692326;1;0;0;1
869;261-3FLEUR;633225;1105716;DORE;401;T0;3253634683362;1;0;0;1
869;261-3FLEUR;633217;1105716;DORE;401;T1;3253634683294;1;0;0;1
869;261-3FLEUR;633226;1105716;DORE;401;T2;3253634683379;1;0;0;1
869;261-RMILAN;633348;1105731;DORE;401;TXS;3253634684574;1;0;0;1
869;261-RMILAN;633349;1105731;DORE;401;TS;3253634684581;1;0;0;1
869;261-RMILAN;633241;1105731;DORE;401;TM;3253634683515;1;0;0;1
869;261-RMILAN;633350;1105731;DORE;401;TL;3253634684598;1;0;0;1
869;261-POPA;633390;1105739;NOIR M;979;T34;3253634684994;1;0;0;1
869;261-POPA;633391;1105739;NOIR M;979;T36;3253634685007;1;0;0;1
869;261-POPA;633252;1105739;NOIR M;979;T38;3253634683621;0;0;0;0
869;261-JITAMI;633484;1105757;DENIM STONE;993;T34;3253634685939;1;0;0;1
869;261-JITAMI;633485;1105757;DENIM STONE;993;T36;3253634685946;1;0;0;1
869;261-JITAMI;633274;1105757;DENIM STONE;993;T38;3253634683843;2;0;0;2
869;261-JITAMI;633486;1105757;DENIM STONE;993;T40;3253634685953;1;0;0;1
869;261-JITAMI;633487;1105757;DENIM STONE;993;T42;3253634685960;0;1;0;1
869;261-DNINO;633542;1105763;NAVAL ACADEMY;1200;TXS;3253634686509;1;0;0;1
869;261-DNINO;633543;1105763;NAVAL ACADEMY;1200;TS;3253634686516;1;0;0;1
869;261-RISSOL;633850;1105784;NAVAL ACADEMY;1023;T34;3253634689548;1;0;0;1
869;261-RISSOL;633851;1105784;NAVAL ACADEMY;1023;T36;3253634689555;1;0;0;1
869;261-RISSOL;633853;1105784;NAVAL ACADEMY;1023;T42;3253634689579;1;0;0;1
869;261-OPON;633860;1105786;OFF WHITE M;931;T34;3253634689647;1;0;0;1
869;261-OPON;633861;1105786;OFF WHITE M;931;T36;3253634689654;1;0;0;1
869;261-OPON;633863;1105786;OFF WHITE M;931;T42;3253634689678;1;0;0;1
869;261-OSAJE;633895;1105793;NOIR M;979;T34;3253634689999;1;0;0;1
869;261-OSAJE;633896;1105793;NOIR M;979;T36;3253634690001;1;0;0;1
869;261-OSAJE;633713;1105793;NOIR M;979;T38;3253634688183;1;0;0;1
869;261-OSAJE;633898;1105793;NOIR M;979;T42;3253634690025;1;0;0;1
869;261-RIKOOL;633900;1105794;NAVAL ACADEMY;1200;T34;3253634690049;1;0;0;1
869;261-RIKOOL;633901;1105794;NAVAL ACADEMY;1200;T36;3253634690056;1;0;1;2
869;261-RIKOOL;633715;1105794;NAVAL ACADEMY;1200;T38;3253634688206;1;0;0;1
869;261-RIKOOL;633902;1105794;NAVAL ACADEMY;1200;T40;3253634690063;1;0;0;1
869;261-RIKOOL;633903;1105794;NAVAL ACADEMY;1200;T42;3253634690070;1;0;0;1
869;261-RELIF.F;633920;1105798;MULTICO;900;T34;3253634690247;1;0;0;1
869;261-RELIF.F;633921;1105798;MULTICO;900;T36;3253634690254;2;0;0;2
869;261-RELIF.F;633721;1105798;MULTICO;900;T38;3253634688268;3;0;0;3
869;261-RELIF.F;633922;1105798;MULTICO;900;T40;3253634690261;0;0;1;1
869;261-RELIF.F;633923;1105798;MULTICO;900;T42;3253634690278;1;0;0;1
869;261-RPLISSY;633931;1105800;MAGMA M;1023;T36;3253634690353;1;0;0;1
869;261-RPLISSY;633723;1105800;MAGMA M;1023;T38;3253634688282;1;0;0;1
869;261-RPLISSY;633932;1105800;MAGMA M;1023;T40;3253634690360;1;0;0;1
869;261-OPA;633941;1105802;NOIR M;979;T36;3253634690452;1;0;0;1
869;261-OPA;633726;1105802;NOIR M;979;T38;3253634688312;1;0;0;1
869;261-RELOW;633951;1105804;NOIR M;979;T36;3253634690551;1;0;0;1
869;261-RELOW;633728;1105804;NOIR M;979;T38;3253634688336;1;0;0;1
869;261-RELOW;633952;1105804;NOIR M;979;T40;3253634690568;1;0;0;1
869;261-RSOAN;633955;1105805;MULTICO;900;T34;3253634690599;1;0;0;1
869;261-RAYEE;633730;1105806;PALE BANANA;1144;T38;3253634688350;1;0;0;1
869;261-RAYEE;633962;1105806;PALE BANANA;1144;T40;3253634690667;1;0;0;1
869;261-RAYEE;633963;1105806;PALE BANANA;1144;T42;3253634690674;1;0;0;1
869;261-RODIOL;633986;1105811;NOIR/IVOIRE;929;T36;3253634690902;2;0;0;2
869;261-RODIOL;633741;1105811;NOIR/IVOIRE;929;T38;3253634688466;1;0;0;1
869;261-RODIOL;633988;1105811;NOIR/IVOIRE;929;T42;3253634690926;2;0;0;2
869;261-PIBO.F;633990;1105812;NAVAL ACADEMY;1200;T34;3253634690940;1;0;0;1
869;261-PIBO.F;633991;1105812;NAVAL ACADEMY;1200;T36;3253634690957;1;0;0;1
869;261-PIBO.F;633742;1105812;NAVAL ACADEMY;1200;T38;3253634688473;0;0;0;0
869;261-CUBA.F;634000;1105814;MULTICO;900;T34;3253634691046;1;0;0;1
869;261-CUBA.F;634001;1105814;MULTICO;900;T36;3253634691053;1;0;0;1
869;261-CUBA.F;633745;1105814;MULTICO;900;T38;3253634688503;1;0;0;1
869;261-CUBA.F;634003;1105814;MULTICO;900;T42;3253634691077;1;0;0;1
869;261-RBELLE;634020;1105818;OFF WHITE M;931;T34;3253634691244;2;0;0;2
869;261-RBELLE;634021;1105818;OFF WHITE M;931;T36;3253634691251;2;0;0;2
869;261-RBELLE;633751;1105818;OFF WHITE M;931;T38;3253634688565;2;0;0;2
869;261-RBELLE;634022;1105818;OFF WHITE M;931;T40;3253634691268;1;0;0;1
869;261-RBELLE;634023;1105818;OFF WHITE M;931;T42;3253634691275;1;0;0;1
869;261-RDOLSOU;634035;1105821;PRAIRIE M;1213;T34;3253634691398;0;0;1;1
869;261-RDOLSOU;634036;1105821;PRAIRIE M;1213;T36;3253634691404;2;0;0;2
869;261-RDOLSOU;633757;1105821;PRAIRIE M;1213;T38;3253634688626;1;0;0;1
869;261-RDOLSOU;634038;1105821;PRAIRIE M;1213;T42;3253634691428;1;0;0;1
869;261-PBELLE;634050;1105824;NOIR M;979;T34;3253634691541;1;0;0;1
869;261-PBELLE;634051;1105824;NOIR M;979;T36;3253634691558;1;0;0;1
869;261-RDALA.F;634055;1105825;MULTICO;900;T34;3253634691596;1;0;0;1
869;261-RDALA.F;633761;1105825;MULTICO;900;T38;3253634688664;1;0;0;1
869;261-RDALA.F;634057;1105825;MULTICO;900;T40;3253634691619;1;0;0;1
869;261-RDALA.F;634058;1105825;MULTICO;900;T42;3253634691626;1;0;0;1
869;261-RBRUM;634060;1105826;EPICE M;1118;T34;3253634691640;1;0;0;1
869;261-RBRUM;634062;1105826;EPICE M;1118;T40;3253634691664;1;0;0;1
869;261-DANIELA;634168;1105832;MAGMA M;979;TXS;3253634692692;1;0;0;1
869;261-DANIELA;634169;1105832;MAGMA M;979;TS;3253634692708;1;0;0;1
869;261-DANIELA;634170;1105832;MAGMA M;979;TL;3253634692715;1;0;0;1
869;261-DJOJO;634185;1105834;OFF WHITE M;979;TS;3253634692869;2;0;0;2
869;261-DJOJO;638975;1105834;NOIR M;979;TM;3253634735436;1;0;0;1
869;261-DJOJO;634136;1105834;OFF WHITE M;979;TM;3253634692388;2;0;0;2
869;261-DJOJO;634186;1105834;OFF WHITE M;979;TL;3253634692876;1;0;0;1
869;261-DYLAN;634188;1105835;OFF WHITE M;931;TXS;3253634692890;0;0;1;1
869;261-DYLAN;634189;1105835;OFF WHITE M;931;TS;3253634692906;1;0;0;1
869;261-DYLAN;634137;1105835;OFF WHITE M;931;TM;3253634692395;1;0;0;1
869;261-DYLAN;634190;1105835;OFF WHITE M;931;TL;3253634692913;1;0;0;1
869;261-DANANA;634200;1105837;PALE BANANA;1144;TXS;3253634693019;1;0;0;1
869;261-DANANA;634201;1105837;PALE BANANA;1144;TS;3253634693026;1;0;0;1
869;261-DANANA;634142;1105837;PALE BANANA;1144;TM;3253634692449;1;0;0;1
869;261-DANANA;634202;1105837;PALE BANANA;1144;TL;3253634693033;1;0;0;1
869;261-DPALM;634212;1105840;OFF WHITE M;931;TXS;3253634693132;1;0;0;1
869;261-DPALM;634213;1105840;OFF WHITE M;931;TS;3253634693149;1;0;0;1
869;261-DPALM;634145;1105840;OFF WHITE M;931;TM;3253634692470;1;0;0;1
869;261-DAMA;634228;1105842;NAVAL ACADEMY;931;TXS;3253634693293;1;0;0;1
869;261-DAMA;634220;1105842;MAGMA M;931;TXS;3253634693217;1;0;0;1
869;261-DAMA;634221;1105842;MAGMA M;931;TS;3253634693224;1;0;0;1
869;261-DAMA;634229;1105842;NAVAL ACADEMY;931;TS;3253634693309;2;0;0;2
869;261-DAMA;634150;1105842;NAVAL ACADEMY;931;TM;3253634692524;1;0;0;1
869;261-DAMA;634148;1105842;MAGMA M;931;TM;3253634692500;2;0;0;2
869;261-DAMA;634222;1105842;MAGMA M;931;TL;3253634693231;3;0;0;3
869;261-DAMA;634230;1105842;NAVAL ACADEMY;931;TL;3253634693316;2;0;0;2
869;252-DIDOU;640783;1106006;MARINE M;979;TXS;3253634752860;1;0;0;1
869;252-DIDOU;640784;1106006;MARINE M;979;TS;3253634752877;1;0;1;2
869;252-DIDOU;640776;1106006;MARINE M;979;TM;3253634752808;1;0;1;2
869;252-DIDOU;640785;1106006;MARINE M;979;TL;3253634752884;1;0;0;1
869;261-RARAM.F;638681;1106507;MULTICO;900;T34;3253634732626;1;0;0;1
869;261-RARAM.F;638682;1106507;MULTICO;900;T36;3253634732633;1;0;0;1
869;261-RARAM.F;638683;1106507;MULTICO;900;T40;3253634732640;1;0;0;1
869;261-RARAM.F;638684;1106507;MULTICO;900;T42;3253634732657;0;0;1;1
869;261-DJARDI;638734;1106515;MULTICO;900;TXS;3253634733128;1;0;0;1
869;261-DJARDI;638735;1106515;MULTICO;900;TS;3253634733135;2;0;0;2
869;261-DJARDI;638715;1106515;MULTICO;900;TM;3253634732947;2;0;0;2
869;261-DJARDI;638736;1106515;MULTICO;900;TL;3253634733142;2;0;0;2
869;261-DJARDI;638737;1106515;MULTICO;900;TXL;3253634733159;1;0;0;1
869;261-DBABY;638797;1106523;NOIR M;979;TXS;3253634733739;1;0;0;1
869;261-DBABY;638798;1106523;NOIR M;979;TS;3253634733746;1;0;0;1
869;261-DBABY;638785;1106523;NOIR M;979;TM;3253634733623;1;0;0;1
869;261-DBABY;638799;1106523;NOIR M;979;TL;3253634733753;1;0;0;1
869;261-ROSET.F;638904;1106536;MULTICO;900;T34;3253634734736;1;0;0;1
869;261-ROSET.F;638905;1106536;MULTICO;900;T36;3253634734743;1;0;0;1
869;261-ROSET.F;638906;1106536;MULTICO;900;T40;3253634734750;0;0;1;1
869;261-ROSET.F;638907;1106536;MULTICO;900;T42;3253634734767;1;0;0;1
869;261-DGUAPA;640292;1106690;OFF WHITE M;931;TXS;3253634748313;2;0;0;2
869;261-DGUAPA;640293;1106690;OFF WHITE M;931;TS;3253634748320;2;0;0;2
869;261-DGUAPA;640286;1106690;OFF WHITE M;931;TM;3253634748269;2;0;0;2
869;261-DGUAPA;640294;1106690;OFF WHITE M;931;TL;3253634748337;1;0;0;1
869;261-DCIAO;640803;1106739;MYRTILLE M;1204;TS;3253634753058;1;0;0;1
869;261-DCIAO;640792;1106739;MYRTILLE M;1204;TM;3253634752952;1;0;0;1
869;261-DCIAO;640804;1106739;MYRTILLE M;1204;TL;3253634753065;1;0;0;1
869;261-DWONDER;640810;1106741;OFF WHITE M;931;TXS;3253634753126;1;0;0;1
869;261-DWONDER;640811;1106741;OFF WHITE M;931;TS;3253634753133;1;0;0;1
869;261-DWONDER;640794;1106741;OFF WHITE M;931;TM;3253634752976;1;0;0;1
869;261-DWONDER;640812;1106741;OFF WHITE M;931;TL;3253634753140;1;0;0;1
869;261-DIYUKI;640814;1106742;IVOIRE/NOIR;928;TXS;3253634753164;1;0;0;1
869;261-DIYUKI;640815;1106742;IVOIRE/NOIR;928;TS;3253634753171;1;0;1;2
869;261-DIYUKI;640795;1106742;IVOIRE/NOIR;928;TM;3253634752983;1;0;1;2
869;261-DIYUKI;640816;1106742;IVOIRE/NOIR;928;TL;3253634753188;1;0;0;1
869;261-DIDOU1;640831;1106745;OFF WHITE M;931;TL;3253634753324;1;0;0;1
869;261-DCAROLE;641368;1106837;MARINE/OFF WHITE;926;TXS;3253634758633;1;0;0;1
869;261-DCAROLE;641369;1106837;MARINE/OFF WHITE;926;TS;3253634758640;1;0;0;1
869;261-DCAROLE;641358;1106837;MARINE/OFF WHITE;926;TM;3253634758541;1;0;0;1
869;261-DCAROLE;641370;1106837;MARINE/OFF WHITE;926;TL;3253634758657;1;0;0;1
869;261-DARIA;641633;1106896;NOIR M;979;TXS;3253634761237;1;0;0;1
869;261-ROCHI;641766;1106919;MARINE M;987;T34;3253634762531;1;0;0;1
869;261-ROCHI;641767;1106919;MARINE M;987;T36;3253634762548;1;0;0;1
869;261-ROCHI;641763;1106919;MARINE M;987;T38;3253634762517;1;0;0;1
869;261-ROCHI;641768;1106919;MARINE M;987;T40;3253634762555;1;0;0;1
869;261-DOMIO;641771;1106920;OFF WHITE M;931;TXS;3253634762586;1;0;0;1
869;261-DOMIO;641772;1106920;OFF WHITE M;931;TS;3253634762593;1;0;1;2
869;261-DOMIO;641764;1106920;OFF WHITE M;931;TM;3253634762524;1;0;0;1
869;261-DOMIO;641773;1106920;OFF WHITE M;931;TL;3253634762609;0;0;1;1
869;261-DESLE;642349;1107038;MULTICO;900;TXS;3253634768304;1;0;0;1
869;261-DESLE;642350;1107038;MULTICO;900;TS;3253634768311;1;0;1;2
869;261-DESLE;642347;1107038;MULTICO;900;TM;3253634768298;1;0;0;1
869;261-DESLE;642351;1107038;MULTICO;900;TL;3253634768328;1;0;1;2
869;261-DESLE;642352;1107038;MULTICO;900;TXL;3253634768335;1;0;0;1
869;261-DOOTHY;643535;1107198;NOIR M;979;TXS;3253634779829;1;0;0;1
869;261-DOOTHY;643536;1107198;NOIR M;979;TS;3253634779836;2;0;0;2
869;261-DOOTHY;643533;1107198;NOIR M;979;TM;3253634779812;3;0;0;3
869;261-DOOTHY;643537;1107198;NOIR M;979;TL;3253634779843;2;0;0;2
869;261-DHIVAL;643679;1107215;MARINE M;931;TXS;3253634781181;1;0;0;1
869;261-DHIVAL;643680;1107215;MARINE M;931;TS;3253634781198;1;0;0;1
869;261-DHIVAL;643673;1107215;MARINE M;931;TM;3253634781136;2;0;0;2
869;261-DHIVAL;643681;1107215;MARINE M;931;TL;3253634781204;2;0;0;2
869;261-RSAMYA;643875;1107233;NOIR;979;T34;3253634783055;1;0;0;1
869;261-RSAMYA;643880;1107233;WHITE SMOKE;979;T34;3253634783109;1;0;0;1
869;261-RSAMYA;643876;1107233;NOIR;979;T36;3253634783062;1;0;0;1
869;261-RSAMYA;643881;1107233;WHITE SMOKE;979;T36;3253634783116;1;0;0;1
869;261-RSAMYA;643871;1107233;NOIR;979;T38;3253634783024;1;0;0;1
869;261-RSAMYA;643872;1107233;WHITE SMOKE;979;T38;3253634783031;1;0;0;1
869;261-RSAMYA;643877;1107233;NOIR;979;T40;3253634783079;1;0;0;1
869;261-RSAMYA;643882;1107233;WHITE SMOKE;979;T40;3253634783123;0;0;1;1
869;261-RSAMYA;643878;1107233;NOIR;979;T42;3253634783086;0;0;1;1
869;261-RSAMYA;643883;1107233;WHITE SMOKE;979;T42;3253634783130;1;0;0;1
869;261-DECLIC;644045;1107271;OFF WHITE M;931;TXS;3253634784694;1;0;0;1
869;261-DECLIC;644046;1107271;OFF WHITE M;931;TS;3253634784700;1;0;0;1
869;261-DECLIC;644042;1107271;OFF WHITE M;931;TM;3253634784670;1;0;0;1
869;261-DECLIC;644047;1107271;OFF WHITE M;931;TL;3253634784717;1;0;0;1
1782;211-PROSY.F;493644;85001;IVOIRE;100;T34;3253633418606;1;0;0;1
1782;211-PROSY.F;493645;85001;IVOIRE;100;T36;3253633418613;1;0;0;1
1782;211-PROSY.F;493646;85001;IVOIRE;100;T38;3253633418620;1;0;0;1
1782;211-PROSY.F;493647;85001;IVOIRE;100;T40;3253633418637;1;0;0;1
1782;211-PROSY.F;493648;85001;IVOIRE;100;T42;3253633418644;1;0;0;1
1782;211-PROSY.F;493649;85001;IVOIRE;100;T44;3253633418651;1;0;0;1
1782;231-DATE;632870;93923;SWEET DREAMS;201;TXS;3253634679938;1;0;0;1
1782;231-DATE;632865;93923;SWEET DREAMS;201;TM;3253634679891;1;0;0;1
1782;241-ROSVAL;628166;97093;BLUE DEPTHS;979;T34;3253634634470;1;0;0;1
1782;241-ROSVAL;628167;97093;BLUE DEPTHS;979;T36;3253634634487;2;0;0;2
1782;241-ROSVAL;628168;97093;BLUE DEPTHS;979;T38;3253634634494;1;0;0;1
1782;241-ROSVAL;628169;97093;BLUE DEPTHS;979;T40;3253634634500;2;0;0;2
1782;241-ROSVAL;628170;97093;BLUE DEPTHS;979;T42;3253634634517;2;0;0;2
1782;241-MELAN;633078;98061;MYRTILLE M;1204;TXS;3253634681962;1;0;0;1
1782;241-MELAN;633079;98061;MYRTILLE M;1204;TS;3253634681979;0;0;1;1
1782;241-MELAN;633076;98061;MYRTILLE M;1204;TM;3253634681955;1;0;0;1
1782;241-MELAN;633080;98061;MYRTILLE M;1204;TL;3253634681986;1;0;0;1
1782;241-OROOVE;633780;98443;NAVAL ACADEMY;1288;T34;3253634688848;1;0;0;1
1782;241-OROOVE;633781;98443;NAVAL ACADEMY;1288;T36;3253634688855;1;0;0;1
1782;241-OROOVE;633746;98443;NAVAL ACADEMY;1288;T38;3253634688510;0;1;0;1
1782;241-OROOVE;633783;98443;NAVAL ACADEMY;1288;T42;3253634688879;1;0;0;1
1782;242-OLAFI;613909;98945;IVOIRE M;1293;T34;3253634498669;1;0;0;1
1782;241-ROSLI;633800;99078;MAGMA M;314;T34;3253634689043;1;0;0;1
1782;241-ROSLI;633805;99078;PALE BANANA;314;T34;3253634689098;1;0;0;1
1782;241-ROSLI;633801;99078;MAGMA M;314;T36;3253634689050;2;0;0;2
1782;241-ROSLI;633803;99078;MAGMA M;314;T42;3253634689074;1;0;0;1
1782;242-MUSHU;592455;99513;ECRU;201;TS;3253634297217;1;0;0;1
1782;242-MUSHU;592456;99513;ECRU;201;TM;3253634297224;1;0;0;1
1782;242-MUSHU;592457;99513;ECRU;201;TL;3253634297231;1;0;0;1
1782;241-DEUX;594613;99913;MULTICO;900;TXS;3253634318790;1;0;0;1
1782;241-DEUX;594615;99913;MULTICO;900;TM;3253634318813;1;0;0;1
1782;241-DEUX;594616;99913;MULTICO;900;TL;3253634318820;1;0;0;1
1782;251-DIDOA;605541;101546;IVOIRE M;988;TXS;3253634422114;1;0;0;1
1782;251-DIDOA;608614;101546;NOIR M;988;TS;3253634452845;1;0;0;1
1782;251-DIDOA;605542;101546;IVOIRE M;988;TS;3253634422121;1;0;0;1
1782;251-DIDOA;605543;101546;IVOIRE M;988;TM;3253634422138;1;0;0;1
1782;251-DIDOA;627302;101546;CAPERS;988;TM;3253634625836;1;0;0;1
1782;251-RIA;633825;1102137;NOIR M;301;T34;3253634689296;1;0;0;1
1782;251-RIA;633826;1102137;NOIR M;301;T36;3253634689302;0;0;1;1
1782;251-RIA;633720;1102137;NOIR M;301;T38;3253634688251;1;0;0;1
1782;251-RIA;633827;1102137;NOIR M;301;T40;3253634689319;1;0;0;1
1782;251-RIA;633828;1102137;NOIR M;301;T42;3253634689326;1;0;0;1
1782;251-RISSAL;629999;1102139;TEABERRY;1288;T34;3253634652801;1;0;0;1
1782;251-RISSAL;633830;1102139;NAVAL ACADEMY;1288;T34;3253634689340;1;0;0;1
1782;251-RISSAL;633831;1102139;NAVAL ACADEMY;1288;T36;3253634689357;1;0;0;1
1782;251-RISSAL;633724;1102139;NAVAL ACADEMY;1288;T38;3253634688299;1;0;0;1
1782;251-RISSAL;630003;1102139;TEABERRY;1288;T42;3253634652849;1;0;0;1
1782;251-DELLA;610064;1102191;OFF WHITE M;979;TXS;3253634466668;1;0;0;1
1782;251-DELLA;632883;1102191;NOIR M;979;TS;3253634680064;1;0;0;1
1782;251-DELLA;632856;1102191;NOIR M;979;TM;3253634679808;1;0;0;1
1782;251-DELLA;610066;1102191;OFF WHITE M;979;TM;3253634466682;1;0;0;1
1782;251-DELLA;610067;1102191;OFF WHITE M;979;TL;3253634466699;1;0;0;1
1782;251-DELLA;632884;1102191;NOIR M;979;TL;3253634680071;1;0;0;1
1782;251-DALBA;632886;1102198;OFF WHITE M;1166;TXS;3253634680095;1;0;0;1
1782;251-DALBA;632887;1102198;OFF WHITE M;1166;TS;3253634680101;1;0;0;1
1782;251-DALBA;632888;1102198;OFF WHITE M;1166;TL;3253634680118;1;0;0;1
1782;251-DALBA;634154;1102198;BUBBLE M;1166;TL;3253634692555;1;0;0;1
1782;251-REINE1;633756;1102222;MYRTILLE M;1204;T38;3253634688619;1;0;0;1
1782;251-REINE1;633839;1102222;MYRTILLE M;1204;T44;3253634689432;1;0;0;1
1782;252-RMARMAI;613062;1102606;HAVANE M;1105;TS;3253634490205;1;0;0;1
1782;252-RMARMAI;613063;1102606;HAVANE M;1105;TM;3253634490212;1;0;0;1
1782;252-DFLOWER;613111;1102614;NOIR M;931;TXS;3253634490694;1;0;0;1
1782;252-DFLOWER;634156;1102614;NAVAL ACADEMY;931;TXS;3253634692579;1;0;0;1
1782;252-DFLOWER;613112;1102614;NOIR M;931;TS;3253634490700;2;0;0;2
1782;252-DFLOWER;634157;1102614;NAVAL ACADEMY;931;TS;3253634692586;1;0;0;1
1782;252-DFLOWER;613113;1102614;NOIR M;931;TM;3253634490717;1;0;0;1
1782;252-DFLOWER;634140;1102614;NAVAL ACADEMY;931;TM;3253634692425;1;0;0;1
1782;252-DFLOWER;613114;1102614;NOIR M;931;TL;3253634490724;1;0;0;1
1782;252-DFLOWER;634158;1102614;NAVAL ACADEMY;931;TL;3253634692593;1;0;0;1
1782;252-DAROD;632902;1102626;MARINE M;1104;TXS;3253634680255;1;0;0;1
1782;252-DAROD;632849;1102626;MARINE M;1104;TM;3253634679730;1;0;0;1
1782;252-DAROD;632904;1102626;MARINE M;1104;TL;3253634680279;1;0;0;1
1782;251-DSARAH;615862;1103028;IVOIRE M;978;TS;3253634517971;1;0;0;1
1782;251-DROSSO;627338;1103484;MARINE M;931;TS;3253634626192;1;0;0;1
1782;251-DROSSO;627340;1103484;MARINE M;931;TL;3253634626215;1;0;0;1
1782;251-DALIKA;619303;1103498;OFF WHITE M;931;TM;3253634551616;0;1;0;1
1782;261-DIANA;627360;1104721;BUTTER M;987;TL;3253634626413;1;0;0;1
1782;261-DAHLIA;627888;1104787;OFF WHITE M;1299;TXS;3253634631691;1;0;0;1
1782;261-RTILA;628361;1104847;AVENTURINE;1150;T40;3253634636429;1;0;0;1
1782;261-RDADOU;628456;1104860;FIG;979;T38;3253634637372;2;0;0;2
1782;261-RDADOU;628458;1104860;FIG;979;T42;3253634637396;1;0;0;1
1782;261-RLUCY;628461;1104861;MAGMA M;1191;T36;3253634637426;1;0;0;1
1782;261-RMARIUS;628563;1104872;BUTTER M;1191;TXS;3253634638447;1;0;0;1
1782;261-RMARIUS;628564;1104872;BUTTER M;1191;TS;3253634638454;1;0;0;1
1782;261-RMARIUS;628565;1104872;BUTTER M;1191;TM;3253634638461;1;0;0;1
1782;261-RMARIUS;628566;1104872;BUTTER M;1191;TL;3253634638478;1;0;0;1
1782;261-DIVALI;632906;1105668;MYRTILLE M;1204;TXS;3253634680293;1;0;0;1
1782;261-DIVALI;632907;1105668;MYRTILLE M;1204;TS;3253634680309;1;0;0;1
1782;261-DIVALI;632847;1105668;MYRTILLE M;1204;TM;3253634679716;1;0;0;1
1782;261-DIVALI;632909;1105668;MYRTILLE M;1204;TXL;3253634680323;1;0;0;1
1782;261-DTAL;632927;1105672;BUBBLE M;1166;TS;3253634680507;1;0;0;1
1782;261-DTAL;632855;1105672;BUBBLE M;1166;TM;3253634679792;1;0;0;1
1782;261-DTAL;632928;1105672;BUBBLE M;1166;TL;3253634680514;1;0;0;1
1782;261-DOUCE;632938;1105675;OFF WHITE M;931;TXS;3253634680613;1;0;0;1
1782;261-DOUCE;632939;1105675;OFF WHITE M;931;TS;3253634680620;1;0;0;1
1782;261-DOUCE;632861;1105675;OFF WHITE M;931;TM;3253634679853;1;0;0;1
1782;261-DFESTON;632942;1105676;SWEET DREAMS;1199;TXS;3253634680651;1;0;0;1
1782;261-DNAVY;632950;1105677;MARINE/OFF WHITE;926;TXS;3253634680736;1;0;0;1
1782;261-DNAVY;632951;1105677;MARINE/OFF WHITE;926;TS;3253634680743;1;0;0;1
1782;261-DNAVY;632864;1105677;MARINE/OFF WHITE;926;TM;3253634679884;1;0;0;1
1782;261-DSAMIR;632965;1105679;MYRTILLE M;931;TXS;3253634680873;1;0;0;1
1782;261-DSAMIR;632969;1105679;PRAIRIE M;931;TXS;3253634680910;2;0;0;2
1782;261-DSAMIR;632966;1105679;MYRTILLE M;931;TS;3253634680880;1;0;0;1
1782;261-DSAMIR;632970;1105679;PRAIRIE M;931;TS;3253634680927;2;0;0;2
1782;261-DSAMIR;632960;1105679;PRAIRIE M;931;TM;3253634680835;1;0;0;1
1782;261-DSAMIR;632971;1105679;PRAIRIE M;931;TL;3253634680934;1;0;0;1
1782;261-DROSE;632997;1105681;OFF WHITE M;931;TXS;3253634681184;1;0;0;1
1782;261-DROSE;632998;1105681;OFF WHITE M;931;TS;3253634681191;1;0;0;1
1782;261-DROSE;632999;1105681;OFF WHITE M;931;TL;3253634681207;1;0;0;1
1782;261-DRED;633002;1105682;MAGMA M;1023;TS;3253634681238;1;0;0;1
1782;261-DRED;633003;1105682;MAGMA M;1023;TL;3253634681245;1;0;0;1
1782;261-MPIKA;633106;1105694;ROSEE M;1219;TXS;3253634682235;1;0;0;1
1782;261-MPIKA;633108;1105694;ROSEE M;1219;TL;3253634682259;2;0;0;2
1782;261-MLOSI;633126;1105699;NOIR/IVOIRE;929;TXS;3253634682433;1;0;0;1
1782;261-MLOSI;633127;1105699;NOIR/IVOIRE;929;TS;3253634682440;1;0;0;1
1782;261-MLOSI;633128;1105699;NOIR/IVOIRE;929;TL;3253634682457;1;0;0;1
1782;261-DEFI;634161;1105706;BUTTER M;1199;TS;3253634692623;1;0;0;1
1782;261-DEFI;634130;1105706;BUTTER M;1199;TM;3253634692326;1;0;0;1
1782;261-3FLEUR;633225;1105716;DORE;401;T0;3253634683362;1;0;0;1
1782;261-3FLEUR;633217;1105716;DORE;401;T1;3253634683294;1;0;0;1
1782;261-3FLEUR;633226;1105716;DORE;401;T2;3253634683379;1;0;0;1
1782;261-RMILAN;633348;1105731;DORE;401;TXS;3253634684574;1;0;0;1
1782;261-RMILAN;633349;1105731;DORE;401;TS;3253634684581;1;0;0;1
1782;261-RMILAN;633350;1105731;DORE;401;TL;3253634684598;1;0;0;1
1782;261-JITAMI;633485;1105757;DENIM STONE;993;T36;3253634685946;1;0;0;1
1782;261-JITAMI;633274;1105757;DENIM STONE;993;T38;3253634683843;1;0;0;1
1782;261-JITAMI;633486;1105757;DENIM STONE;993;T40;3253634685953;1;0;0;1
1782;261-DNINO;633542;1105763;NAVAL ACADEMY;1200;TXS;3253634686509;1;0;0;1
1782;261-DNINO;633509;1105763;NAVAL ACADEMY;1200;TM;3253634686189;1;0;0;1
1782;261-RISSOL;633850;1105784;NAVAL ACADEMY;1023;T34;3253634689548;0;0;0;0
1782;261-RISSOL;633851;1105784;NAVAL ACADEMY;1023;T36;3253634689555;1;0;0;1
1782;261-RISSOL;633852;1105784;NAVAL ACADEMY;1023;T40;3253634689562;3;0;0;3
1782;261-RISSOL;633853;1105784;NAVAL ACADEMY;1023;T42;3253634689579;1;0;0;1
1782;261-OPON;633861;1105786;OFF WHITE M;931;T36;3253634689654;1;0;0;1
1782;261-OSAJE;633898;1105793;NOIR M;979;T42;3253634690025;1;0;0;1
1782;261-RIKOOL;633900;1105794;NAVAL ACADEMY;1200;T34;3253634690049;1;0;0;1
1782;261-RIKOOL;633901;1105794;NAVAL ACADEMY;1200;T36;3253634690056;1;0;0;1
1782;261-RIKOOL;633715;1105794;NAVAL ACADEMY;1200;T38;3253634688206;1;0;0;1
1782;261-RIKOOL;633902;1105794;NAVAL ACADEMY;1200;T40;3253634690063;2;0;0;2
1782;261-RIKOOL;633903;1105794;NAVAL ACADEMY;1200;T42;3253634690070;1;0;0;1
1782;261-RELIF.F;633920;1105798;MULTICO;900;T34;3253634690247;1;0;0;1
1782;261-RELIF.F;633921;1105798;MULTICO;900;T36;3253634690254;1;0;0;1
1782;261-RELIF.F;633721;1105798;MULTICO;900;T38;3253634688268;1;0;0;1
1782;261-RELIF.F;633922;1105798;MULTICO;900;T40;3253634690261;1;0;0;1
1782;261-RELIF.F;633923;1105798;MULTICO;900;T42;3253634690278;2;0;0;2
1782;261-RPLISSY;633930;1105800;MAGMA M;1023;T34;3253634690346;1;0;0;1
1782;261-RPLISSY;633931;1105800;MAGMA M;1023;T36;3253634690353;1;0;0;1
1782;261-RPLISSY;633723;1105800;MAGMA M;1023;T38;3253634688282;1;0;0;1
1782;261-RPLISSY;633932;1105800;MAGMA M;1023;T40;3253634690360;1;0;0;1
1782;261-RPLISSY;633933;1105800;MAGMA M;1023;T42;3253634690377;1;0;0;1
1782;261-OPA;633940;1105802;NOIR M;979;T34;3253634690445;1;0;0;1
1782;261-OPA;633941;1105802;NOIR M;979;T36;3253634690452;1;0;0;1
1782;261-OPA;633943;1105802;NOIR M;979;T42;3253634690476;1;0;0;1
1782;261-RELOW;633950;1105804;NOIR M;979;T34;3253634690544;1;0;0;1
1782;261-RELOW;633951;1105804;NOIR M;979;T36;3253634690551;2;0;0;2
1782;261-RELOW;633728;1105804;NOIR M;979;T38;3253634688336;1;0;0;1
1782;261-RELOW;633952;1105804;NOIR M;979;T40;3253634690568;1;0;0;1
1782;261-RELOW;633953;1105804;NOIR M;979;T42;3253634690575;1;0;0;1
1782;261-RSOAN;633729;1105805;MULTICO;900;T38;3253634688343;1;0;0;1
1782;261-RSOAN;633958;1105805;MULTICO;900;T42;3253634690629;1;0;0;1
1782;261-RAYEE;633961;1105806;PALE BANANA;1144;T36;3253634690650;1;0;0;1
1782;261-RAYEE;633730;1105806;PALE BANANA;1144;T38;3253634688350;1;0;0;1
1782;261-RAYEE;633962;1105806;PALE BANANA;1144;T40;3253634690667;1;0;0;1
1782;261-RAYEE;633963;1105806;PALE BANANA;1144;T42;3253634690674;1;0;0;1
1782;261-RODIOL;633985;1105811;NOIR/IVOIRE;929;T34;3253634690896;1;0;0;1
1782;261-RODIOL;633986;1105811;NOIR/IVOIRE;929;T36;3253634690902;1;0;0;1
1782;261-RODIOL;633741;1105811;NOIR/IVOIRE;929;T38;3253634688466;1;0;0;1
1782;261-RODIOL;633987;1105811;NOIR/IVOIRE;929;T40;3253634690919;1;0;0;1
1782;261-PIBO.F;633990;1105812;NAVAL ACADEMY;1200;T34;3253634690940;1;0;0;1
1782;261-CUBA.F;634000;1105814;MULTICO;900;T34;3253634691046;1;0;0;1
1782;261-CUBA.F;634001;1105814;MULTICO;900;T36;3253634691053;1;0;0;1
1782;261-CUBA.F;633745;1105814;MULTICO;900;T38;3253634688503;1;0;0;1
1782;261-CUBA.F;634003;1105814;MULTICO;900;T42;3253634691077;1;0;0;1
1782;261-RBELLE;634020;1105818;OFF WHITE M;931;T34;3253634691244;1;0;0;1
1782;261-RBELLE;634021;1105818;OFF WHITE M;931;T36;3253634691251;1;0;0;1
1782;261-RBELLE;633751;1105818;OFF WHITE M;931;T38;3253634688565;1;0;0;1
1782;261-RBELLE;634022;1105818;OFF WHITE M;931;T40;3253634691268;1;0;0;1
1782;261-RDOLSOU;634035;1105821;PRAIRIE M;1213;T34;3253634691398;1;0;0;1
1782;261-RDOLSOU;634036;1105821;PRAIRIE M;1213;T36;3253634691404;1;0;0;1
1782;261-RDOLSOU;633757;1105821;PRAIRIE M;1213;T38;3253634688626;1;0;0;1
1782;261-RDOLSOU;634037;1105821;PRAIRIE M;1213;T40;3253634691411;1;0;0;1
1782;261-PBELLE;633760;1105824;NOIR M;979;T38;3253634688657;1;0;0;1
1782;261-PBELLE;634052;1105824;NOIR M;979;T40;3253634691565;1;0;0;1
1782;261-PBELLE;634053;1105824;NOIR M;979;T42;3253634691572;1;0;0;1
1782;261-RDALA.F;634055;1105825;MULTICO;900;T34;3253634691596;1;0;0;1
1782;261-RDALA.F;634056;1105825;MULTICO;900;T36;3253634691602;1;0;0;1
1782;261-RDALA.F;633761;1105825;MULTICO;900;T38;3253634688664;1;0;0;1
1782;261-RDALA.F;634057;1105825;MULTICO;900;T40;3253634691619;1;0;0;1
1782;261-RDALA.F;634058;1105825;MULTICO;900;T42;3253634691626;1;0;0;1
1782;261-DANIELA;634168;1105832;MAGMA M;979;TXS;3253634692692;1;0;0;1
1782;261-DANIELA;634169;1105832;MAGMA M;979;TS;3253634692708;1;0;0;1
1782;261-DANIELA;634133;1105832;MAGMA M;979;TM;3253634692357;1;0;0;1
1782;261-DANIELA;634170;1105832;MAGMA M;979;TL;3253634692715;0;0;1;1
1782;261-DJOJO;638977;1105834;NOIR M;979;TXS;3253634735443;1;0;0;1
1782;261-DJOJO;634185;1105834;OFF WHITE M;979;TS;3253634692869;1;0;0;1
1782;261-DJOJO;634136;1105834;OFF WHITE M;979;TM;3253634692388;1;0;0;1
1782;261-DJOJO;634186;1105834;OFF WHITE M;979;TL;3253634692876;1;0;0;1
1782;261-DYLAN;634189;1105835;OFF WHITE M;931;TS;3253634692906;1;0;0;1
1782;261-DYLAN;634137;1105835;OFF WHITE M;931;TM;3253634692395;2;0;0;2
1782;261-DYLAN;634190;1105835;OFF WHITE M;931;TL;3253634692913;0;1;0;1
1782;261-DANANA;634200;1105837;PALE BANANA;1144;TXS;3253634693019;1;0;0;1
1782;261-DANANA;634201;1105837;PALE BANANA;1144;TS;3253634693026;1;0;0;1
1782;261-DANANA;634202;1105837;PALE BANANA;1144;TL;3253634693033;1;0;0;1
1782;261-DPALM;634213;1105840;OFF WHITE M;931;TS;3253634693149;1;0;0;1
1782;261-DPALM;634145;1105840;OFF WHITE M;931;TM;3253634692470;1;0;0;1
1782;261-DPALM;634214;1105840;OFF WHITE M;931;TL;3253634693156;1;0;0;1
1782;261-DAMA;634220;1105842;MAGMA M;931;TXS;3253634693217;1;0;0;1
1782;261-DAMA;634228;1105842;NAVAL ACADEMY;931;TXS;3253634693293;1;0;0;1
1782;261-DAMA;634221;1105842;MAGMA M;931;TS;3253634693224;2;0;0;2
1782;261-DAMA;634229;1105842;NAVAL ACADEMY;931;TS;3253634693309;1;0;0;1
1782;261-DAMA;634150;1105842;NAVAL ACADEMY;931;TM;3253634692524;1;0;0;1
1782;261-DAMA;634148;1105842;MAGMA M;931;TM;3253634692500;1;0;0;1
1782;261-DAMA;634222;1105842;MAGMA M;931;TL;3253634693231;1;0;0;1
1782;261-DAMA;634230;1105842;NAVAL ACADEMY;931;TL;3253634693316;1;0;0;1
1782;252-DIDOU;640783;1106006;MARINE M;979;TXS;3253634752860;1;0;0;1
1782;252-DIDOU;640784;1106006;MARINE M;979;TS;3253634752877;1;0;0;1
1782;252-DIDOU;640776;1106006;MARINE M;979;TM;3253634752808;1;0;0;1
1782;252-DIDOU;640785;1106006;MARINE M;979;TL;3253634752884;1;0;0;1
1782;261-RARAM.F;638681;1106507;MULTICO;900;T34;3253634732626;1;0;0;1
1782;261-RARAM.F;638682;1106507;MULTICO;900;T36;3253634732633;1;0;0;1
1782;261-RARAM.F;638668;1106507;MULTICO;900;T38;3253634732503;1;0;0;1
1782;261-RARAM.F;638683;1106507;MULTICO;900;T40;3253634732640;1;0;0;1
1782;261-RARAM.F;638684;1106507;MULTICO;900;T42;3253634732657;1;0;0;1
1782;261-DBABY;638797;1106523;NOIR M;979;TXS;3253634733739;1;0;0;1
1782;261-DBABY;638798;1106523;NOIR M;979;TS;3253634733746;1;0;0;1
1782;261-DBABY;638785;1106523;NOIR M;979;TM;3253634733623;1;0;0;1
1782;261-ROSET.F;638904;1106536;MULTICO;900;T34;3253634734736;1;0;0;1
1782;261-ROSET.F;638905;1106536;MULTICO;900;T36;3253634734743;1;0;0;1
1782;261-ROSET.F;638889;1106536;MULTICO;900;T38;3253634734590;1;0;0;1
1782;261-ROSET.F;638906;1106536;MULTICO;900;T40;3253634734750;0;1;0;1
1782;261-ROSET.F;638907;1106536;MULTICO;900;T42;3253634734767;1;0;0;1
1782;261-DGUAPA;640286;1106690;OFF WHITE M;931;TM;3253634748269;1;0;0;1
1782;261-DGUAPA;640294;1106690;OFF WHITE M;931;TL;3253634748337;1;0;0;1
1782;261-DCIAO;640792;1106739;MYRTILLE M;1204;TM;3253634752952;1;0;0;1
1782;261-DWONDER;640810;1106741;OFF WHITE M;931;TXS;3253634753126;1;0;0;1
1782;261-DWONDER;640811;1106741;OFF WHITE M;931;TS;3253634753133;1;0;0;1
1782;261-DWONDER;640794;1106741;OFF WHITE M;931;TM;3253634752976;1;0;0;1
1782;261-DIYUKI;640815;1106742;IVOIRE/NOIR;928;TS;3253634753171;1;0;0;1
1782;261-DIYUKI;640795;1106742;IVOIRE/NOIR;928;TM;3253634752983;1;0;0;1
1782;261-DIYUKI;640816;1106742;IVOIRE/NOIR;928;TL;3253634753188;1;0;0;1
1782;261-DIDOU1;640829;1106745;OFF WHITE M;931;TXS;3253634753300;1;0;0;1
1782;261-DIDOU1;640830;1106745;OFF WHITE M;931;TS;3253634753317;1;0;0;1
1782;261-DIDOU1;640823;1106745;OFF WHITE M;931;TM;3253634753256;1;0;0;1
1782;261-DCAROLE;641368;1106837;MARINE/OFF WHITE;926;TXS;3253634758633;1;0;0;1
1782;261-DCAROLE;641369;1106837;MARINE/OFF WHITE;926;TS;3253634758640;1;0;0;1
1782;261-DCAROLE;641358;1106837;MARINE/OFF WHITE;926;TM;3253634758541;1;0;0;1
1782;261-DCAROLE;641370;1106837;MARINE/OFF WHITE;926;TL;3253634758657;1;0;0;1
1782;261-DARIA;641633;1106896;NOIR M;979;TXS;3253634761237;1;0;0;1
1782;261-DARIA;641635;1106896;NOIR M;979;TL;3253634761251;1;0;0;1
1782;261-ROCHI;641766;1106919;MARINE M;987;T34;3253634762531;1;0;0;1
1782;261-ROCHI;641767;1106919;MARINE M;987;T36;3253634762548;1;0;0;1
1782;261-ROCHI;641763;1106919;MARINE M;987;T38;3253634762517;1;0;0;1
1782;261-ROCHI;641768;1106919;MARINE M;987;T40;3253634762555;1;0;0;1
1782;261-ROCHI;641769;1106919;MARINE M;987;T42;3253634762562;1;0;0;1
1782;261-DOMIO;641771;1106920;OFF WHITE M;931;TXS;3253634762586;1;0;0;1
1782;261-DOMIO;641772;1106920;OFF WHITE M;931;TS;3253634762593;1;0;0;1
1782;261-DOMIO;641764;1106920;OFF WHITE M;931;TM;3253634762524;1;0;0;1
1782;261-DOOTHY;643536;1107198;NOIR M;979;TS;3253634779836;1;0;0;1
1782;261-DHIVAL;643679;1107215;MARINE M;931;TXS;3253634781181;1;0;0;1
1782;261-DHIVAL;643680;1107215;MARINE M;931;TS;3253634781198;1;0;0;1
1782;261-DHIVAL;643673;1107215;MARINE M;931;TM;3253634781136;1;0;0;1
1782;261-DHIVAL;643681;1107215;MARINE M;931;TL;3253634781204;0;1;0;1
1782;261-RSAMYA;643880;1107233;WHITE SMOKE;979;T34;3253634783109;2;0;0;2
1782;261-RSAMYA;643881;1107233;WHITE SMOKE;979;T36;3253634783116;2;0;0;2
1782;261-RSAMYA;643872;1107233;WHITE SMOKE;979;T38;3253634783031;2;0;0;2
1782;261-RSAMYA;643882;1107233;WHITE SMOKE;979;T40;3253634783123;1;0;0;1
1782;261-RSAMYA;643883;1107233;WHITE SMOKE;979;T42;3253634783130;1;0;0;1
2020;211-PROSY.F;493644;85001;IVOIRE;100;T34;3253633418606;1;0;0;1
2020;211-PROSY.F;493645;85001;IVOIRE;100;T36;3253633418613;1;0;0;1
2020;211-PROSY.F;493646;85001;IVOIRE;100;T38;3253633418620;1;0;0;1
2020;211-PROSY.F;493647;85001;IVOIRE;100;T40;3253633418637;2;0;0;2
2020;211-PROSY.F;493648;85001;IVOIRE;100;T42;3253633418644;1;0;0;1
2020;211-PROSY.F;493649;85001;IVOIRE;100;T44;3253633418651;1;0;0;1
2020;231-DATE;632870;93923;SWEET DREAMS;201;TXS;3253634679938;1;0;0;1
2020;231-DATE;632871;93923;SWEET DREAMS;201;TS;3253634679945;1;0;0;1
2020;241-ROSVAL;628166;97093;BLUE DEPTHS;979;T34;3253634634470;1;0;0;1
2020;241-ROSVAL;628167;97093;BLUE DEPTHS;979;T36;3253634634487;1;0;0;1
2020;241-ROSVAL;628168;97093;BLUE DEPTHS;979;T38;3253634634494;1;0;0;1
2020;241-ROSVAL;628169;97093;BLUE DEPTHS;979;T40;3253634634500;1;0;0;1
2020;241-ROSVAL;628170;97093;BLUE DEPTHS;979;T42;3253634634517;1;0;0;1
2020;241-DAGA;632874;98032;PALE BANANA;508;TXS;3253634679976;1;0;0;1
2020;241-DAGA;632875;98032;PALE BANANA;508;TS;3253634679983;1;0;0;1
2020;241-DAGA;632868;98032;PALE BANANA;508;TM;3253634679921;1;0;0;1
2020;241-MELAN;633078;98061;MYRTILLE M;1204;TXS;3253634681962;1;0;0;1
2020;241-MELAN;633076;98061;MYRTILLE M;1204;TM;3253634681955;1;0;0;1
2020;241-MELAN;633080;98061;MYRTILLE M;1204;TL;3253634681986;1;0;0;1
2020;241-OROOVE;633780;98443;NAVAL ACADEMY;1288;T34;3253634688848;1;0;0;1
2020;241-OROOVE;633781;98443;NAVAL ACADEMY;1288;T36;3253634688855;1;0;0;1
2020;241-OROOVE;633746;98443;NAVAL ACADEMY;1288;T38;3253634688510;1;0;0;1
2020;241-OROOVE;633783;98443;NAVAL ACADEMY;1288;T42;3253634688879;1;0;0;1
2020;242-OLAFI;613909;98945;IVOIRE M;1293;T34;3253634498669;1;0;0;1
2020;242-OLAFI;613913;98945;IVOIRE M;1293;T42;3253634498706;1;0;0;1
2020;241-ROSLI;633800;99078;MAGMA M;314;T34;3253634689043;1;0;0;1
2020;241-ROSLI;633801;99078;MAGMA M;314;T36;3253634689050;1;0;0;1
2020;241-ROSLI;633806;99078;PALE BANANA;314;T36;3253634689104;1;0;0;1
2020;241-ROSLI;633738;99078;PALE BANANA;314;T38;3253634688435;1;0;0;1
2020;241-ROSLI;633802;99078;MAGMA M;314;T40;3253634689067;1;0;0;1
2020;241-ROSLI;633807;99078;PALE BANANA;314;T40;3253634689111;2;0;0;2
2020;241-ROSLI;633803;99078;MAGMA M;314;T42;3253634689074;1;0;0;1
2020;242-MUSHU;592454;99513;ECRU;201;TXS;3253634297200;1;0;0;1
2020;242-MUSHU;592456;99513;ECRU;201;TM;3253634297224;1;0;0;1
2020;242-MUSHU;592457;99513;ECRU;201;TL;3253634297231;1;0;0;1
2020;241-DEUX;594613;99913;MULTICO;900;TXS;3253634318790;1;0;0;1
2020;241-DEUX;594614;99913;MULTICO;900;TS;3253634318806;1;0;0;1
2020;241-DEUX;594615;99913;MULTICO;900;TM;3253634318813;1;0;0;1
2020;241-DEUX;594616;99913;MULTICO;900;TL;3253634318820;1;0;0;1
2020;241-DEUX;594617;99913;MULTICO;900;TXL;3253634318837;1;0;0;1
2020;251-DIDOA;605541;101546;IVOIRE M;988;TXS;3253634422114;1;0;0;1
2020;251-DIDOA;627300;101546;CAPERS;988;TXS;3253634625812;1;0;0;1
2020;251-DIDOA;608613;101546;NOIR M;988;TXS;3253634452838;1;0;0;1
2020;251-DIDOA;608614;101546;NOIR M;988;TS;3253634452845;1;0;0;1
2020;251-DIDOA;627301;101546;CAPERS;988;TS;3253634625829;1;0;0;1
2020;251-DIDOA;605543;101546;IVOIRE M;988;TM;3253634422138;1;0;0;1
2020;251-DIDOA;608615;101546;NOIR M;988;TM;3253634452852;1;0;0;1
2020;251-DIDOA;627307;101546;ARGAN OIL;988;TM;3253634625881;1;0;0;1
2020;251-DIDOA;627302;101546;CAPERS;988;TM;3253634625836;1;0;0;1
2020;251-DIDOA;608616;101546;NOIR M;988;TL;3253634452869;1;0;0;1
2020;251-DIDOA;605544;101546;IVOIRE M;988;TL;3253634422145;1;0;0;1
2020;251-DIDOA;627303;101546;CAPERS;988;TL;3253634625843;1;0;0;1
2020;251-RIA;633825;1102137;NOIR M;301;T34;3253634689296;1;0;0;1
2020;251-RIA;633826;1102137;NOIR M;301;T36;3253634689302;1;0;0;1
2020;251-RIA;633720;1102137;NOIR M;301;T38;3253634688251;1;0;0;1
2020;251-RIA;633827;1102137;NOIR M;301;T40;3253634689319;1;0;0;1
2020;251-RIA;633828;1102137;NOIR M;301;T42;3253634689326;1;0;0;1
2020;251-RISSAL;633830;1102139;NAVAL ACADEMY;1288;T34;3253634689340;1;0;0;1
2020;251-RISSAL;630000;1102139;TEABERRY;1288;T36;3253634652818;1;0;0;1
2020;251-RISSAL;633831;1102139;NAVAL ACADEMY;1288;T36;3253634689357;1;0;0;1
2020;251-RISSAL;633724;1102139;NAVAL ACADEMY;1288;T38;3253634688299;1;0;0;1
2020;251-RISSAL;630001;1102139;TEABERRY;1288;T38;3253634652825;1;0;0;1
2020;251-RISSAL;630002;1102139;TEABERRY;1288;T40;3253634652832;1;0;0;1
2020;251-RISSAL;633832;1102139;NAVAL ACADEMY;1288;T40;3253634689364;1;0;0;1
2020;251-RISSAL;628254;1102139;AVENTURINE;1288;T42;3253634635354;1;0;0;1
2020;251-RISSAL;630003;1102139;TEABERRY;1288;T42;3253634652849;1;0;0;1
2020;251-RISSAL;633833;1102139;NAVAL ACADEMY;1288;T42;3253634689371;1;0;0;1
2020;251-DELLA;610064;1102191;OFF WHITE M;979;TXS;3253634466668;1;0;0;1
2020;251-DELLA;610065;1102191;OFF WHITE M;979;TS;3253634466675;1;0;0;1
2020;251-DELLA;610066;1102191;OFF WHITE M;979;TM;3253634466682;1;0;0;1
2020;251-DELLA;632856;1102191;NOIR M;979;TM;3253634679808;1;0;0;1
2020;251-DELLA;610067;1102191;OFF WHITE M;979;TL;3253634466699;1;0;0;1
2020;251-DALBA;632886;1102198;OFF WHITE M;1166;TXS;3253634680095;1;0;0;1
2020;251-DALBA;632887;1102198;OFF WHITE M;1166;TS;3253634680101;1;0;0;1
2020;251-DALBA;634153;1102198;BUBBLE M;1166;TS;3253634692548;1;0;0;1
2020;251-DALBA;634141;1102198;BUBBLE M;1166;TM;3253634692432;1;0;0;1
2020;251-REINE1;633835;1102222;MYRTILLE M;1204;T34;3253634689395;2;0;0;2
2020;252-RMARMAI;613061;1102606;HAVANE M;1105;TXS;3253634490199;1;0;0;1
2020;252-RMARMAI;613062;1102606;HAVANE M;1105;TS;3253634490205;1;0;0;1
2020;252-RMARMAI;613063;1102606;HAVANE M;1105;TM;3253634490212;1;0;0;1
2020;252-RMARMAI;613064;1102606;HAVANE M;1105;TL;3253634490229;1;0;0;1
2020;252-DFLOWER;613111;1102614;NOIR M;931;TXS;3253634490694;1;0;0;1
2020;252-DFLOWER;634156;1102614;NAVAL ACADEMY;931;TXS;3253634692579;1;0;0;1
2020;252-DFLOWER;613112;1102614;NOIR M;931;TS;3253634490700;1;0;0;1
2020;252-DFLOWER;634157;1102614;NAVAL ACADEMY;931;TS;3253634692586;1;0;0;1
2020;252-DFLOWER;613113;1102614;NOIR M;931;TM;3253634490717;1;0;0;1
2020;252-DFLOWER;634140;1102614;NAVAL ACADEMY;931;TM;3253634692425;1;0;0;1
2020;252-DFLOWER;613114;1102614;NOIR M;931;TL;3253634490724;1;0;0;1
2020;252-DAROD;632903;1102626;MARINE M;1104;TS;3253634680262;1;0;0;1
2020;252-DAROD;632849;1102626;MARINE M;1104;TM;3253634679730;1;0;0;1
2020;252-DAROD;632904;1102626;MARINE M;1104;TL;3253634680279;2;0;0;2
2020;251-RJOLIE;615778;1103015;MARINE M;1191;T34;3253634517131;1;0;0;1
2020;251-RJOLIE;615780;1103015;MARINE M;1191;T38;3253634517155;1;0;0;1
2020;251-RJOLIE;615781;1103015;MARINE M;1191;T40;3253634517162;1;0;0;1
2020;251-RJOLIE;615782;1103015;MARINE M;1191;T42;3253634517179;1;0;0;1
2020;251-DSARAH;615862;1103028;IVOIRE M;978;TS;3253634517971;1;0;0;1
2020;251-DSARAH;615863;1103028;IVOIRE M;978;TM;3253634517988;1;0;0;1
2020;251-DSARAH;615864;1103028;IVOIRE M;978;TL;3253634517995;1;0;0;1
2020;251-DROSSO;627338;1103484;MARINE M;931;TS;3253634626192;1;0;0;1
2020;251-DROSSO;627340;1103484;MARINE M;931;TL;3253634626215;1;0;0;1
2020;251-DALIKA;619301;1103498;OFF WHITE M;931;TXS;3253634551593;1;0;0;1
2020;251-DALIKA;619302;1103498;OFF WHITE M;931;TS;3253634551609;1;0;0;1
2020;251-DALIKA;619303;1103498;OFF WHITE M;931;TM;3253634551616;1;0;0;1
2020;251-DALIKA;619304;1103498;OFF WHITE M;931;TL;3253634551623;1;0;0;1
2020;261-DIANA;627357;1104721;BUTTER M;987;TXS;3253634626383;1;0;0;1
2020;261-DIANA;627359;1104721;BUTTER M;987;TM;3253634626406;1;0;0;1
2020;261-DAHLIA;627888;1104787;OFF WHITE M;1299;TXS;3253634631691;1;0;0;1
2020;261-DAHLIA;627889;1104787;OFF WHITE M;1299;TS;3253634631707;2;0;0;2
2020;261-DAHLIA;627890;1104787;OFF WHITE M;1299;TM;3253634631714;1;0;0;1
2020;261-RDADOU;628454;1104860;FIG;979;T34;3253634637358;1;0;0;1
2020;261-RDADOU;628457;1104860;FIG;979;T40;3253634637389;1;0;0;1
2020;261-RDADOU;628458;1104860;FIG;979;T42;3253634637396;1;0;0;1
2020;261-RMARIUS;628563;1104872;BUTTER M;1191;TXS;3253634638447;1;0;0;1
2020;261-RMARIUS;628564;1104872;BUTTER M;1191;TS;3253634638454;1;0;0;1
2020;261-RMARIUS;628565;1104872;BUTTER M;1191;TM;3253634638461;1;0;0;1
2020;261-DIVALI;632908;1105668;MYRTILLE M;1204;TL;3253634680316;1;0;0;1
2020;261-DTAL;632926;1105672;BUBBLE M;1166;TXS;3253634680491;1;0;0;1
2020;261-DTAL;632927;1105672;BUBBLE M;1166;TS;3253634680507;1;0;0;1
2020;261-DTAL;632855;1105672;BUBBLE M;1166;TM;3253634679792;1;0;0;1
2020;261-DTAL;632928;1105672;BUBBLE M;1166;TL;3253634680514;2;0;0;2
2020;261-DOUCE;632938;1105675;OFF WHITE M;931;TXS;3253634680613;1;0;0;1
2020;261-DOUCE;632939;1105675;OFF WHITE M;931;TS;3253634680620;1;0;0;1
2020;261-DOUCE;632861;1105675;OFF WHITE M;931;TM;3253634679853;1;0;0;1
2020;261-DOUCE;632940;1105675;OFF WHITE M;931;TL;3253634680637;1;0;0;1
2020;261-DFESTON;632862;1105676;SWEET DREAMS;1199;TM;3253634679860;1;0;0;1
2020;261-DFESTON;632944;1105676;SWEET DREAMS;1199;TL;3253634680675;1;0;0;1
2020;261-DNAVY;632950;1105677;MARINE/OFF WHITE;926;TXS;3253634680736;1;0;0;1
2020;261-DNAVY;632951;1105677;MARINE/OFF WHITE;926;TS;3253634680743;1;0;0;1
2020;261-DNAVY;632864;1105677;MARINE/OFF WHITE;926;TM;3253634679884;2;0;0;2
2020;261-DNAVY;632952;1105677;MARINE/OFF WHITE;926;TL;3253634680750;1;0;0;1
2020;261-DSAMIR;632965;1105679;MYRTILLE M;931;TXS;3253634680873;1;0;0;1
2020;261-DSAMIR;632969;1105679;PRAIRIE M;931;TXS;3253634680910;1;0;0;1
2020;261-DSAMIR;632970;1105679;PRAIRIE M;931;TS;3253634680927;1;0;0;1
2020;261-DSAMIR;632960;1105679;PRAIRIE M;931;TM;3253634680835;1;0;0;1
2020;261-DSAMIR;632959;1105679;MYRTILLE M;931;TM;3253634680828;2;0;0;2
2020;261-DSAMIR;632967;1105679;MYRTILLE M;931;TL;3253634680897;1;0;0;1
2020;261-DSAMIR;632971;1105679;PRAIRIE M;931;TL;3253634680934;1;0;0;1
2020;261-DROSE;632997;1105681;OFF WHITE M;931;TXS;3253634681184;1;0;0;1
2020;261-DROSE;632998;1105681;OFF WHITE M;931;TS;3253634681191;1;0;0;1
2020;261-DROSE;632990;1105681;OFF WHITE M;931;TM;3253634681122;1;0;0;1
2020;261-DROSE;632999;1105681;OFF WHITE M;931;TL;3253634681207;1;0;0;1
2020;261-DRED;633001;1105682;MAGMA M;1023;TXS;3253634681221;1;0;0;1
2020;261-DRED;633002;1105682;MAGMA M;1023;TS;3253634681238;1;0;0;1
2020;261-MPIKA;633106;1105694;ROSEE M;1219;TXS;3253634682235;1;0;0;1
2020;261-MPIKA;633107;1105694;ROSEE M;1219;TS;3253634682242;1;0;0;1
2020;261-MPIKA;633094;1105694;ROSEE M;1219;TM;3253634682129;1;0;0;1
2020;261-MPIKA;633108;1105694;ROSEE M;1219;TL;3253634682259;1;0;0;1
2020;261-MLOSI;633126;1105699;NOIR/IVOIRE;929;TXS;3253634682433;1;0;0;1
2020;261-MLOSI;633127;1105699;NOIR/IVOIRE;929;TS;3253634682440;1;0;0;1
2020;261-MLOSI;633099;1105699;NOIR/IVOIRE;929;TM;3253634682174;1;0;0;1
2020;261-MLOSI;633128;1105699;NOIR/IVOIRE;929;TL;3253634682457;1;0;0;1
2020;261-DEFI;634160;1105706;BUTTER M;1199;TXS;3253634692616;1;0;0;1
2020;261-DEFI;634161;1105706;BUTTER M;1199;TS;3253634692623;1;0;0;1
2020;261-DEFI;634162;1105706;BUTTER M;1199;TL;3253634692630;1;0;0;1
2020;261-3FLEUR;633217;1105716;DORE;401;T1;3253634683294;1;0;0;1
2020;261-3FLEUR;633226;1105716;DORE;401;T2;3253634683379;1;0;0;1
2020;261-RMILAN;633348;1105731;DORE;401;TXS;3253634684574;1;0;0;1
2020;261-RMILAN;633241;1105731;DORE;401;TM;3253634683515;2;0;0;2
2020;261-RMILAN;633350;1105731;DORE;401;TL;3253634684598;1;0;0;1
2020;261-POPA;633390;1105739;NOIR M;979;T34;3253634684994;1;0;0;1
2020;261-POPA;633392;1105739;NOIR M;979;T40;3253634685014;1;0;0;1
2020;261-POPA;633393;1105739;NOIR M;979;T42;3253634685021;1;0;0;1
2020;261-JITAMI;633484;1105757;DENIM STONE;993;T34;3253634685939;1;0;0;1
2020;261-JITAMI;633485;1105757;DENIM STONE;993;T36;3253634685946;1;0;0;1
2020;261-JITAMI;633274;1105757;DENIM STONE;993;T38;3253634683843;1;0;0;1
2020;261-JITAMI;633486;1105757;DENIM STONE;993;T40;3253634685953;1;0;0;1
2020;261-JITAMI;633487;1105757;DENIM STONE;993;T42;3253634685960;1;0;0;1
2020;261-DNINO;633509;1105763;NAVAL ACADEMY;1200;TM;3253634686189;1;0;0;1
2020;261-RISSOL;633852;1105784;NAVAL ACADEMY;1023;T40;3253634689562;1;0;0;1
2020;261-RISSOL;633853;1105784;NAVAL ACADEMY;1023;T42;3253634689579;1;0;0;1
2020;261-OPON;633862;1105786;OFF WHITE M;931;T40;3253634689661;1;0;0;1
2020;261-RIKOOL;633900;1105794;NAVAL ACADEMY;1200;T34;3253634690049;1;0;0;1
2020;261-RIKOOL;633901;1105794;NAVAL ACADEMY;1200;T36;3253634690056;1;0;0;1
2020;261-RIKOOL;633715;1105794;NAVAL ACADEMY;1200;T38;3253634688206;1;0;0;1
2020;261-RIKOOL;633902;1105794;NAVAL ACADEMY;1200;T40;3253634690063;2;0;0;2
2020;261-RIKOOL;633903;1105794;NAVAL ACADEMY;1200;T42;3253634690070;1;0;0;1
2020;261-RELIF.F;633920;1105798;MULTICO;900;T34;3253634690247;1;0;0;1
2020;261-RELIF.F;633721;1105798;MULTICO;900;T38;3253634688268;1;0;0;1
2020;261-RELIF.F;633922;1105798;MULTICO;900;T40;3253634690261;1;0;0;1
2020;261-RELIF.F;633923;1105798;MULTICO;900;T42;3253634690278;1;0;0;1
2020;261-RPLISSY;633930;1105800;MAGMA M;1023;T34;3253634690346;1;0;0;1
2020;261-RPLISSY;633723;1105800;MAGMA M;1023;T38;3253634688282;1;0;0;1
2020;261-RPLISSY;633932;1105800;MAGMA M;1023;T40;3253634690360;1;0;0;1
2020;261-RPLISSY;633933;1105800;MAGMA M;1023;T42;3253634690377;1;0;0;1
2020;261-OPA;633940;1105802;NOIR M;979;T34;3253634690445;1;0;0;1
2020;261-OPA;633941;1105802;NOIR M;979;T36;3253634690452;1;0;0;1
2020;261-OPA;633942;1105802;NOIR M;979;T40;3253634690469;1;0;0;1
2020;261-OPA;633943;1105802;NOIR M;979;T42;3253634690476;1;0;0;1
2020;261-RELOW;633950;1105804;NOIR M;979;T34;3253634690544;1;0;0;1
2020;261-RELOW;633728;1105804;NOIR M;979;T38;3253634688336;1;0;0;1
2020;261-RSOAN;633955;1105805;MULTICO;900;T34;3253634690599;1;0;0;1
2020;261-RSOAN;633958;1105805;MULTICO;900;T42;3253634690629;1;0;0;1
2020;261-RAYEE;633960;1105806;PALE BANANA;1144;T34;3253634690643;1;0;0;1
2020;261-RAYEE;633961;1105806;PALE BANANA;1144;T36;3253634690650;1;0;0;1
2020;261-RAYEE;633730;1105806;PALE BANANA;1144;T38;3253634688350;1;0;0;1
2020;261-RAYEE;633962;1105806;PALE BANANA;1144;T40;3253634690667;1;0;0;1
2020;261-RAYEE;633963;1105806;PALE BANANA;1144;T42;3253634690674;1;0;0;1
2020;261-RODIOL;633986;1105811;NOIR/IVOIRE;929;T36;3253634690902;1;0;0;1
2020;261-RODIOL;633987;1105811;NOIR/IVOIRE;929;T40;3253634690919;1;0;0;1
2020;261-PIBO.F;633992;1105812;NAVAL ACADEMY;1200;T40;3253634690964;2;0;0;2
2020;261-PIBO.F;633993;1105812;NAVAL ACADEMY;1200;T42;3253634690971;1;0;0;1
2020;261-CUBA.F;634000;1105814;MULTICO;900;T34;3253634691046;1;0;0;1
2020;261-CUBA.F;634001;1105814;MULTICO;900;T36;3253634691053;1;0;0;1
2020;261-CUBA.F;633745;1105814;MULTICO;900;T38;3253634688503;1;0;0;1
2020;261-CUBA.F;634002;1105814;MULTICO;900;T40;3253634691060;1;0;0;1
2020;261-RBELLE;634020;1105818;OFF WHITE M;931;T34;3253634691244;1;0;0;1
2020;261-RBELLE;634021;1105818;OFF WHITE M;931;T36;3253634691251;1;0;0;1
2020;261-RBELLE;633751;1105818;OFF WHITE M;931;T38;3253634688565;1;0;0;1
2020;261-RBELLE;634022;1105818;OFF WHITE M;931;T40;3253634691268;2;0;0;2
2020;261-RBELLE;634023;1105818;OFF WHITE M;931;T42;3253634691275;2;0;0;2
2020;261-RDOLSOU;634035;1105821;PRAIRIE M;1213;T34;3253634691398;1;0;0;1
2020;261-RDOLSOU;634038;1105821;PRAIRIE M;1213;T42;3253634691428;1;0;0;1
2020;261-PBELLE;634051;1105824;NOIR M;979;T36;3253634691558;1;0;0;1
2020;261-PBELLE;634052;1105824;NOIR M;979;T40;3253634691565;1;0;0;1
2020;261-RDALA.F;634055;1105825;MULTICO;900;T34;3253634691596;1;0;0;1
2020;261-RDALA.F;634056;1105825;MULTICO;900;T36;3253634691602;1;0;0;1
2020;261-RDALA.F;634057;1105825;MULTICO;900;T40;3253634691619;1;0;0;1
2020;261-RDALA.F;634058;1105825;MULTICO;900;T42;3253634691626;1;0;0;1
2020;261-DANIELA;634168;1105832;MAGMA M;979;TXS;3253634692692;1;0;0;1
2020;261-DANIELA;634169;1105832;MAGMA M;979;TS;3253634692708;1;0;0;1
2020;261-DANIELA;634133;1105832;MAGMA M;979;TM;3253634692357;1;0;0;1
2020;261-DANIELA;634170;1105832;MAGMA M;979;TL;3253634692715;1;0;0;1
2020;261-DJOJO;638977;1105834;NOIR M;979;TXS;3253634735443;1;0;0;1
2020;261-DJOJO;634184;1105834;OFF WHITE M;979;TXS;3253634692852;1;0;0;1
2020;261-DJOJO;638978;1105834;NOIR M;979;TS;3253634735450;1;0;0;1
2020;261-DJOJO;634185;1105834;OFF WHITE M;979;TS;3253634692869;1;0;0;1
2020;261-DJOJO;634136;1105834;OFF WHITE M;979;TM;3253634692388;1;0;0;1
2020;261-DJOJO;634186;1105834;OFF WHITE M;979;TL;3253634692876;1;0;0;1
2020;261-DYLAN;634188;1105835;OFF WHITE M;931;TXS;3253634692890;1;0;0;1
2020;261-DYLAN;634189;1105835;OFF WHITE M;931;TS;3253634692906;1;0;0;1
2020;261-DYLAN;634137;1105835;OFF WHITE M;931;TM;3253634692395;1;0;0;1
2020;261-DYLAN;634190;1105835;OFF WHITE M;931;TL;3253634692913;1;0;0;1
2020;261-DANANA;634200;1105837;PALE BANANA;1144;TXS;3253634693019;1;0;0;1
2020;261-DANANA;634201;1105837;PALE BANANA;1144;TS;3253634693026;1;0;0;1
2020;261-DANANA;634142;1105837;PALE BANANA;1144;TM;3253634692449;1;0;0;1
2020;261-DANANA;634202;1105837;PALE BANANA;1144;TL;3253634693033;1;0;0;1
2020;261-DPALM;634212;1105840;OFF WHITE M;931;TXS;3253634693132;1;0;0;1
2020;261-DPALM;634213;1105840;OFF WHITE M;931;TS;3253634693149;1;0;0;1
2020;261-DPALM;634214;1105840;OFF WHITE M;931;TL;3253634693156;1;0;0;1
2020;261-DAMA;634220;1105842;MAGMA M;931;TXS;3253634693217;1;0;0;1
2020;261-DAMA;634228;1105842;NAVAL ACADEMY;931;TXS;3253634693293;1;0;0;1
2020;261-DAMA;634221;1105842;MAGMA M;931;TS;3253634693224;1;0;0;1
2020;261-DAMA;634229;1105842;NAVAL ACADEMY;931;TS;3253634693309;1;0;0;1
2020;261-DAMA;634230;1105842;NAVAL ACADEMY;931;TL;3253634693316;0;0;1;1
2020;261-DAMA;634222;1105842;MAGMA M;931;TL;3253634693231;1;0;0;1
2020;252-DIDOU;640784;1106006;MARINE M;979;TS;3253634752877;1;0;0;1
2020;252-DIDOU;640776;1106006;MARINE M;979;TM;3253634752808;1;0;0;1
2020;252-DIDOU;640785;1106006;MARINE M;979;TL;3253634752884;1;0;0;1
2020;261-RARAM.F;638681;1106507;MULTICO;900;T34;3253634732626;1;0;0;1
2020;261-RARAM.F;638682;1106507;MULTICO;900;T36;3253634732633;1;0;0;1
2020;261-RARAM.F;638668;1106507;MULTICO;900;T38;3253634732503;1;0;0;1
2020;261-RARAM.F;638683;1106507;MULTICO;900;T40;3253634732640;1;0;0;1
2020;261-RARAM.F;638684;1106507;MULTICO;900;T42;3253634732657;1;0;0;1
2020;261-DJARDI;638734;1106515;MULTICO;900;TXS;3253634733128;1;0;0;1
2020;261-DJARDI;638735;1106515;MULTICO;900;TS;3253634733135;1;0;0;1
2020;261-DJARDI;638715;1106515;MULTICO;900;TM;3253634732947;1;0;0;1
2020;261-DJARDI;638736;1106515;MULTICO;900;TL;3253634733142;2;0;0;2
2020;261-DJARDI;638737;1106515;MULTICO;900;TXL;3253634733159;1;0;0;1
2020;261-DBABY;638797;1106523;NOIR M;979;TXS;3253634733739;1;0;0;1
2020;261-DBABY;638798;1106523;NOIR M;979;TS;3253634733746;1;0;0;1
2020;261-DBABY;638785;1106523;NOIR M;979;TM;3253634733623;1;0;0;1
2020;261-DBABY;638799;1106523;NOIR M;979;TL;3253634733753;0;0;1;1
2020;261-ROSET.F;638904;1106536;MULTICO;900;T34;3253634734736;1;0;0;1
2020;261-ROSET.F;638905;1106536;MULTICO;900;T36;3253634734743;1;0;0;1
2020;261-ROSET.F;638889;1106536;MULTICO;900;T38;3253634734590;1;0;0;1
2020;261-ROSET.F;638906;1106536;MULTICO;900;T40;3253634734750;1;0;0;1
2020;261-ROSET.F;638907;1106536;MULTICO;900;T42;3253634734767;0;0;1;1
2020;261-DGUAPA;640292;1106690;OFF WHITE M;931;TXS;3253634748313;1;0;0;1
2020;261-DGUAPA;640293;1106690;OFF WHITE M;931;TS;3253634748320;1;0;0;1
2020;261-DGUAPA;640286;1106690;OFF WHITE M;931;TM;3253634748269;1;0;0;1
2020;261-DGUAPA;640294;1106690;OFF WHITE M;931;TL;3253634748337;1;0;0;1
2020;261-DWONDER;640810;1106741;OFF WHITE M;931;TXS;3253634753126;1;0;0;1
2020;261-DWONDER;640811;1106741;OFF WHITE M;931;TS;3253634753133;1;0;0;1
2020;261-DWONDER;640794;1106741;OFF WHITE M;931;TM;3253634752976;1;0;0;1
2020;261-DWONDER;640812;1106741;OFF WHITE M;931;TL;3253634753140;1;0;0;1
2020;261-DIYUKI;640814;1106742;IVOIRE/NOIR;928;TXS;3253634753164;1;0;0;1
2020;261-DIYUKI;640815;1106742;IVOIRE/NOIR;928;TS;3253634753171;1;0;0;1
2020;261-DIYUKI;640795;1106742;IVOIRE/NOIR;928;TM;3253634752983;0;0;1;1
2020;261-DIYUKI;640816;1106742;IVOIRE/NOIR;928;TL;3253634753188;1;0;0;1
2020;261-DIDOU1;640829;1106745;OFF WHITE M;931;TXS;3253634753300;1;0;0;1
2020;261-DIDOU1;640823;1106745;OFF WHITE M;931;TM;3253634753256;1;0;0;1
2020;261-DIDOU1;640831;1106745;OFF WHITE M;931;TL;3253634753324;1;0;0;1
2020;261-DCAROLE;641368;1106837;MARINE/OFF WHITE;926;TXS;3253634758633;1;0;0;1
2020;261-DCAROLE;641369;1106837;MARINE/OFF WHITE;926;TS;3253634758640;1;0;0;1
2020;261-DCAROLE;641358;1106837;MARINE/OFF WHITE;926;TM;3253634758541;0;0;1;1
2020;261-DCAROLE;641370;1106837;MARINE/OFF WHITE;926;TL;3253634758657;1;1;0;2
2020;261-DARIA;641633;1106896;NOIR M;979;TXS;3253634761237;1;0;0;1
2020;261-DARIA;641587;1106896;NOIR M;979;TM;3253634760780;1;0;0;1
2020;261-ROCHI;641766;1106919;MARINE M;987;T34;3253634762531;1;0;0;1
2020;261-ROCHI;641767;1106919;MARINE M;987;T36;3253634762548;1;0;0;1
2020;261-ROCHI;641768;1106919;MARINE M;987;T40;3253634762555;1;0;0;1
2020;261-ROCHI;641769;1106919;MARINE M;987;T42;3253634762562;1;0;0;1
2020;261-DOMIO;641771;1106920;OFF WHITE M;931;TXS;3253634762586;1;0;0;1
2020;261-DOMIO;641772;1106920;OFF WHITE M;931;TS;3253634762593;1;0;0;1
2020;261-DOOTHY;643535;1107198;NOIR M;979;TXS;3253634779829;1;0;0;1
2020;261-DOOTHY;643536;1107198;NOIR M;979;TS;3253634779836;1;0;0;1
2020;261-DHIVAL;643679;1107215;MARINE M;931;TXS;3253634781181;1;0;0;1
2020;261-DHIVAL;643680;1107215;MARINE M;931;TS;3253634781198;1;0;0;1
2020;261-DHIVAL;643673;1107215;MARINE M;931;TM;3253634781136;1;0;0;1
2020;261-DHIVAL;643681;1107215;MARINE M;931;TL;3253634781204;1;0;0;1
2020;261-RSAMYA;643880;1107233;WHITE SMOKE;979;T34;3253634783109;1;0;0;1
2020;261-RSAMYA;643881;1107233;WHITE SMOKE;979;T36;3253634783116;1;0;0;1
2020;261-RSAMYA;643872;1107233;WHITE SMOKE;979;T38;3253634783031;1;0;0;1
2020;261-RSAMYA;643882;1107233;WHITE SMOKE;979;T40;3253634783123;0;0;1;1
2020;261-RSAMYA;643883;1107233;WHITE SMOKE;979;T42;3253634783130;1;0;0;1
2094;211-PROSY.F;493644;85001;IVOIRE;100;T34;3253633418606;1;0;0;1
2094;211-PROSY.F;493645;85001;IVOIRE;100;T36;3253633418613;1;0;0;1
2094;211-PROSY.F;493646;85001;IVOIRE;100;T38;3253633418620;1;0;0;1
2094;211-PROSY.F;493647;85001;IVOIRE;100;T40;3253633418637;1;0;0;1
2094;211-PROSY.F;493648;85001;IVOIRE;100;T42;3253633418644;1;0;0;1
2094;231-DATE;632871;93923;SWEET DREAMS;201;TS;3253634679945;1;0;0;1
2094;231-DATE;632865;93923;SWEET DREAMS;201;TM;3253634679891;2;0;0;2
2094;231-DATE;632872;93923;SWEET DREAMS;201;TL;3253634679952;1;0;0;1
2094;241-ROSVAL;628166;97093;BLUE DEPTHS;979;T34;3253634634470;1;0;0;1
2094;241-ROSVAL;628168;97093;BLUE DEPTHS;979;T38;3253634634494;2;0;0;2
2094;241-ROSVAL;628170;97093;BLUE DEPTHS;979;T42;3253634634517;1;0;0;1
2094;241-DAGA;632874;98032;PALE BANANA;508;TXS;3253634679976;1;0;0;1
2094;241-DAGA;632868;98032;PALE BANANA;508;TM;3253634679921;2;0;0;2
2094;241-MELAN;633078;98061;MYRTILLE M;1204;TXS;3253634681962;1;0;0;1
2094;241-MELAN;633079;98061;MYRTILLE M;1204;TS;3253634681979;1;0;0;1
2094;241-MELAN;633076;98061;MYRTILLE M;1204;TM;3253634681955;1;0;0;1
2094;241-MELAN;633080;98061;MYRTILLE M;1204;TL;3253634681986;1;0;0;1
2094;241-OROOVE;633780;98443;NAVAL ACADEMY;1288;T34;3253634688848;1;0;0;1
2094;241-OROOVE;633781;98443;NAVAL ACADEMY;1288;T36;3253634688855;1;0;0;1
2094;241-OROOVE;633746;98443;NAVAL ACADEMY;1288;T38;3253634688510;0;0;1;1
2094;241-OROOVE;633782;98443;NAVAL ACADEMY;1288;T40;3253634688862;1;0;0;1
2094;241-OROOVE;633783;98443;NAVAL ACADEMY;1288;T42;3253634688879;1;0;0;1
2094;242-OLAFI;613909;98945;IVOIRE M;1293;T34;3253634498669;2;0;0;2
2094;242-OLAFI;613910;98945;IVOIRE M;1293;T36;3253634498676;1;0;0;1
2094;242-OLAFI;613912;98945;IVOIRE M;1293;T40;3253634498690;1;0;0;1
2094;242-OLAFI;613913;98945;IVOIRE M;1293;T42;3253634498706;1;0;0;1
2094;241-ROSLI;633800;99078;MAGMA M;314;T34;3253634689043;1;0;0;1
2094;241-ROSLI;633801;99078;MAGMA M;314;T36;3253634689050;3;0;0;3
2094;241-ROSLI;633738;99078;PALE BANANA;314;T38;3253634688435;2;0;0;2
2094;241-ROSLI;633802;99078;MAGMA M;314;T40;3253634689067;1;0;0;1
2094;241-ROSLI;633807;99078;PALE BANANA;314;T40;3253634689111;1;0;0;1
2094;241-ROSLI;633803;99078;MAGMA M;314;T42;3253634689074;1;0;0;1
2094;242-MUSHU;592455;99513;ECRU;201;TS;3253634297217;1;0;0;1
2094;242-MUSHU;592456;99513;ECRU;201;TM;3253634297224;1;0;0;1
2094;242-MUSHU;592457;99513;ECRU;201;TL;3253634297231;1;0;0;1
2094;242-MUSHU;592458;99513;ECRU;201;TXL;3253634297248;1;0;0;1
2094;241-DEUX;594613;99913;MULTICO;900;TXS;3253634318790;1;0;0;1
2094;241-DEUX;594616;99913;MULTICO;900;TL;3253634318820;0;0;0;0
2094;241-DEUX;594617;99913;MULTICO;900;TXL;3253634318837;1;0;0;1
2094;251-DIDOA;627300;101546;CAPERS;988;TXS;3253634625812;1;0;0;1
2094;251-DIDOA;627305;101546;ARGAN OIL;988;TXS;3253634625867;1;0;0;1
2094;251-DIDOA;605541;101546;IVOIRE M;988;TXS;3253634422114;1;0;0;1
2094;251-DIDOA;605542;101546;IVOIRE M;988;TS;3253634422121;2;0;0;2
2094;251-DIDOA;608614;101546;NOIR M;988;TS;3253634452845;1;0;0;1
2094;251-DIDOA;627301;101546;CAPERS;988;TS;3253634625829;1;0;0;1
2094;251-DIDOA;627306;101546;ARGAN OIL;988;TS;3253634625874;1;0;0;1
2094;251-DIDOA;605543;101546;IVOIRE M;988;TM;3253634422138;1;0;0;1
2094;251-DIDOA;627302;101546;CAPERS;988;TM;3253634625836;1;0;0;1
2094;251-DIDOA;627307;101546;ARGAN OIL;988;TM;3253634625881;1;0;0;1
2094;251-DIDOA;627303;101546;CAPERS;988;TL;3253634625843;2;0;0;2
2094;251-DIDOA;627308;101546;ARGAN OIL;988;TL;3253634625898;1;0;0;1
2094;251-RIA;633825;1102137;NOIR M;301;T34;3253634689296;1;0;0;1
2094;251-RIA;633826;1102137;NOIR M;301;T36;3253634689302;1;0;0;1
2094;251-RIA;633720;1102137;NOIR M;301;T38;3253634688251;1;0;0;1
2094;251-RIA;633827;1102137;NOIR M;301;T40;3253634689319;1;0;0;1
2094;251-RIA;633828;1102137;NOIR M;301;T42;3253634689326;1;0;0;1
2094;251-RISSAL;629999;1102139;TEABERRY;1288;T34;3253634652801;0;1;0;1
2094;251-RISSAL;633830;1102139;NAVAL ACADEMY;1288;T34;3253634689340;1;0;0;1
2094;251-RISSAL;633832;1102139;NAVAL ACADEMY;1288;T40;3253634689364;1;0;0;1
2094;251-RISSAL;630003;1102139;TEABERRY;1288;T42;3253634652849;1;0;0;1
2094;251-RISSAL;633833;1102139;NAVAL ACADEMY;1288;T42;3253634689371;2;0;0;2
2094;251-DELLA;632882;1102191;NOIR M;979;TXS;3253634680057;1;0;0;1
2094;251-DELLA;610065;1102191;OFF WHITE M;979;TS;3253634466675;1;0;0;1
2094;251-DELLA;610066;1102191;OFF WHITE M;979;TM;3253634466682;1;0;0;1
2094;251-DELLA;610067;1102191;OFF WHITE M;979;TL;3253634466699;1;0;0;1
2094;251-DALBA;632886;1102198;OFF WHITE M;1166;TXS;3253634680095;1;0;0;1
2094;251-DALBA;634141;1102198;BUBBLE M;1166;TM;3253634692432;1;0;0;1
2094;251-DALBA;632888;1102198;OFF WHITE M;1166;TL;3253634680118;1;0;0;1
2094;251-REINE1;633835;1102222;MYRTILLE M;1204;T34;3253634689395;1;0;0;1
2094;251-REINE1;633836;1102222;MYRTILLE M;1204;T36;3253634689401;2;0;0;2
2094;251-REINE1;633756;1102222;MYRTILLE M;1204;T38;3253634688619;1;0;0;1
2094;252-DFLOWER;613111;1102614;NOIR M;931;TXS;3253634490694;1;0;0;1
2094;252-DFLOWER;634156;1102614;NAVAL ACADEMY;931;TXS;3253634692579;1;0;0;1
2094;252-DFLOWER;613112;1102614;NOIR M;931;TS;3253634490700;1;0;0;1
2094;252-DFLOWER;634140;1102614;NAVAL ACADEMY;931;TM;3253634692425;1;0;0;1
2094;252-DAROD;632902;1102626;MARINE M;1104;TXS;3253634680255;1;0;0;1
2094;252-DAROD;632849;1102626;MARINE M;1104;TM;3253634679730;1;0;0;1
2094;251-RJOLIE;615779;1103015;MARINE M;1191;T36;3253634517148;1;0;0;1
2094;251-RJOLIE;615782;1103015;MARINE M;1191;T42;3253634517179;1;0;0;1
2094;251-DSARAH;615861;1103028;IVOIRE M;978;TXS;3253634517964;1;0;0;1
2094;251-DSARAH;615862;1103028;IVOIRE M;978;TS;3253634517971;1;0;0;1
2094;251-DROSSO;627337;1103484;MARINE M;931;TXS;3253634626185;1;0;0;1
2094;251-DROSSO;627338;1103484;MARINE M;931;TS;3253634626192;1;0;0;1
2094;251-DROSSO;627340;1103484;MARINE M;931;TL;3253634626215;1;0;0;1
2094;251-DALIKA;619301;1103498;OFF WHITE M;931;TXS;3253634551593;1;0;0;1
2094;251-DALIKA;619302;1103498;OFF WHITE M;931;TS;3253634551609;1;0;0;1
2094;251-DALIKA;619303;1103498;OFF WHITE M;931;TM;3253634551616;1;0;0;1
2094;251-DALIKA;619304;1103498;OFF WHITE M;931;TL;3253634551623;1;0;0;1
2094;261-DIANA;627357;1104721;BUTTER M;987;TXS;3253634626383;1;0;0;1
2094;261-DAHLIA;627888;1104787;OFF WHITE M;1299;TXS;3253634631691;1;0;0;1
2094;261-RTILA;628363;1104847;AVENTURINE;1150;T44;3253634636443;1;0;0;1
2094;261-RDADOU;628454;1104860;FIG;979;T34;3253634637358;1;0;0;1
2094;261-RMARIUS;628563;1104872;BUTTER M;1191;TXS;3253634638447;1;0;0;1
2094;261-DIVALI;632906;1105668;MYRTILLE M;1204;TXS;3253634680293;1;0;0;1
2094;261-DIVALI;632907;1105668;MYRTILLE M;1204;TS;3253634680309;1;0;0;1
2094;261-DIVALI;632909;1105668;MYRTILLE M;1204;TXL;3253634680323;0;0;0;0
2094;261-DTAL;632926;1105672;BUBBLE M;1166;TXS;3253634680491;2;0;0;2
2094;261-DTAL;632927;1105672;BUBBLE M;1166;TS;3253634680507;1;0;0;1
2094;261-DTAL;632855;1105672;BUBBLE M;1166;TM;3253634679792;2;0;0;2
2094;261-DTAL;632928;1105672;BUBBLE M;1166;TL;3253634680514;2;0;0;2
2094;261-DOUCE;632861;1105675;OFF WHITE M;931;TM;3253634679853;1;0;0;1
2094;261-DFESTON;632942;1105676;SWEET DREAMS;1199;TXS;3253634680651;1;0;0;1
2094;261-DFESTON;632943;1105676;SWEET DREAMS;1199;TS;3253634680668;1;0;0;1
2094;261-DFESTON;632862;1105676;SWEET DREAMS;1199;TM;3253634679860;1;0;0;1
2094;261-DFESTON;632944;1105676;SWEET DREAMS;1199;TL;3253634680675;1;0;0;1
2094;261-DNAVY;632950;1105677;MARINE/OFF WHITE;926;TXS;3253634680736;1;0;0;1
2094;261-DNAVY;632864;1105677;MARINE/OFF WHITE;926;TM;3253634679884;1;0;0;1
2094;261-DSAMIR;632969;1105679;PRAIRIE M;931;TXS;3253634680910;1;0;0;1
2094;261-DSAMIR;632965;1105679;MYRTILLE M;931;TXS;3253634680873;1;0;0;1
2094;261-DSAMIR;632966;1105679;MYRTILLE M;931;TS;3253634680880;1;0;0;1
2094;261-DSAMIR;632970;1105679;PRAIRIE M;931;TS;3253634680927;1;0;0;1
2094;261-DSAMIR;632960;1105679;PRAIRIE M;931;TM;3253634680835;1;0;0;1
2094;261-DSAMIR;632967;1105679;MYRTILLE M;931;TL;3253634680897;3;0;0;3
2094;261-DSAMIR;632971;1105679;PRAIRIE M;931;TL;3253634680934;1;0;0;1
2094;261-DROSE;632997;1105681;OFF WHITE M;931;TXS;3253634681184;2;0;0;2
2094;261-DROSE;632998;1105681;OFF WHITE M;931;TS;3253634681191;1;0;0;1
2094;261-DROSE;632990;1105681;OFF WHITE M;931;TM;3253634681122;1;0;0;1
2094;261-DROSE;632999;1105681;OFF WHITE M;931;TL;3253634681207;1;0;0;1
2094;261-DRED;633001;1105682;MAGMA M;1023;TXS;3253634681221;1;0;0;1
2094;261-DRED;633003;1105682;MAGMA M;1023;TL;3253634681245;1;0;0;1
2094;261-MPIKA;633107;1105694;ROSEE M;1219;TS;3253634682242;1;0;0;1
2094;261-MPIKA;633094;1105694;ROSEE M;1219;TM;3253634682129;1;0;0;1
2094;261-MLOSI;633127;1105699;NOIR/IVOIRE;929;TS;3253634682440;1;0;0;1
2094;261-MLOSI;633099;1105699;NOIR/IVOIRE;929;TM;3253634682174;1;0;0;1
2094;261-DEFI;634160;1105706;BUTTER M;1199;TXS;3253634692616;1;0;0;1
2094;261-3FLEUR;633225;1105716;DORE;401;T0;3253634683362;1;0;0;1
2094;261-3FLEUR;633217;1105716;DORE;401;T1;3253634683294;1;0;0;1
2094;261-3FLEUR;633226;1105716;DORE;401;T2;3253634683379;1;0;0;1
2094;261-RMILAN;633348;1105731;DORE;401;TXS;3253634684574;1;0;0;1
2094;261-RMILAN;633349;1105731;DORE;401;TS;3253634684581;1;0;0;1
2094;261-RMILAN;633241;1105731;DORE;401;TM;3253634683515;1;0;0;1
2094;261-RMILAN;633350;1105731;DORE;401;TL;3253634684598;1;0;0;1
2094;261-POPA;633390;1105739;NOIR M;979;T34;3253634684994;1;0;0;1
2094;261-JITAMI;633485;1105757;DENIM STONE;993;T36;3253634685946;1;0;0;1
2094;261-JITAMI;633274;1105757;DENIM STONE;993;T38;3253634683843;1;0;0;1
2094;261-JITAMI;633486;1105757;DENIM STONE;993;T40;3253634685953;1;0;0;1
2094;261-JITAMI;633487;1105757;DENIM STONE;993;T42;3253634685960;1;0;0;1
2094;261-DNINO;633542;1105763;NAVAL ACADEMY;1200;TXS;3253634686509;1;0;0;1
2094;261-DNINO;633509;1105763;NAVAL ACADEMY;1200;TM;3253634686189;1;0;0;1
2094;261-RISSOL;633852;1105784;NAVAL ACADEMY;1023;T40;3253634689562;1;0;0;1
2094;261-OPON;633860;1105786;OFF WHITE M;931;T34;3253634689647;1;0;0;1
2094;261-OPON;633861;1105786;OFF WHITE M;931;T36;3253634689654;1;0;0;1
2094;261-RIKOOL;633900;1105794;NAVAL ACADEMY;1200;T34;3253634690049;1;0;0;1
2094;261-RIKOOL;633901;1105794;NAVAL ACADEMY;1200;T36;3253634690056;1;0;0;1
2094;261-RIKOOL;633902;1105794;NAVAL ACADEMY;1200;T40;3253634690063;1;0;0;1
2094;261-RIKOOL;633903;1105794;NAVAL ACADEMY;1200;T42;3253634690070;1;0;0;1
2094;261-RELIF.F;633920;1105798;MULTICO;900;T34;3253634690247;1;0;0;1
2094;261-RELIF.F;633921;1105798;MULTICO;900;T36;3253634690254;1;0;0;1
2094;261-RELIF.F;633721;1105798;MULTICO;900;T38;3253634688268;1;0;0;1
2094;261-RPLISSY;633931;1105800;MAGMA M;1023;T36;3253634690353;1;0;0;1
2094;261-RPLISSY;633932;1105800;MAGMA M;1023;T40;3253634690360;1;0;0;1
2094;261-OPA;633940;1105802;NOIR M;979;T34;3253634690445;1;0;0;1
2094;261-OPA;633943;1105802;NOIR M;979;T42;3253634690476;2;0;0;2
2094;261-RELOW;633950;1105804;NOIR M;979;T34;3253634690544;1;0;0;1
2094;261-RELOW;633951;1105804;NOIR M;979;T36;3253634690551;1;0;0;1
2094;261-RELOW;633728;1105804;NOIR M;979;T38;3253634688336;1;0;0;1
2094;261-RELOW;633952;1105804;NOIR M;979;T40;3253634690568;1;0;0;1
2094;261-RELOW;633953;1105804;NOIR M;979;T42;3253634690575;1;0;0;1
2094;261-RSOAN;633729;1105805;MULTICO;900;T38;3253634688343;1;0;0;1
2094;261-RSOAN;633957;1105805;MULTICO;900;T40;3253634690612;1;0;0;1
2094;261-RSOAN;633958;1105805;MULTICO;900;T42;3253634690629;1;0;0;1
2094;261-RAYEE;633730;1105806;PALE BANANA;1144;T38;3253634688350;1;0;0;1
2094;261-RAYEE;633962;1105806;PALE BANANA;1144;T40;3253634690667;1;0;0;1
2094;261-RODIOL;633985;1105811;NOIR/IVOIRE;929;T34;3253634690896;1;0;0;1
2094;261-RODIOL;633986;1105811;NOIR/IVOIRE;929;T36;3253634690902;1;0;0;1
2094;261-RODIOL;633741;1105811;NOIR/IVOIRE;929;T38;3253634688466;1;0;0;1
2094;261-RODIOL;633987;1105811;NOIR/IVOIRE;929;T40;3253634690919;1;0;0;1
2094;261-PIBO.F;633990;1105812;NAVAL ACADEMY;1200;T34;3253634690940;1;0;0;1
2094;261-PIBO.F;633992;1105812;NAVAL ACADEMY;1200;T40;3253634690964;0;0;0;0
2094;261-PIBO.F;633993;1105812;NAVAL ACADEMY;1200;T42;3253634690971;1;0;0;1
2094;261-CUBA.F;634000;1105814;MULTICO;900;T34;3253634691046;1;0;0;1
2094;261-CUBA.F;634001;1105814;MULTICO;900;T36;3253634691053;1;0;0;1
2094;261-CUBA.F;633745;1105814;MULTICO;900;T38;3253634688503;1;0;0;1
2094;261-CUBA.F;634002;1105814;MULTICO;900;T40;3253634691060;1;0;0;1
2094;261-RBELLE;634021;1105818;OFF WHITE M;931;T36;3253634691251;1;0;0;1
2094;261-RBELLE;633751;1105818;OFF WHITE M;931;T38;3253634688565;1;0;0;1
2094;261-RBELLE;634023;1105818;OFF WHITE M;931;T42;3253634691275;1;0;0;1
2094;261-RDOLSOU;634035;1105821;PRAIRIE M;1213;T34;3253634691398;1;0;0;1
2094;261-RDOLSOU;634036;1105821;PRAIRIE M;1213;T36;3253634691404;1;0;0;1
2094;261-RDOLSOU;633757;1105821;PRAIRIE M;1213;T38;3253634688626;1;0;0;1
2094;261-RDOLSOU;634037;1105821;PRAIRIE M;1213;T40;3253634691411;1;0;0;1
2094;261-PBELLE;634050;1105824;NOIR M;979;T34;3253634691541;1;0;0;1
2094;261-PBELLE;633760;1105824;NOIR M;979;T38;3253634688657;1;0;0;1
2094;261-PBELLE;634053;1105824;NOIR M;979;T42;3253634691572;1;0;0;1
2094;261-RDALA.F;634055;1105825;MULTICO;900;T34;3253634691596;1;0;0;1
2094;261-RDALA.F;634056;1105825;MULTICO;900;T36;3253634691602;1;0;0;1
2094;261-RDALA.F;633761;1105825;MULTICO;900;T38;3253634688664;1;0;0;1
2094;261-RDALA.F;634057;1105825;MULTICO;900;T40;3253634691619;1;0;0;1
2094;261-RDALA.F;634058;1105825;MULTICO;900;T42;3253634691626;1;0;0;1
2094;261-RBRUM;634060;1105826;EPICE M;1118;T34;3253634691640;1;0;0;1
2094;261-RBRUM;634061;1105826;EPICE M;1118;T36;3253634691657;1;0;0;1
2094;261-DANIELA;634168;1105832;MAGMA M;979;TXS;3253634692692;1;0;0;1
2094;261-DANIELA;634169;1105832;MAGMA M;979;TS;3253634692708;1;0;0;1
2094;261-DANIELA;634133;1105832;MAGMA M;979;TM;3253634692357;2;0;0;2
2094;261-DANIELA;634170;1105832;MAGMA M;979;TL;3253634692715;1;0;0;1
2094;261-DJOJO;638977;1105834;NOIR M;979;TXS;3253634735443;1;0;0;1
2094;261-DYLAN;634188;1105835;OFF WHITE M;931;TXS;3253634692890;1;0;0;1
2094;261-DYLAN;634189;1105835;OFF WHITE M;931;TS;3253634692906;2;0;0;2
2094;261-DYLAN;634137;1105835;OFF WHITE M;931;TM;3253634692395;0;0;1;1
2094;261-DYLAN;634190;1105835;OFF WHITE M;931;TL;3253634692913;1;0;0;1
2094;261-DANANA;634200;1105837;PALE BANANA;1144;TXS;3253634693019;1;0;0;1
2094;261-DANANA;634202;1105837;PALE BANANA;1144;TL;3253634693033;1;0;0;1
2094;261-DPALM;634212;1105840;OFF WHITE M;931;TXS;3253634693132;1;0;0;1
2094;261-DPALM;634145;1105840;OFF WHITE M;931;TM;3253634692470;1;0;0;1
2094;261-DPALM;634214;1105840;OFF WHITE M;931;TL;3253634693156;1;0;0;1
2094;261-DAMA;634220;1105842;MAGMA M;931;TXS;3253634693217;1;0;0;1
2094;261-DAMA;634228;1105842;NAVAL ACADEMY;931;TXS;3253634693293;1;0;0;1
2094;261-DAMA;634229;1105842;NAVAL ACADEMY;931;TS;3253634693309;1;0;0;1
2094;261-DAMA;634150;1105842;NAVAL ACADEMY;931;TM;3253634692524;1;0;0;1
2094;261-DAMA;634222;1105842;MAGMA M;931;TL;3253634693231;1;0;0;1
2094;261-DAMA;634230;1105842;NAVAL ACADEMY;931;TL;3253634693316;1;0;0;1
2094;252-DIDOU;640783;1106006;MARINE M;979;TXS;3253634752860;1;0;0;1
2094;252-DIDOU;640784;1106006;MARINE M;979;TS;3253634752877;0;0;1;1
2094;252-DIDOU;640776;1106006;MARINE M;979;TM;3253634752808;1;0;0;1
2094;252-DIDOU;640785;1106006;MARINE M;979;TL;3253634752884;2;0;0;2
2094;261-RARAM.F;638681;1106507;MULTICO;900;T34;3253634732626;1;0;0;1
2094;261-RARAM.F;638682;1106507;MULTICO;900;T36;3253634732633;1;0;0;1
2094;261-RARAM.F;638668;1106507;MULTICO;900;T38;3253634732503;1;0;0;1
2094;261-RARAM.F;638683;1106507;MULTICO;900;T40;3253634732640;1;0;0;1
2094;261-RARAM.F;638684;1106507;MULTICO;900;T42;3253634732657;1;0;0;1
2094;261-DJARDI;638734;1106515;MULTICO;900;TXS;3253634733128;1;0;0;1
2094;261-DJARDI;638735;1106515;MULTICO;900;TS;3253634733135;1;0;0;1
2094;261-DBABY;638797;1106523;NOIR M;979;TXS;3253634733739;1;0;0;1
2094;261-DBABY;638798;1106523;NOIR M;979;TS;3253634733746;1;0;0;1
2094;261-DBABY;638799;1106523;NOIR M;979;TL;3253634733753;1;0;0;1
2094;261-ROSET.F;638904;1106536;MULTICO;900;T34;3253634734736;1;0;0;1
2094;261-ROSET.F;638905;1106536;MULTICO;900;T36;3253634734743;1;0;0;1
2094;261-ROSET.F;638889;1106536;MULTICO;900;T38;3253634734590;1;0;0;1
2094;261-ROSET.F;638906;1106536;MULTICO;900;T40;3253634734750;1;0;0;1
2094;261-DGUAPA;640292;1106690;OFF WHITE M;931;TXS;3253634748313;1;0;0;1
2094;261-DGUAPA;640293;1106690;OFF WHITE M;931;TS;3253634748320;2;0;0;2
2094;261-DGUAPA;640286;1106690;OFF WHITE M;931;TM;3253634748269;1;0;0;1
2094;261-DGUAPA;640294;1106690;OFF WHITE M;931;TL;3253634748337;1;0;0;1
2094;261-DWONDER;640810;1106741;OFF WHITE M;931;TXS;3253634753126;1;0;0;1
2094;261-DWONDER;640812;1106741;OFF WHITE M;931;TL;3253634753140;1;0;0;1
2094;261-DIYUKI;640814;1106742;IVOIRE/NOIR;928;TXS;3253634753164;1;0;0;1
2094;261-DIYUKI;640815;1106742;IVOIRE/NOIR;928;TS;3253634753171;0;0;1;1
2094;261-DIYUKI;640816;1106742;IVOIRE/NOIR;928;TL;3253634753188;1;0;0;1
2094;261-DIDOU1;640830;1106745;OFF WHITE M;931;TS;3253634753317;1;0;0;1
2094;261-DIDOU1;640831;1106745;OFF WHITE M;931;TL;3253634753324;1;0;0;1
2094;261-DCAROLE;641368;1106837;MARINE/OFF WHITE;926;TXS;3253634758633;1;0;0;1
2094;261-DCAROLE;641358;1106837;MARINE/OFF WHITE;926;TM;3253634758541;1;0;0;1
2094;261-DCAROLE;641370;1106837;MARINE/OFF WHITE;926;TL;3253634758657;1;0;0;1
2094;261-DARIA;641633;1106896;NOIR M;979;TXS;3253634761237;1;0;0;1
2094;261-DARIA;641634;1106896;NOIR M;979;TS;3253634761244;1;0;0;1
2094;261-ROCHI;641766;1106919;MARINE M;987;T34;3253634762531;1;0;0;1
2094;261-ROCHI;641767;1106919;MARINE M;987;T36;3253634762548;1;0;0;1
2094;261-ROCHI;641763;1106919;MARINE M;987;T38;3253634762517;1;0;0;1
2094;261-DOMIO;641771;1106920;OFF WHITE M;931;TXS;3253634762586;1;0;0;1
2094;261-DOMIO;641764;1106920;OFF WHITE M;931;TM;3253634762524;1;0;0;1
2094;261-DOMIO;641773;1106920;OFF WHITE M;931;TL;3253634762609;1;0;0;1
2094;261-DOOTHY;643535;1107198;NOIR M;979;TXS;3253634779829;1;0;0;1
2094;261-DOOTHY;643536;1107198;NOIR M;979;TS;3253634779836;1;0;0;1
2094;261-DHIVAL;643679;1107215;MARINE M;931;TXS;3253634781181;1;0;0;1
2094;261-DHIVAL;643680;1107215;MARINE M;931;TS;3253634781198;1;0;0;1
2094;261-DHIVAL;643673;1107215;MARINE M;931;TM;3253634781136;1;0;0;1
2094;261-DHIVAL;643681;1107215;MARINE M;931;TL;3253634781204;1;0;0;1
2094;261-RSAMYA;643880;1107233;WHITE SMOKE;979;T34;3253634783109;1;0;0;1
2094;261-RSAMYA;643881;1107233;WHITE SMOKE;979;T36;3253634783116;1;0;0;1
2094;261-RSAMYA;643872;1107233;WHITE SMOKE;979;T38;3253634783031;1;0;0;1
2094;261-RSAMYA;643882;1107233;WHITE SMOKE;979;T40;3253634783123;1;0;0;1
2094;261-RSAMYA;643883;1107233;WHITE SMOKE;979;T42;3253634783130;1;0;0;1
