producto;color;msg
261-DCAROLE;MARINE/OFF WHITE;INICIO EVALUACIÓN
261-DCAROLE;MARINE/OFF WHITE;Producto estancado
261-DIDONA;OFF WHITE M;INICIO EVALUACIÓN
261-DIDONA;OFF WHITE M;20 pares generados
261-DIDONA;OFF WHITE M;8.0 productes de 840 a 832
261-DIDONA;OFF WHITE M;Emisor 840 acceptat
261-DIDONA;OFF WHITE M;Cobertura máxima assolida per receptor 832
261-DIDONA;OFF WHITE M;0.0 productes de 840 a 869
261-DIDONA;OFF WHITE M;4.0 productes de 2020 a 869
261-DIDONA;OFF WHITE M;Emisor 2020 acceptat
261-DIDONA;OFF WHITE M;0.0 productes de 840 a 806
261-DIDONA;OFF WHITE M;0.0 productes de 2020 a 806
261-DIDONA;OFF WHITE M;Receptor 806 sin posibilidad de enviarle stock
261-DIDONA;OFF WHITE M;0.0 productes de 840 a 801
261-DIDONA;OFF WHITE M;0.0 productes de 2020 a 801
261-DIDONA;OFF WHITE M;Receptor 801 sin posibilidad de enviarle stock
261-DIDONA;OFF WHITE M;0.0 productes de 840 a 803
261-DIDONA;OFF WHITE M;0.0 productes de 2020 a 803
261-DIDONA;OFF WHITE M;Receptor 803 sin posibilidad de enviarle stock
261-DIDONA;OFF WHITE M;0.0 productes de 840 a 845
261-DIDONA;OFF WHITE M;0.0 productes de 2020 a 845
261-DIDONA;OFF WHITE M;Receptor 845 sin posibilidad de enviarle stock
261-DIDONA;OFF WHITE M;0.0 productes de 840 a 2094
261-DIDONA;OFF WHITE M;0.0 productes de 2020 a 2094
261-DIDONA;OFF WHITE M;Receptor 2094 sin posibilidad de enviarle stock
261-DIDONA;OFF WHITE M;0.0 productes de 840 a 857
261-DIDONA;OFF WHITE M;0.0 productes de 2020 a 857
261-DIDONA;OFF WHITE M;Receptor 857 sin posibilidad de enviarle stock
261-DIDONA;OFF WHITE M;0.0 productes de 840 a 805
261-DIDONA;OFF WHITE M;0.0 productes de 2020 a 805
261-DIDONA;OFF WHITE M;Receptor 805 sin posibilidad de enviarle stock
261-DIDONA;OFF WHITE M;0.0 productes de 840 a 1782
261-DIDONA;OFF WHITE M;0.0 productes de 2020 a 1782
261-DIDONA;OFF WHITE M;Receptor 1782 sin posibilidad de enviarle stock
252-DFLOWER;OFF WHITE M;INICIO EVALUACIÓN
252-DFLOWER;OFF WHITE M;Producto estancado
261-DANIELA;MAGMA M;INICIO EVALUACIÓN
261-DANIELA;MAGMA M;Producto estancado
261-DYLAN;OFF WHITE M;INICIO EVALUACIÓN
261-DYLAN;OFF WHITE M;Producto estancado
261-DAVINA;OFF WHITE/MARINE;INICIO EVALUACIÓN
261-DAVINA;OFF WHITE/MARINE;6 pares generados
261-DAVINA;OFF WHITE/MARINE;5.0 productes de 840 a 801
261-DAVINA;OFF WHITE/MARINE;Emisor 840 acceptat
261-DAVINA;OFF WHITE/MARINE;0.0 productes de 840 a 857
261-DAVINA;OFF WHITE/MARINE;Receptor 857 sin posibilidad de enviarle stock
261-DAVINA;OFF WHITE/MARINE;0.0 productes de 840 a 806
261-DAVINA;OFF WHITE/MARINE;Receptor 806 sin posibilidad de enviarle stock
261-DAVINA;OFF WHITE/MARINE;0.0 productes de 840 a 832
261-DAVINA;OFF WHITE/MARINE;Receptor 832 sin posibilidad de enviarle stock
261-DAVINA;OFF WHITE/MARINE;0.0 productes de 840 a 803
261-DAVINA;OFF WHITE/MARINE;Receptor 803 sin posibilidad de enviarle stock
261-DAVINA;OFF WHITE/MARINE;0.0 productes de 840 a 869
261-DAVINA;OFF WHITE/MARINE;Receptor 869 sin posibilidad de enviarle stock
261-DANIELA;OFF WHITE M;INICIO EVALUACIÓN
261-DANIELA;OFF WHITE M;Producto estancado
251-MOLOVIC;IVOIRE M;INICIO EVALUACIÓN
251-MOLOVIC;IVOIRE M;20 pares generados
251-MOLOVIC;IVOIRE M;4.0 productes de 1782 a 801
251-MOLOVIC;IVOIRE M;Emisor 1782 acceptat
251-MOLOVIC;IVOIRE M;4.0 productes de 2020 a 801
251-MOLOVIC;IVOIRE M;Emisor 2020 acceptat
251-MOLOVIC;IVOIRE M;0.0 productes de 1782 a 832
251-MOLOVIC;IVOIRE M;0.0 productes de 2020 a 832
251-MOLOVIC;IVOIRE M;Receptor 832 sin posibilidad de enviarle stock
251-MOLOVIC;IVOIRE M;0.0 productes de 1782 a 805
251-MOLOVIC;IVOIRE M;0.0 productes de 2020 a 805
251-MOLOVIC;IVOIRE M;Receptor 805 sin posibilidad de enviarle stock
251-MOLOVIC;IVOIRE M;0.0 productes de 1782 a 803
251-MOLOVIC;IVOIRE M;0.0 productes de 2020 a 803
251-MOLOVIC;IVOIRE M;Receptor 803 sin posibilidad de enviarle stock
251-MOLOVIC;IVOIRE M;0.0 productes de 1782 a 840
251-MOLOVIC;IVOIRE M;0.0 productes de 2020 a 840
251-MOLOVIC;IVOIRE M;Receptor 840 sin posibilidad de enviarle stock
251-MOLOVIC;IVOIRE M;0.0 productes de 1782 a 806
251-MOLOVIC;IVOIRE M;0.0 productes de 2020 a 806
251-MOLOVIC;IVOIRE M;Receptor 806 sin posibilidad de enviarle stock
251-MOLOVIC;IVOIRE M;0.0 productes de 1782 a 869
251-MOLOVIC;IVOIRE M;0.0 productes de 2020 a 869
251-MOLOVIC;IVOIRE M;Receptor 869 sin posibilidad de enviarle stock
251-MOLOVIC;IVOIRE M;0.0 productes de 2020 a 857
251-MOLOVIC;IVOIRE M;0.0 productes de 1782 a 857
251-MOLOVIC;IVOIRE M;Receptor 857 sin posibilidad de enviarle stock
251-MOLOVIC;IVOIRE M;0.0 productes de 1782 a 845
251-MOLOVIC;IVOIRE M;0.0 productes de 2020 a 845
251-MOLOVIC;IVOIRE M;Receptor 845 sin posibilidad de enviarle stock
251-MOLOVIC;IVOIRE M;0.0 productes de 1782 a 2094
251-MOLOVIC;IVOIRE M;0.0 productes de 2020 a 2094
251-MOLOVIC;IVOIRE M;Receptor 2094 sin posibilidad de enviarle stock
261-DSAMIR;PRAIRIE M;INICIO EVALUACIÓN
261-DSAMIR;PRAIRIE M;Producto estancado
261-DIYUKI;IVOIRE/NOIR;INICIO EVALUACIÓN
261-DIYUKI;IVOIRE/NOIR;27 pares generados
261-DIYUKI;IVOIRE/NOIR;7.0 productes de 801 a 803
261-DIYUKI;IVOIRE/NOIR;Emisor 801 acceptat
261-DIYUKI;IVOIRE/NOIR;6.0 productes de 840 a 803
261-DIYUKI;IVOIRE/NOIR;Emisor 840 acceptat
261-DIYUKI;IVOIRE/NOIR;4.0 productes de 845 a 803
261-DIYUKI;IVOIRE/NOIR;Emisor 845 rebutjat. Supera cantitat d'unitats màximes
261-DIYUKI;IVOIRE/NOIR;0.0 productes de 801 a 2094
261-DIYUKI;IVOIRE/NOIR;0.0 productes de 840 a 2094
261-DIYUKI;IVOIRE/NOIR;4.0 productes de 845 a 2094
261-DIYUKI;IVOIRE/NOIR;Emisor 845 acceptat
261-DIYUKI;IVOIRE/NOIR;0.0 productes de 801 a 832
261-DIYUKI;IVOIRE/NOIR;0.0 productes de 840 a 832
261-DIYUKI;IVOIRE/NOIR;0.0 productes de 845 a 832
261-DIYUKI;IVOIRE/NOIR;Receptor 832 sin posibilidad de enviarle stock
261-DIYUKI;IVOIRE/NOIR;0.0 productes de 801 a 1782
261-DIYUKI;IVOIRE/NOIR;0.0 productes de 840 a 1782
261-DIYUKI;IVOIRE/NOIR;0.0 productes de 845 a 1782
261-DIYUKI;IVOIRE/NOIR;Receptor 1782 sin posibilidad de enviarle stock
261-DIYUKI;IVOIRE/NOIR;0.0 productes de 801 a 805
261-DIYUKI;IVOIRE/NOIR;0.0 productes de 840 a 805
261-DIYUKI;IVOIRE/NOIR;0.0 productes de 845 a 805
261-DIYUKI;IVOIRE/NOIR;Receptor 805 sin posibilidad de enviarle stock
261-DIYUKI;IVOIRE/NOIR;0.0 productes de 801 a 869
261-DIYUKI;IVOIRE/NOIR;0.0 productes de 840 a 869
261-DIYUKI;IVOIRE/NOIR;0.0 productes de 845 a 869
261-DIYUKI;IVOIRE/NOIR;Receptor 869 sin posibilidad de enviarle stock
261-DIYUKI;IVOIRE/NOIR;0.0 productes de 801 a 806
261-DIYUKI;IVOIRE/NOIR;0.0 productes de 840 a 806
261-DIYUKI;IVOIRE/NOIR;0.0 productes de 845 a 806
261-DIYUKI;IVOIRE/NOIR;Receptor 806 sin posibilidad de enviarle stock
261-DIYUKI;IVOIRE/NOIR;0.0 productes de 801 a 857
261-DIYUKI;IVOIRE/NOIR;0.0 productes de 840 a 857
261-DIYUKI;IVOIRE/NOIR;0.0 productes de 845 a 857
261-DIYUKI;IVOIRE/NOIR;Receptor 857 sin posibilidad de enviarle stock
261-DIYUKI;IVOIRE/NOIR;0.0 productes de 801 a 2020
261-DIYUKI;IVOIRE/NOIR;0.0 productes de 840 a 2020
261-DIYUKI;IVOIRE/NOIR;0.0 productes de 845 a 2020
261-DIYUKI;IVOIRE/NOIR;Receptor 2020 sin posibilidad de enviarle stock
222-RAMAGE;EPICE M;INICIO EVALUACIÓN
222-RAMAGE;EPICE M;Producto estancado
251-DSARAH;IVOIRE M;INICIO EVALUACIÓN
251-DSARAH;IVOIRE M;11 pares generados
251-DSARAH;IVOIRE M;1.0 productes de 1782 a 857
251-DSARAH;IVOIRE M;Emisor 1782 acceptat
251-DSARAH;IVOIRE M;0.0 productes de 1782 a 803
251-DSARAH;IVOIRE M;Receptor 803 sin posibilidad de enviarle stock
251-DSARAH;IVOIRE M;0.0 productes de 1782 a 806
251-DSARAH;IVOIRE M;Receptor 806 sin posibilidad de enviarle stock
251-DSARAH;IVOIRE M;0.0 productes de 1782 a 869
251-DSARAH;IVOIRE M;Receptor 869 sin posibilidad de enviarle stock
251-DSARAH;IVOIRE M;0.0 productes de 1782 a 832
251-DSARAH;IVOIRE M;Receptor 832 sin posibilidad de enviarle stock
251-DSARAH;IVOIRE M;0.0 productes de 1782 a 801
251-DSARAH;IVOIRE M;Receptor 801 sin posibilidad de enviarle stock
251-DSARAH;IVOIRE M;0.0 productes de 1782 a 2094
251-DSARAH;IVOIRE M;Receptor 2094 sin posibilidad de enviarle stock
251-DSARAH;IVOIRE M;0.0 productes de 1782 a 2020
251-DSARAH;IVOIRE M;Receptor 2020 sin posibilidad de enviarle stock
251-DSARAH;IVOIRE M;0.0 productes de 1782 a 840
251-DSARAH;IVOIRE M;Receptor 840 sin posibilidad de enviarle stock
251-DSARAH;IVOIRE M;0.0 productes de 1782 a 805
251-DSARAH;IVOIRE M;Receptor 805 sin posibilidad de enviarle stock
251-DSARAH;IVOIRE M;0.0 productes de 1782 a 845
251-DSARAH;IVOIRE M;Receptor 845 sin posibilidad de enviarle stock
261-DANIELA;NOIR M;INICIO EVALUACIÓN
261-DANIELA;NOIR M;Producto estancado
261-MPIKA;ROSEE M;INICIO EVALUACIÓN
261-MPIKA;ROSEE M;27 pares generados
261-MPIKA;ROSEE M;6.0 productes de 840 a 803
261-MPIKA;ROSEE M;Emisor 840 acceptat
261-MPIKA;ROSEE M;Cobertura máxima assolida per receptor 803
261-MPIKA;ROSEE M;0.0 productes de 840 a 801
261-MPIKA;ROSEE M;4.0 productes de 2020 a 801
261-MPIKA;ROSEE M;Emisor 2020 acceptat
261-MPIKA;ROSEE M;3.0 productes de 1782 a 801
261-MPIKA;ROSEE M;Emisor 1782 rebutjat. Supera cobertura máxima
261-MPIKA;ROSEE M;0.0 productes de 840 a 832
261-MPIKA;ROSEE M;0.0 productes de 2020 a 832
261-MPIKA;ROSEE M;3.0 productes de 1782 a 832
261-MPIKA;ROSEE M;Emisor 1782 acceptat
261-MPIKA;ROSEE M;0.0 productes de 840 a 869
261-MPIKA;ROSEE M;0.0 productes de 2020 a 869
261-MPIKA;ROSEE M;0.0 productes de 1782 a 869
261-MPIKA;ROSEE M;Receptor 869 sin posibilidad de enviarle stock
261-MPIKA;ROSEE M;0.0 productes de 840 a 805
261-MPIKA;ROSEE M;0.0 productes de 2020 a 805
261-MPIKA;ROSEE M;0.0 productes de 1782 a 805
261-MPIKA;ROSEE M;Receptor 805 sin posibilidad de enviarle stock
261-MPIKA;ROSEE M;0.0 productes de 840 a 806
261-MPIKA;ROSEE M;0.0 productes de 2020 a 806
261-MPIKA;ROSEE M;0.0 productes de 1782 a 806
261-MPIKA;ROSEE M;Receptor 806 sin posibilidad de enviarle stock
261-MPIKA;ROSEE M;0.0 productes de 840 a 857
261-MPIKA;ROSEE M;0.0 productes de 2020 a 857
261-MPIKA;ROSEE M;0.0 productes de 1782 a 857
261-MPIKA;ROSEE M;Receptor 857 sin posibilidad de enviarle stock
261-MPIKA;ROSEE M;0.0 productes de 840 a 2094
261-MPIKA;ROSEE M;0.0 productes de 2020 a 2094
261-MPIKA;ROSEE M;0.0 productes de 1782 a 2094
261-MPIKA;ROSEE M;Receptor 2094 sin posibilidad de enviarle stock
261-MPIKA;ROSEE M;0.0 productes de 840 a 845
261-MPIKA;ROSEE M;0.0 productes de 2020 a 845
261-MPIKA;ROSEE M;0.0 productes de 1782 a 845
261-MPIKA;ROSEE M;Receptor 845 sin posibilidad de enviarle stock
261-DSAMIR;MYRTILLE M;INICIO EVALUACIÓN
261-DSAMIR;MYRTILLE M;11 pares generados
261-DSAMIR;MYRTILLE M;3.0 productes de 2020 a 801
261-DSAMIR;MYRTILLE M;Emisor 2020 acceptat
261-DSAMIR;MYRTILLE M;0.0 productes de 2020 a 832
261-DSAMIR;MYRTILLE M;Receptor 832 sin posibilidad de enviarle stock
261-DSAMIR;MYRTILLE M;0.0 productes de 2020 a 803
261-DSAMIR;MYRTILLE M;Receptor 803 sin posibilidad de enviarle stock
261-DSAMIR;MYRTILLE M;0.0 productes de 2020 a 805
261-DSAMIR;MYRTILLE M;Receptor 805 sin posibilidad de enviarle stock
261-DSAMIR;MYRTILLE M;0.0 productes de 2020 a 857
261-DSAMIR;MYRTILLE M;Receptor 857 sin posibilidad de enviarle stock
261-DSAMIR;MYRTILLE M;0.0 productes de 2020 a 1782
261-DSAMIR;MYRTILLE M;Receptor 1782 sin posibilidad de enviarle stock
261-DSAMIR;MYRTILLE M;0.0 productes de 2020 a 2094
261-DSAMIR;MYRTILLE M;Receptor 2094 sin posibilidad de enviarle stock
261-DSAMIR;MYRTILLE M;0.0 productes de 2020 a 806
261-DSAMIR;MYRTILLE M;Receptor 806 sin posibilidad de enviarle stock
261-DSAMIR;MYRTILLE M;0.0 productes de 2020 a 840
261-DSAMIR;MYRTILLE M;Receptor 840 sin posibilidad de enviarle stock
261-DSAMIR;MYRTILLE M;0.0 productes de 2020 a 869
261-DSAMIR;MYRTILLE M;Receptor 869 sin posibilidad de enviarle stock
261-DSAMIR;MYRTILLE M;0.0 productes de 2020 a 845
261-DSAMIR;MYRTILLE M;Receptor 845 sin posibilidad de enviarle stock
242-BINGO;ECRU;INICIO EVALUACIÓN
242-BINGO;ECRU;18 pares generados
242-BINGO;ECRU;5.0 productes de 869 a 801
242-BINGO;ECRU;Emisor 869 acceptat
242-BINGO;ECRU;1.0 productes de 2094 a 801
242-BINGO;ECRU;Emisor 2094 acceptat
242-BINGO;ECRU;0.0 productes de 869 a 803
242-BINGO;ECRU;0.0 productes de 2094 a 803
242-BINGO;ECRU;Receptor 803 sin posibilidad de enviarle stock
242-BINGO;ECRU;0.0 productes de 869 a 805
242-BINGO;ECRU;0.0 productes de 2094 a 805
242-BINGO;ECRU;Receptor 805 sin posibilidad de enviarle stock
242-BINGO;ECRU;0.0 productes de 869 a 806
242-BINGO;ECRU;0.0 productes de 2094 a 806
242-BINGO;ECRU;Receptor 806 sin posibilidad de enviarle stock
242-BINGO;ECRU;0.0 productes de 869 a 832
242-BINGO;ECRU;0.0 productes de 2094 a 832
242-BINGO;ECRU;Receptor 832 sin posibilidad de enviarle stock
242-BINGO;ECRU;0.0 productes de 869 a 1782
242-BINGO;ECRU;0.0 productes de 2094 a 1782
242-BINGO;ECRU;Receptor 1782 sin posibilidad de enviarle stock
242-BINGO;ECRU;0.0 productes de 869 a 857
242-BINGO;ECRU;0.0 productes de 2094 a 857
242-BINGO;ECRU;Receptor 857 sin posibilidad de enviarle stock
242-BINGO;ECRU;0.0 productes de 869 a 2020
242-BINGO;ECRU;0.0 productes de 2094 a 2020
242-BINGO;ECRU;Receptor 2020 sin posibilidad de enviarle stock
242-BINGO;ECRU;0.0 productes de 869 a 845
242-BINGO;ECRU;0.0 productes de 2094 a 845
242-BINGO;ECRU;Receptor 845 sin posibilidad de enviarle stock
252-DFLOWER;NOIR M;INICIO EVALUACIÓN
252-DFLOWER;NOIR M;11 pares generados
252-DFLOWER;NOIR M;4.0 productes de 2020 a 801
252-DFLOWER;NOIR M;Emisor 2020 acceptat
252-DFLOWER;NOIR M;0.0 productes de 2020 a 832
252-DFLOWER;NOIR M;Receptor 832 sin posibilidad de enviarle stock
252-DFLOWER;NOIR M;0.0 productes de 2020 a 805
252-DFLOWER;NOIR M;Receptor 805 sin posibilidad de enviarle stock
252-DFLOWER;NOIR M;0.0 productes de 2020 a 2094
252-DFLOWER;NOIR M;Receptor 2094 sin posibilidad de enviarle stock
252-DFLOWER;NOIR M;0.0 productes de 2020 a 803
252-DFLOWER;NOIR M;Receptor 803 sin posibilidad de enviarle stock
252-DFLOWER;NOIR M;0.0 productes de 2020 a 845
252-DFLOWER;NOIR M;Receptor 845 sin posibilidad de enviarle stock
252-DFLOWER;NOIR M;0.0 productes de 2020 a 840
252-DFLOWER;NOIR M;Receptor 840 sin posibilidad de enviarle stock
252-DFLOWER;NOIR M;0.0 productes de 2020 a 857
252-DFLOWER;NOIR M;Receptor 857 sin posibilidad de enviarle stock
252-DFLOWER;NOIR M;0.0 productes de 2020 a 806
252-DFLOWER;NOIR M;Receptor 806 sin posibilidad de enviarle stock
252-DFLOWER;NOIR M;0.0 productes de 2020 a 869
252-DFLOWER;NOIR M;Receptor 869 sin posibilidad de enviarle stock
252-DFLOWER;NOIR M;0.0 productes de 2020 a 1782
252-DFLOWER;NOIR M;Receptor 1782 sin posibilidad de enviarle stock
242-MUSHU;ECRU;INICIO EVALUACIÓN
242-MUSHU;ECRU;24 pares generados
242-MUSHU;ECRU;6.0 productes de 832 a 803
242-MUSHU;ECRU;Emisor 832 acceptat
242-MUSHU;ECRU;5.0 productes de 805 a 803
242-MUSHU;ECRU;Emisor 805 acceptat
242-MUSHU;ECRU;4.0 productes de 857 a 803
242-MUSHU;ECRU;Emisor 857 rebutjat. Supera cobertura máxima
242-MUSHU;ECRU;0.0 productes de 832 a 1782
242-MUSHU;ECRU;0.0 productes de 805 a 1782
242-MUSHU;ECRU;4.0 productes de 857 a 1782
242-MUSHU;ECRU;Emisor 857 acceptat
242-MUSHU;ECRU;0.0 productes de 832 a 869
242-MUSHU;ECRU;0.0 productes de 805 a 869
242-MUSHU;ECRU;0.0 productes de 857 a 869
242-MUSHU;ECRU;Receptor 869 sin posibilidad de enviarle stock
242-MUSHU;ECRU;0.0 productes de 832 a 845
242-MUSHU;ECRU;0.0 productes de 805 a 845
242-MUSHU;ECRU;0.0 productes de 857 a 845
242-MUSHU;ECRU;Receptor 845 sin posibilidad de enviarle stock
242-MUSHU;ECRU;0.0 productes de 832 a 806
242-MUSHU;ECRU;0.0 productes de 805 a 806
242-MUSHU;ECRU;0.0 productes de 857 a 806
242-MUSHU;ECRU;Receptor 806 sin posibilidad de enviarle stock
242-MUSHU;ECRU;0.0 productes de 832 a 840
242-MUSHU;ECRU;0.0 productes de 805 a 840
242-MUSHU;ECRU;0.0 productes de 857 a 840
242-MUSHU;ECRU;Receptor 840 sin posibilidad de enviarle stock
242-MUSHU;ECRU;0.0 productes de 832 a 2020
242-MUSHU;ECRU;0.0 productes de 805 a 2020
242-MUSHU;ECRU;0.0 productes de 857 a 2020
242-MUSHU;ECRU;Receptor 2020 sin posibilidad de enviarle stock
242-MUSHU;ECRU;0.0 productes de 832 a 2094
242-MUSHU;ECRU;0.0 productes de 805 a 2094
242-MUSHU;ECRU;0.0 productes de 857 a 2094
242-MUSHU;ECRU;Receptor 2094 sin posibilidad de enviarle stock
241-MELAN;MYRTILLE M;INICIO EVALUACIÓN
241-MELAN;MYRTILLE M;20 pares generados
241-MELAN;MYRTILLE M;4.0 productes de 2020 a 803
241-MELAN;MYRTILLE M;Emisor 2020 acceptat
241-MELAN;MYRTILLE M;2.0 productes de 845 a 803
241-MELAN;MYRTILLE M;Emisor 845 acceptat
241-MELAN;MYRTILLE M;0.0 productes de 2020 a 832
241-MELAN;MYRTILLE M;0.0 productes de 845 a 832
241-MELAN;MYRTILLE M;Receptor 832 sin posibilidad de enviarle stock
241-MELAN;MYRTILLE M;0.0 productes de 2020 a 869
241-MELAN;MYRTILLE M;0.0 productes de 845 a 869
241-MELAN;MYRTILLE M;Receptor 869 sin posibilidad de enviarle stock
241-MELAN;MYRTILLE M;0.0 productes de 2020 a 2094
241-MELAN;MYRTILLE M;0.0 productes de 845 a 2094
241-MELAN;MYRTILLE M;Receptor 2094 sin posibilidad de enviarle stock
241-MELAN;MYRTILLE M;0.0 productes de 2020 a 1782
241-MELAN;MYRTILLE M;0.0 productes de 845 a 1782
241-MELAN;MYRTILLE M;Receptor 1782 sin posibilidad de enviarle stock
241-MELAN;MYRTILLE M;0.0 productes de 2020 a 801
241-MELAN;MYRTILLE M;0.0 productes de 845 a 801
241-MELAN;MYRTILLE M;Receptor 801 sin posibilidad de enviarle stock
241-MELAN;MYRTILLE M;0.0 productes de 2020 a 840
241-MELAN;MYRTILLE M;0.0 productes de 845 a 840
241-MELAN;MYRTILLE M;Receptor 840 sin posibilidad de enviarle stock
241-MELAN;MYRTILLE M;0.0 productes de 2020 a 805
241-MELAN;MYRTILLE M;0.0 productes de 845 a 805
241-MELAN;MYRTILLE M;Receptor 805 sin posibilidad de enviarle stock
241-MELAN;MYRTILLE M;0.0 productes de 2020 a 806
241-MELAN;MYRTILLE M;0.0 productes de 845 a 806
241-MELAN;MYRTILLE M;Receptor 806 sin posibilidad de enviarle stock
241-MELAN;MYRTILLE M;0.0 productes de 2020 a 857
241-MELAN;MYRTILLE M;0.0 productes de 845 a 857
241-MELAN;MYRTILLE M;Receptor 857 sin posibilidad de enviarle stock
251-DELLA;OFF WHITE M;INICIO EVALUACIÓN
251-DELLA;OFF WHITE M;11 pares generados
251-DELLA;OFF WHITE M;4.0 productes de 2020 a 832
251-DELLA;OFF WHITE M;Emisor 2020 acceptat
251-DELLA;OFF WHITE M;0.0 productes de 2020 a 801
251-DELLA;OFF WHITE M;Receptor 801 sin posibilidad de enviarle stock
251-DELLA;OFF WHITE M;0.0 productes de 2020 a 857
251-DELLA;OFF WHITE M;Receptor 857 sin posibilidad de enviarle stock
251-DELLA;OFF WHITE M;0.0 productes de 2020 a 2094
251-DELLA;OFF WHITE M;Receptor 2094 sin posibilidad de enviarle stock
251-DELLA;OFF WHITE M;0.0 productes de 2020 a 1782
251-DELLA;OFF WHITE M;Receptor 1782 sin posibilidad de enviarle stock
251-DELLA;OFF WHITE M;0.0 productes de 2020 a 840
251-DELLA;OFF WHITE M;Receptor 840 sin posibilidad de enviarle stock
251-DELLA;OFF WHITE M;0.0 productes de 2020 a 845
251-DELLA;OFF WHITE M;Receptor 845 sin posibilidad de enviarle stock
251-DELLA;OFF WHITE M;0.0 productes de 2020 a 806
251-DELLA;OFF WHITE M;Receptor 806 sin posibilidad de enviarle stock
251-DELLA;OFF WHITE M;0.0 productes de 2020 a 803
251-DELLA;OFF WHITE M;Receptor 803 sin posibilidad de enviarle stock
251-DELLA;OFF WHITE M;0.0 productes de 2020 a 805
251-DELLA;OFF WHITE M;Receptor 805 sin posibilidad de enviarle stock
251-DELLA;OFF WHITE M;0.0 productes de 2020 a 869
251-DELLA;OFF WHITE M;Receptor 869 sin posibilidad de enviarle stock
261-DTAL;BUBBLE M;INICIO EVALUACIÓN
261-DTAL;BUBBLE M;11 pares generados
261-DTAL;BUBBLE M;6.0 productes de 2020 a 806
261-DTAL;BUBBLE M;Emisor 2020 acceptat
261-DTAL;BUBBLE M;Cobertura máxima assolida per receptor 806
261-DTAL;BUBBLE M;0.0 productes de 2020 a 801
261-DTAL;BUBBLE M;Receptor 801 sin posibilidad de enviarle stock
261-DTAL;BUBBLE M;0.0 productes de 2020 a 845
261-DTAL;BUBBLE M;Receptor 845 sin posibilidad de enviarle stock
261-DTAL;BUBBLE M;0.0 productes de 2020 a 869
261-DTAL;BUBBLE M;Receptor 869 sin posibilidad de enviarle stock
261-DTAL;BUBBLE M;0.0 productes de 2020 a 857
261-DTAL;BUBBLE M;Receptor 857 sin posibilidad de enviarle stock
261-DTAL;BUBBLE M;0.0 productes de 2020 a 840
261-DTAL;BUBBLE M;Receptor 840 sin posibilidad de enviarle stock
261-DTAL;BUBBLE M;0.0 productes de 2020 a 832
261-DTAL;BUBBLE M;Receptor 832 sin posibilidad de enviarle stock
261-DTAL;BUBBLE M;0.0 productes de 2020 a 2094
261-DTAL;BUBBLE M;Receptor 2094 sin posibilidad de enviarle stock
261-DTAL;BUBBLE M;0.0 productes de 2020 a 803
261-DTAL;BUBBLE M;Receptor 803 sin posibilidad de enviarle stock
261-DTAL;BUBBLE M;0.0 productes de 2020 a 1782
261-DTAL;BUBBLE M;Receptor 1782 sin posibilidad de enviarle stock
261-DTAL;BUBBLE M;0.0 productes de 2020 a 805
261-DTAL;BUBBLE M;Receptor 805 sin posibilidad de enviarle stock
261-DAMA;NAVAL ACADEMY;INICIO EVALUACIÓN
261-DAMA;NAVAL ACADEMY;Producto estancado
261-RBELLE;OFF WHITE M;INICIO EVALUACIÓN
261-RBELLE;OFF WHITE M;Producto estancado
242-POYA.F;WHITE SMOKE;INICIO EVALUACIÓN
242-POYA.F;WHITE SMOKE;35 pares generados
242-POYA.F;WHITE SMOKE;9.0 productes de 801 a 803
242-POYA.F;WHITE SMOKE;Emisor 801 rebutjat. Supera cobertura máxima
242-POYA.F;WHITE SMOKE;5.0 productes de 869 a 803
242-POYA.F;WHITE SMOKE;Emisor 869 rebutjat. Supera cobertura máxima
242-POYA.F;WHITE SMOKE;5.0 productes de 845 a 803
242-POYA.F;WHITE SMOKE;Emisor 845 rebutjat. Supera cobertura máxima
242-POYA.F;WHITE SMOKE;5.0 productes de 857 a 803
242-POYA.F;WHITE SMOKE;Emisor 857 rebutjat. Supera cobertura máxima
242-POYA.F;WHITE SMOKE;5.0 productes de 2020 a 803
242-POYA.F;WHITE SMOKE;Emisor 2020 rebutjat. Supera cobertura máxima
242-POYA.F;WHITE SMOKE;Receptor 803 sin posibilidad de enviarle stock
242-POYA.F;WHITE SMOKE;9.0 productes de 801 a 805
242-POYA.F;WHITE SMOKE;Emisor 801 rebutjat. Supera cobertura máxima
242-POYA.F;WHITE SMOKE;5.0 productes de 845 a 805
242-POYA.F;WHITE SMOKE;Emisor 845 rebutjat. Supera cobertura máxima
242-POYA.F;WHITE SMOKE;5.0 productes de 869 a 805
242-POYA.F;WHITE SMOKE;Emisor 869 rebutjat. Supera cobertura máxima
242-POYA.F;WHITE SMOKE;5.0 productes de 857 a 805
242-POYA.F;WHITE SMOKE;Emisor 857 rebutjat. Supera cobertura máxima
242-POYA.F;WHITE SMOKE;5.0 productes de 2020 a 805
242-POYA.F;WHITE SMOKE;Emisor 2020 rebutjat. Supera cobertura máxima
242-POYA.F;WHITE SMOKE;Receptor 805 sin posibilidad de enviarle stock
242-POYA.F;WHITE SMOKE;9.0 productes de 801 a 806
242-POYA.F;WHITE SMOKE;Emisor 801 rebutjat. Supera cobertura máxima
242-POYA.F;WHITE SMOKE;5.0 productes de 845 a 806
242-POYA.F;WHITE SMOKE;Emisor 845 rebutjat. Supera cobertura máxima
242-POYA.F;WHITE SMOKE;5.0 productes de 869 a 806
242-POYA.F;WHITE SMOKE;Emisor 869 rebutjat. Supera cobertura máxima
242-POYA.F;WHITE SMOKE;5.0 productes de 857 a 806
242-POYA.F;WHITE SMOKE;Emisor 857 rebutjat. Supera cobertura máxima
242-POYA.F;WHITE SMOKE;5.0 productes de 2020 a 806
242-POYA.F;WHITE SMOKE;Emisor 2020 rebutjat. Supera cobertura máxima
242-POYA.F;WHITE SMOKE;Receptor 806 sin posibilidad de enviarle stock
242-POYA.F;WHITE SMOKE;9.0 productes de 801 a 1782
242-POYA.F;WHITE SMOKE;Emisor 801 rebutjat. Supera cobertura máxima
242-POYA.F;WHITE SMOKE;5.0 productes de 869 a 1782
242-POYA.F;WHITE SMOKE;Emisor 869 rebutjat. Supera cobertura máxima
242-POYA.F;WHITE SMOKE;5.0 productes de 845 a 1782
242-POYA.F;WHITE SMOKE;Emisor 845 rebutjat. Supera cobertura máxima
242-POYA.F;WHITE SMOKE;5.0 productes de 857 a 1782
242-POYA.F;WHITE SMOKE;Emisor 857 rebutjat. Supera cobertura máxima
242-POYA.F;WHITE SMOKE;5.0 productes de 2020 a 1782
242-POYA.F;WHITE SMOKE;Emisor 2020 rebutjat. Supera cobertura máxima
242-POYA.F;WHITE SMOKE;Receptor 1782 sin posibilidad de enviarle stock
242-POYA.F;WHITE SMOKE;9.0 productes de 801 a 832
242-POYA.F;WHITE SMOKE;Emisor 801 rebutjat. Supera cobertura máxima
242-POYA.F;WHITE SMOKE;5.0 productes de 869 a 832
242-POYA.F;WHITE SMOKE;Emisor 869 rebutjat. Supera cobertura máxima
242-POYA.F;WHITE SMOKE;5.0 productes de 845 a 832
242-POYA.F;WHITE SMOKE;Emisor 845 rebutjat. Supera cobertura máxima
242-POYA.F;WHITE SMOKE;5.0 productes de 857 a 832
242-POYA.F;WHITE SMOKE;Emisor 857 rebutjat. Supera cobertura máxima
242-POYA.F;WHITE SMOKE;5.0 productes de 2020 a 832
242-POYA.F;WHITE SMOKE;Emisor 2020 rebutjat. Supera cobertura máxima
242-POYA.F;WHITE SMOKE;Receptor 832 sin posibilidad de enviarle stock
242-POYA.F;WHITE SMOKE;9.0 productes de 801 a 2094
242-POYA.F;WHITE SMOKE;Emisor 801 rebutjat. Supera cobertura máxima
242-POYA.F;WHITE SMOKE;5.0 productes de 845 a 2094
242-POYA.F;WHITE SMOKE;Emisor 845 rebutjat. Supera cobertura máxima
242-POYA.F;WHITE SMOKE;5.0 productes de 869 a 2094
242-POYA.F;WHITE SMOKE;Emisor 869 rebutjat. Supera cobertura máxima
242-POYA.F;WHITE SMOKE;5.0 productes de 857 a 2094
242-POYA.F;WHITE SMOKE;Emisor 857 rebutjat. Supera cobertura máxima
242-POYA.F;WHITE SMOKE;5.0 productes de 2020 a 2094
242-POYA.F;WHITE SMOKE;Emisor 2020 rebutjat. Supera cobertura máxima
242-POYA.F;WHITE SMOKE;Receptor 2094 sin posibilidad de enviarle stock
242-POYA.F;WHITE SMOKE;9.0 productes de 801 a 840
242-POYA.F;WHITE SMOKE;Emisor 801 rebutjat. Supera cobertura máxima
242-POYA.F;WHITE SMOKE;5.0 productes de 845 a 840
242-POYA.F;WHITE SMOKE;Emisor 845 rebutjat. Supera cobertura máxima
242-POYA.F;WHITE SMOKE;5.0 productes de 869 a 840
242-POYA.F;WHITE SMOKE;Emisor 869 rebutjat. Supera cobertura máxima
242-POYA.F;WHITE SMOKE;5.0 productes de 857 a 840
242-POYA.F;WHITE SMOKE;Emisor 857 rebutjat. Supera cobertura máxima
242-POYA.F;WHITE SMOKE;5.0 productes de 2020 a 840
242-POYA.F;WHITE SMOKE;Emisor 2020 rebutjat. Supera cobertura máxima
242-POYA.F;WHITE SMOKE;Receptor 840 sin posibilidad de enviarle stock
261-DECLIC;OFF WHITE M;INICIO EVALUACIÓN
261-DECLIC;OFF WHITE M;10 pares generados
261-DECLIC;OFF WHITE M;7.0 productes de 803 a 857
261-DECLIC;OFF WHITE M;Emisor 803 acceptat
261-DECLIC;OFF WHITE M;4.0 productes de 840 a 857
261-DECLIC;OFF WHITE M;Emisor 840 acceptat
261-DECLIC;OFF WHITE M;0.0 productes de 803 a 832
261-DECLIC;OFF WHITE M;0.0 productes de 840 a 832
261-DECLIC;OFF WHITE M;Receptor 832 sin posibilidad de enviarle stock
261-DECLIC;OFF WHITE M;0.0 productes de 803 a 806
261-DECLIC;OFF WHITE M;0.0 productes de 840 a 806
261-DECLIC;OFF WHITE M;Receptor 806 sin posibilidad de enviarle stock
261-DECLIC;OFF WHITE M;0.0 productes de 803 a 801
261-DECLIC;OFF WHITE M;0.0 productes de 840 a 801
261-DECLIC;OFF WHITE M;Receptor 801 sin posibilidad de enviarle stock
261-DECLIC;OFF WHITE M;0.0 productes de 803 a 869
261-DECLIC;OFF WHITE M;0.0 productes de 840 a 869
261-DECLIC;OFF WHITE M;Receptor 869 sin posibilidad de enviarle stock
261-RELIF.F;MULTICO;INICIO EVALUACIÓN
261-RELIF.F;MULTICO;16 pares generados
261-RELIF.F;MULTICO;5.0 productes de 2020 a 803
261-RELIF.F;MULTICO;Emisor 2020 acceptat
261-RELIF.F;MULTICO;4.0 productes de 1782 a 803
261-RELIF.F;MULTICO;Emisor 1782 acceptat
261-RELIF.F;MULTICO;0.0 productes de 2020 a 857
261-RELIF.F;MULTICO;0.0 productes de 1782 a 857
261-RELIF.F;MULTICO;Receptor 857 sin posibilidad de enviarle stock
261-RELIF.F;MULTICO;0.0 productes de 2020 a 806
261-RELIF.F;MULTICO;0.0 productes de 1782 a 806
261-RELIF.F;MULTICO;Receptor 806 sin posibilidad de enviarle stock
261-RELIF.F;MULTICO;0.0 productes de 2020 a 869
261-RELIF.F;MULTICO;0.0 productes de 1782 a 869
261-RELIF.F;MULTICO;Receptor 869 sin posibilidad de enviarle stock
261-RELIF.F;MULTICO;0.0 productes de 2020 a 832
261-RELIF.F;MULTICO;0.0 productes de 1782 a 832
261-RELIF.F;MULTICO;Receptor 832 sin posibilidad de enviarle stock
261-RELIF.F;MULTICO;0.0 productes de 2020 a 805
261-RELIF.F;MULTICO;0.0 productes de 1782 a 805
261-RELIF.F;MULTICO;Receptor 805 sin posibilidad de enviarle stock
261-RELIF.F;MULTICO;0.0 productes de 2020 a 845
261-RELIF.F;MULTICO;0.0 productes de 1782 a 845
261-RELIF.F;MULTICO;Receptor 845 sin posibilidad de enviarle stock
261-RELIF.F;MULTICO;0.0 productes de 2020 a 2094
261-RELIF.F;MULTICO;0.0 productes de 1782 a 2094
261-RELIF.F;MULTICO;Receptor 2094 sin posibilidad de enviarle stock
242-DAYA;ECRU;INICIO EVALUACIÓN
242-DAYA;ECRU;10 pares generados
242-DAYA;ECRU;5.0 productes de 805 a 803
242-DAYA;ECRU;Emisor 805 acceptat
242-DAYA;ECRU;0.0 productes de 805 a 832
242-DAYA;ECRU;Receptor 832 sin posibilidad de enviarle stock
242-DAYA;ECRU;0.0 productes de 805 a 806
242-DAYA;ECRU;Receptor 806 sin posibilidad de enviarle stock
242-DAYA;ECRU;0.0 productes de 805 a 2094
242-DAYA;ECRU;Receptor 2094 sin posibilidad de enviarle stock
242-DAYA;ECRU;0.0 productes de 805 a 801
242-DAYA;ECRU;Receptor 801 sin posibilidad de enviarle stock
242-DAYA;ECRU;0.0 productes de 805 a 1782
242-DAYA;ECRU;Receptor 1782 sin posibilidad de enviarle stock
242-DAYA;ECRU;0.0 productes de 805 a 845
242-DAYA;ECRU;Receptor 845 sin posibilidad de enviarle stock
242-DAYA;ECRU;0.0 productes de 805 a 2020
242-DAYA;ECRU;Receptor 2020 sin posibilidad de enviarle stock
242-DAYA;ECRU;0.0 productes de 805 a 840
242-DAYA;ECRU;Receptor 840 sin posibilidad de enviarle stock
242-DAYA;ECRU;0.0 productes de 805 a 857
242-DAYA;ECRU;Receptor 857 sin posibilidad de enviarle stock
261-DOUCE;OFF WHITE M;INICIO EVALUACIÓN
261-DOUCE;OFF WHITE M;24 pares generados
261-DOUCE;OFF WHITE M;5.0 productes de 857 a 832
261-DOUCE;OFF WHITE M;Emisor 857 acceptat
261-DOUCE;OFF WHITE M;Cobertura máxima assolida per receptor 832
261-DOUCE;OFF WHITE M;0.0 productes de 857 a 840
261-DOUCE;OFF WHITE M;4.0 productes de 2020 a 840
261-DOUCE;OFF WHITE M;Emisor 2020 acceptat
261-DOUCE;OFF WHITE M;1.0 productes de 2094 a 840
261-DOUCE;OFF WHITE M;Emisor 2094 acceptat
261-DOUCE;OFF WHITE M;Cobertura máxima assolida per receptor 840
261-DOUCE;OFF WHITE M;0.0 productes de 857 a 801
261-DOUCE;OFF WHITE M;0.0 productes de 2020 a 801
261-DOUCE;OFF WHITE M;0.0 productes de 2094 a 801
261-DOUCE;OFF WHITE M;Receptor 801 sin posibilidad de enviarle stock
261-DOUCE;OFF WHITE M;0.0 productes de 857 a 845
261-DOUCE;OFF WHITE M;0.0 productes de 2020 a 845
261-DOUCE;OFF WHITE M;0.0 productes de 2094 a 845
261-DOUCE;OFF WHITE M;Receptor 845 sin posibilidad de enviarle stock
261-DOUCE;OFF WHITE M;0.0 productes de 857 a 1782
261-DOUCE;OFF WHITE M;0.0 productes de 2020 a 1782
261-DOUCE;OFF WHITE M;0.0 productes de 2094 a 1782
261-DOUCE;OFF WHITE M;Receptor 1782 sin posibilidad de enviarle stock
261-DOUCE;OFF WHITE M;0.0 productes de 857 a 869
261-DOUCE;OFF WHITE M;0.0 productes de 2020 a 869
261-DOUCE;OFF WHITE M;0.0 productes de 2094 a 869
261-DOUCE;OFF WHITE M;Receptor 869 sin posibilidad de enviarle stock
261-DOUCE;OFF WHITE M;0.0 productes de 857 a 805
261-DOUCE;OFF WHITE M;0.0 productes de 2020 a 805
261-DOUCE;OFF WHITE M;0.0 productes de 2094 a 805
261-DOUCE;OFF WHITE M;Receptor 805 sin posibilidad de enviarle stock
261-DOUCE;OFF WHITE M;0.0 productes de 857 a 806
261-DOUCE;OFF WHITE M;0.0 productes de 2020 a 806
261-DOUCE;OFF WHITE M;0.0 productes de 2094 a 806
261-DOUCE;OFF WHITE M;Receptor 806 sin posibilidad de enviarle stock
251-RCOCO.F;MAGMA M;INICIO EVALUACIÓN
251-RCOCO.F;MAGMA M;10 pares generados
251-RCOCO.F;MAGMA M;5.0 productes de 2094 a 803
251-RCOCO.F;MAGMA M;Emisor 2094 acceptat
251-RCOCO.F;MAGMA M;0.0 productes de 2094 a 801
251-RCOCO.F;MAGMA M;Receptor 801 sin posibilidad de enviarle stock
251-RCOCO.F;MAGMA M;0.0 productes de 2094 a 845
251-RCOCO.F;MAGMA M;Receptor 845 sin posibilidad de enviarle stock
251-RCOCO.F;MAGMA M;0.0 productes de 2094 a 805
251-RCOCO.F;MAGMA M;Receptor 805 sin posibilidad de enviarle stock
251-RCOCO.F;MAGMA M;0.0 productes de 2094 a 869
251-RCOCO.F;MAGMA M;Receptor 869 sin posibilidad de enviarle stock
251-RCOCO.F;MAGMA M;0.0 productes de 2094 a 806
251-RCOCO.F;MAGMA M;Receptor 806 sin posibilidad de enviarle stock
251-RCOCO.F;MAGMA M;0.0 productes de 2094 a 1782
251-RCOCO.F;MAGMA M;Receptor 1782 sin posibilidad de enviarle stock
251-RCOCO.F;MAGMA M;0.0 productes de 2094 a 2020
251-RCOCO.F;MAGMA M;Receptor 2020 sin posibilidad de enviarle stock
251-RCOCO.F;MAGMA M;0.0 productes de 2094 a 840
251-RCOCO.F;MAGMA M;Receptor 840 sin posibilidad de enviarle stock
251-RCOCO.F;MAGMA M;0.0 productes de 2094 a 857
251-RCOCO.F;MAGMA M;Receptor 857 sin posibilidad de enviarle stock
241-DAGA;BEIGE;INICIO EVALUACIÓN
241-DAGA;BEIGE;20 pares generados
241-DAGA;BEIGE;8.0 productes de 869 a 803
241-DAGA;BEIGE;Emisor 869 acceptat
241-DAGA;BEIGE;4.0 productes de 2020 a 803
241-DAGA;BEIGE;Emisor 2020 acceptat
241-DAGA;BEIGE;0.0 productes de 869 a 832
241-DAGA;BEIGE;0.0 productes de 2020 a 832
241-DAGA;BEIGE;Receptor 832 sin posibilidad de enviarle stock
241-DAGA;BEIGE;0.0 productes de 869 a 801
241-DAGA;BEIGE;0.0 productes de 2020 a 801
241-DAGA;BEIGE;Receptor 801 sin posibilidad de enviarle stock
241-DAGA;BEIGE;0.0 productes de 869 a 806
241-DAGA;BEIGE;0.0 productes de 2020 a 806
241-DAGA;BEIGE;Receptor 806 sin posibilidad de enviarle stock
241-DAGA;BEIGE;0.0 productes de 869 a 840
241-DAGA;BEIGE;0.0 productes de 2020 a 840
241-DAGA;BEIGE;Receptor 840 sin posibilidad de enviarle stock
241-DAGA;BEIGE;0.0 productes de 869 a 857
241-DAGA;BEIGE;0.0 productes de 2020 a 857
241-DAGA;BEIGE;Receptor 857 sin posibilidad de enviarle stock
241-DAGA;BEIGE;0.0 productes de 869 a 1782
241-DAGA;BEIGE;0.0 productes de 2020 a 1782
241-DAGA;BEIGE;Receptor 1782 sin posibilidad de enviarle stock
241-DAGA;BEIGE;0.0 productes de 869 a 845
241-DAGA;BEIGE;0.0 productes de 2020 a 845
241-DAGA;BEIGE;Receptor 845 sin posibilidad de enviarle stock
241-DAGA;BEIGE;0.0 productes de 869 a 2094
241-DAGA;BEIGE;0.0 productes de 2020 a 2094
241-DAGA;BEIGE;Receptor 2094 sin posibilidad de enviarle stock
241-DAGA;BEIGE;0.0 productes de 869 a 805
241-DAGA;BEIGE;0.0 productes de 2020 a 805
241-DAGA;BEIGE;Receptor 805 sin posibilidad de enviarle stock
261-DJARDI;MULTICO;INICIO EVALUACIÓN
261-DJARDI;MULTICO;18 pares generados
261-DJARDI;MULTICO;8.0 productes de 869 a 803
261-DJARDI;MULTICO;Emisor 869 rebutjat. Supera cobertura máxima
261-DJARDI;MULTICO;6.0 productes de 2020 a 803
261-DJARDI;MULTICO;Emisor 2020 acceptat
261-DJARDI;MULTICO;8.0 productes de 869 a 801
261-DJARDI;MULTICO;Emisor 869 rebutjat. Supera cobertura máxima
261-DJARDI;MULTICO;0.0 productes de 2020 a 801
261-DJARDI;MULTICO;Receptor 801 sin posibilidad de enviarle stock
261-DJARDI;MULTICO;8.0 productes de 869 a 857
261-DJARDI;MULTICO;Emisor 869 rebutjat. Supera cobertura máxima
261-DJARDI;MULTICO;0.0 productes de 2020 a 857
261-DJARDI;MULTICO;Receptor 857 sin posibilidad de enviarle stock
261-DJARDI;MULTICO;8.0 productes de 869 a 2094
261-DJARDI;MULTICO;Emisor 869 rebutjat. Supera cobertura máxima
261-DJARDI;MULTICO;0.0 productes de 2020 a 2094
261-DJARDI;MULTICO;Receptor 2094 sin posibilidad de enviarle stock
261-DJARDI;MULTICO;8.0 productes de 869 a 805
261-DJARDI;MULTICO;Emisor 869 rebutjat. Supera cobertura máxima
261-DJARDI;MULTICO;0.0 productes de 2020 a 805
261-DJARDI;MULTICO;Receptor 805 sin posibilidad de enviarle stock
261-DJARDI;MULTICO;8.0 productes de 869 a 845
261-DJARDI;MULTICO;Emisor 869 rebutjat. Supera cobertura máxima
261-DJARDI;MULTICO;0.0 productes de 2020 a 845
261-DJARDI;MULTICO;Receptor 845 sin posibilidad de enviarle stock
261-DJARDI;MULTICO;8.0 productes de 869 a 806
261-DJARDI;MULTICO;Emisor 869 rebutjat. Supera cobertura máxima
261-DJARDI;MULTICO;0.0 productes de 2020 a 806
261-DJARDI;MULTICO;Receptor 806 sin posibilidad de enviarle stock
261-DJARDI;MULTICO;8.0 productes de 869 a 832
261-DJARDI;MULTICO;Emisor 869 rebutjat. Supera cobertura máxima
261-DJARDI;MULTICO;0.0 productes de 2020 a 832
261-DJARDI;MULTICO;Receptor 832 sin posibilidad de enviarle stock
261-DJARDI;MULTICO;8.0 productes de 869 a 840
261-DJARDI;MULTICO;Emisor 869 rebutjat. Supera cobertura máxima
261-DJARDI;MULTICO;0.0 productes de 2020 a 840
261-DJARDI;MULTICO;Receptor 840 sin posibilidad de enviarle stock
261-DOMIO;OFF WHITE M;INICIO EVALUACIÓN
261-DOMIO;OFF WHITE M;11 pares generados
261-DOMIO;OFF WHITE M;1.0 productes de 845 a 832
261-DOMIO;OFF WHITE M;Emisor 845 acceptat
261-DOMIO;OFF WHITE M;0.0 productes de 845 a 806
261-DOMIO;OFF WHITE M;Receptor 806 sin posibilidad de enviarle stock
261-DOMIO;OFF WHITE M;0.0 productes de 845 a 869
261-DOMIO;OFF WHITE M;Receptor 869 sin posibilidad de enviarle stock
261-DOMIO;OFF WHITE M;0.0 productes de 845 a 803
261-DOMIO;OFF WHITE M;Receptor 803 sin posibilidad de enviarle stock
261-DOMIO;OFF WHITE M;0.0 productes de 845 a 1782
261-DOMIO;OFF WHITE M;Receptor 1782 sin posibilidad de enviarle stock
261-DOMIO;OFF WHITE M;0.0 productes de 845 a 801
261-DOMIO;OFF WHITE M;Receptor 801 sin posibilidad de enviarle stock
261-DOMIO;OFF WHITE M;0.0 productes de 845 a 840
261-DOMIO;OFF WHITE M;Receptor 840 sin posibilidad de enviarle stock
261-DOMIO;OFF WHITE M;0.0 productes de 845 a 805
261-DOMIO;OFF WHITE M;Receptor 805 sin posibilidad de enviarle stock
261-DOMIO;OFF WHITE M;0.0 productes de 845 a 857
261-DOMIO;OFF WHITE M;Receptor 857 sin posibilidad de enviarle stock
261-DOMIO;OFF WHITE M;0.0 productes de 845 a 2020
261-DOMIO;OFF WHITE M;Receptor 2020 sin posibilidad de enviarle stock
261-DOMIO;OFF WHITE M;0.0 productes de 845 a 2094
261-DOMIO;OFF WHITE M;Receptor 2094 sin posibilidad de enviarle stock
251-RDOLS;MULTICO;INICIO EVALUACIÓN
251-RDOLS;MULTICO;24 pares generados
251-RDOLS;MULTICO;6.0 productes de 805 a 801
251-RDOLS;MULTICO;Emisor 805 acceptat
251-RDOLS;MULTICO;6.0 productes de 2020 a 801
251-RDOLS;MULTICO;Emisor 2020 acceptat
251-RDOLS;MULTICO;1.0 productes de 2094 a 801
251-RDOLS;MULTICO;Emisor 2094 acceptat
251-RDOLS;MULTICO;0.0 productes de 805 a 832
251-RDOLS;MULTICO;0.0 productes de 2020 a 832
251-RDOLS;MULTICO;0.0 productes de 2094 a 832
251-RDOLS;MULTICO;Receptor 832 sin posibilidad de enviarle stock
251-RDOLS;MULTICO;0.0 productes de 2020 a 857
251-RDOLS;MULTICO;0.0 productes de 805 a 857
251-RDOLS;MULTICO;0.0 productes de 2094 a 857
251-RDOLS;MULTICO;Receptor 857 sin posibilidad de enviarle stock
251-RDOLS;MULTICO;0.0 productes de 805 a 869
251-RDOLS;MULTICO;0.0 productes de 2020 a 869
251-RDOLS;MULTICO;0.0 productes de 2094 a 869
251-RDOLS;MULTICO;Receptor 869 sin posibilidad de enviarle stock
251-RDOLS;MULTICO;0.0 productes de 805 a 1782
251-RDOLS;MULTICO;0.0 productes de 2020 a 1782
251-RDOLS;MULTICO;0.0 productes de 2094 a 1782
251-RDOLS;MULTICO;Receptor 1782 sin posibilidad de enviarle stock
251-RDOLS;MULTICO;0.0 productes de 805 a 845
251-RDOLS;MULTICO;0.0 productes de 2020 a 845
251-RDOLS;MULTICO;0.0 productes de 2094 a 845
251-RDOLS;MULTICO;Receptor 845 sin posibilidad de enviarle stock
251-RDOLS;MULTICO;0.0 productes de 805 a 806
251-RDOLS;MULTICO;0.0 productes de 2020 a 806
251-RDOLS;MULTICO;0.0 productes de 2094 a 806
251-RDOLS;MULTICO;Receptor 806 sin posibilidad de enviarle stock
251-RDOLS;MULTICO;0.0 productes de 805 a 840
251-RDOLS;MULTICO;0.0 productes de 2020 a 840
251-RDOLS;MULTICO;0.0 productes de 2094 a 840
251-RDOLS;MULTICO;Receptor 840 sin posibilidad de enviarle stock
241-OROOVE;NAVAL ACADEMY;INICIO EVALUACIÓN
241-OROOVE;NAVAL ACADEMY;Producto estancado
252-DFLOWER;NAVAL ACADEMY;INICIO EVALUACIÓN
252-DFLOWER;NAVAL ACADEMY;27 pares generados
252-DFLOWER;NAVAL ACADEMY;4.0 productes de 1782 a 803
252-DFLOWER;NAVAL ACADEMY;Emisor 1782 acceptat
252-DFLOWER;NAVAL ACADEMY;3.0 productes de 805 a 803
252-DFLOWER;NAVAL ACADEMY;Emisor 805 acceptat
252-DFLOWER;NAVAL ACADEMY;3.0 productes de 2020 a 803
252-DFLOWER;NAVAL ACADEMY;Emisor 2020 acceptat
252-DFLOWER;NAVAL ACADEMY;0.0 productes de 1782 a 806
252-DFLOWER;NAVAL ACADEMY;0.0 productes de 805 a 806
252-DFLOWER;NAVAL ACADEMY;0.0 productes de 2020 a 806
252-DFLOWER;NAVAL ACADEMY;Receptor 806 sin posibilidad de enviarle stock
252-DFLOWER;NAVAL ACADEMY;0.0 productes de 1782 a 801
252-DFLOWER;NAVAL ACADEMY;0.0 productes de 805 a 801
252-DFLOWER;NAVAL ACADEMY;0.0 productes de 2020 a 801
252-DFLOWER;NAVAL ACADEMY;Receptor 801 sin posibilidad de enviarle stock
252-DFLOWER;NAVAL ACADEMY;0.0 productes de 1782 a 832
252-DFLOWER;NAVAL ACADEMY;0.0 productes de 805 a 832
252-DFLOWER;NAVAL ACADEMY;0.0 productes de 2020 a 832
252-DFLOWER;NAVAL ACADEMY;Receptor 832 sin posibilidad de enviarle stock
252-DFLOWER;NAVAL ACADEMY;0.0 productes de 1782 a 840
252-DFLOWER;NAVAL ACADEMY;0.0 productes de 805 a 840
252-DFLOWER;NAVAL ACADEMY;0.0 productes de 2020 a 840
252-DFLOWER;NAVAL ACADEMY;Receptor 840 sin posibilidad de enviarle stock
252-DFLOWER;NAVAL ACADEMY;0.0 productes de 1782 a 857
252-DFLOWER;NAVAL ACADEMY;0.0 productes de 2020 a 857
252-DFLOWER;NAVAL ACADEMY;0.0 productes de 805 a 857
252-DFLOWER;NAVAL ACADEMY;Receptor 857 sin posibilidad de enviarle stock
252-DFLOWER;NAVAL ACADEMY;0.0 productes de 1782 a 2094
252-DFLOWER;NAVAL ACADEMY;0.0 productes de 805 a 2094
252-DFLOWER;NAVAL ACADEMY;0.0 productes de 2020 a 2094
252-DFLOWER;NAVAL ACADEMY;Receptor 2094 sin posibilidad de enviarle stock
252-DFLOWER;NAVAL ACADEMY;0.0 productes de 1782 a 845
252-DFLOWER;NAVAL ACADEMY;0.0 productes de 805 a 845
252-DFLOWER;NAVAL ACADEMY;0.0 productes de 2020 a 845
252-DFLOWER;NAVAL ACADEMY;Receptor 845 sin posibilidad de enviarle stock
252-DFLOWER;NAVAL ACADEMY;0.0 productes de 1782 a 869
252-DFLOWER;NAVAL ACADEMY;0.0 productes de 805 a 869
252-DFLOWER;NAVAL ACADEMY;0.0 productes de 2020 a 869
252-DFLOWER;NAVAL ACADEMY;Receptor 869 sin posibilidad de enviarle stock
242-OLAFI;EPICE M;INICIO EVALUACIÓN
242-OLAFI;EPICE M;Producto estancado
261-BOUNTY;PRAIRIE M;INICIO EVALUACIÓN
261-BOUNTY;PRAIRIE M;11 pares generados
261-BOUNTY;PRAIRIE M;4.0 productes de 805 a 801
261-BOUNTY;PRAIRIE M;Emisor 805 rebutjat. Supera cobertura máxima
261-BOUNTY;PRAIRIE M;Receptor 801 sin posibilidad de enviarle stock
261-BOUNTY;PRAIRIE M;4.0 productes de 805 a 2094
261-BOUNTY;PRAIRIE M;Emisor 805 acceptat
261-BOUNTY;PRAIRIE M;0.0 productes de 805 a 840
261-BOUNTY;PRAIRIE M;Receptor 840 sin posibilidad de enviarle stock
261-BOUNTY;PRAIRIE M;0.0 productes de 805 a 832
261-BOUNTY;PRAIRIE M;Receptor 832 sin posibilidad de enviarle stock
261-BOUNTY;PRAIRIE M;0.0 productes de 805 a 803
261-BOUNTY;PRAIRIE M;Receptor 803 sin posibilidad de enviarle stock
261-BOUNTY;PRAIRIE M;0.0 productes de 805 a 2020
261-BOUNTY;PRAIRIE M;Receptor 2020 sin posibilidad de enviarle stock
261-BOUNTY;PRAIRIE M;0.0 productes de 805 a 806
261-BOUNTY;PRAIRIE M;Receptor 806 sin posibilidad de enviarle stock
261-BOUNTY;PRAIRIE M;0.0 productes de 805 a 1782
261-BOUNTY;PRAIRIE M;Receptor 1782 sin posibilidad de enviarle stock
261-BOUNTY;PRAIRIE M;0.0 productes de 805 a 845
261-BOUNTY;PRAIRIE M;Receptor 845 sin posibilidad de enviarle stock
261-BOUNTY;PRAIRIE M;0.0 productes de 805 a 869
261-BOUNTY;PRAIRIE M;Receptor 869 sin posibilidad de enviarle stock
261-BOUNTY;PRAIRIE M;0.0 productes de 805 a 857
261-BOUNTY;PRAIRIE M;Receptor 857 sin posibilidad de enviarle stock
261-DANANA;PALE BANANA;INICIO EVALUACIÓN
261-DANANA;PALE BANANA;11 pares generados
261-DANANA;PALE BANANA;3.0 productes de 1782 a 803
261-DANANA;PALE BANANA;Emisor 1782 acceptat
261-DANANA;PALE BANANA;0.0 productes de 1782 a 840
261-DANANA;PALE BANANA;Receptor 840 sin posibilidad de enviarle stock
261-DANANA;PALE BANANA;0.0 productes de 1782 a 2094
261-DANANA;PALE BANANA;Receptor 2094 sin posibilidad de enviarle stock
261-DANANA;PALE BANANA;0.0 productes de 1782 a 857
261-DANANA;PALE BANANA;Receptor 857 sin posibilidad de enviarle stock
261-DANANA;PALE BANANA;0.0 productes de 1782 a 832
261-DANANA;PALE BANANA;Receptor 832 sin posibilidad de enviarle stock
261-DANANA;PALE BANANA;0.0 productes de 1782 a 805
261-DANANA;PALE BANANA;Receptor 805 sin posibilidad de enviarle stock
261-DANANA;PALE BANANA;0.0 productes de 1782 a 2020
261-DANANA;PALE BANANA;Receptor 2020 sin posibilidad de enviarle stock
261-DANANA;PALE BANANA;0.0 productes de 1782 a 806
261-DANANA;PALE BANANA;Receptor 806 sin posibilidad de enviarle stock
261-DANANA;PALE BANANA;0.0 productes de 1782 a 801
261-DANANA;PALE BANANA;Receptor 801 sin posibilidad de enviarle stock
261-DANANA;PALE BANANA;0.0 productes de 1782 a 845
261-DANANA;PALE BANANA;Receptor 845 sin posibilidad de enviarle stock
261-DANANA;PALE BANANA;0.0 productes de 1782 a 869
261-DANANA;PALE BANANA;Receptor 869 sin posibilidad de enviarle stock
261-JITAMI;DENIM STONE;INICIO EVALUACIÓN
261-JITAMI;DENIM STONE;Producto estancado
261-PTROPIC;NOIR M;INICIO EVALUACIÓN
261-PTROPIC;NOIR M;18 pares generados
261-PTROPIC;NOIR M;5.0 productes de 845 a 805
261-PTROPIC;NOIR M;Emisor 845 acceptat
261-PTROPIC;NOIR M;5.0 productes de 857 a 805
261-PTROPIC;NOIR M;Emisor 857 rebutjat. Supera cobertura máxima
261-PTROPIC;NOIR M;0.0 productes de 845 a 806
261-PTROPIC;NOIR M;5.0 productes de 857 a 806
261-PTROPIC;NOIR M;Emisor 857 rebutjat. Supera cobertura máxima
261-PTROPIC;NOIR M;Receptor 806 sin posibilidad de enviarle stock
261-PTROPIC;NOIR M;0.0 productes de 845 a 869
261-PTROPIC;NOIR M;5.0 productes de 857 a 869
261-PTROPIC;NOIR M;Emisor 857 rebutjat. Supera cobertura máxima
261-PTROPIC;NOIR M;Receptor 869 sin posibilidad de enviarle stock
261-PTROPIC;NOIR M;0.0 productes de 845 a 1782
261-PTROPIC;NOIR M;5.0 productes de 857 a 1782
261-PTROPIC;NOIR M;Emisor 857 rebutjat. Supera cobertura máxima
261-PTROPIC;NOIR M;Receptor 1782 sin posibilidad de enviarle stock
261-PTROPIC;NOIR M;0.0 productes de 845 a 801
261-PTROPIC;NOIR M;5.0 productes de 857 a 801
261-PTROPIC;NOIR M;Emisor 857 rebutjat. Supera cobertura máxima
261-PTROPIC;NOIR M;Receptor 801 sin posibilidad de enviarle stock
261-PTROPIC;NOIR M;0.0 productes de 845 a 832
261-PTROPIC;NOIR M;5.0 productes de 857 a 832
261-PTROPIC;NOIR M;Emisor 857 rebutjat. Supera cobertura máxima
261-PTROPIC;NOIR M;Receptor 832 sin posibilidad de enviarle stock
261-PTROPIC;NOIR M;0.0 productes de 845 a 2094
261-PTROPIC;NOIR M;5.0 productes de 857 a 2094
261-PTROPIC;NOIR M;Emisor 857 rebutjat. Supera cobertura máxima
261-PTROPIC;NOIR M;Receptor 2094 sin posibilidad de enviarle stock
261-PTROPIC;NOIR M;5.0 productes de 857 a 2020
261-PTROPIC;NOIR M;Emisor 857 rebutjat. Supera cobertura máxima
261-PTROPIC;NOIR M;0.0 productes de 845 a 2020
261-PTROPIC;NOIR M;Receptor 2020 sin posibilidad de enviarle stock
261-PTROPIC;NOIR M;0.0 productes de 845 a 840
261-PTROPIC;NOIR M;5.0 productes de 857 a 840
261-PTROPIC;NOIR M;Emisor 857 rebutjat. Supera cobertura máxima
261-PTROPIC;NOIR M;Receptor 840 sin posibilidad de enviarle stock
251-DIDOA;ARGAN OIL;INICIO EVALUACIÓN
251-DIDOA;ARGAN OIL;32 pares generados
251-DIDOA;ARGAN OIL;4.0 productes de 806 a 832
251-DIDOA;ARGAN OIL;Emisor 806 rebutjat. Supera cobertura máxima
251-DIDOA;ARGAN OIL;4.0 productes de 840 a 832
251-DIDOA;ARGAN OIL;Emisor 840 rebutjat. Supera cobertura máxima
251-DIDOA;ARGAN OIL;4.0 productes de 845 a 832
251-DIDOA;ARGAN OIL;Emisor 845 rebutjat. Supera cobertura máxima
251-DIDOA;ARGAN OIL;1.0 productes de 2020 a 832
251-DIDOA;ARGAN OIL;Emisor 2020 acceptat
251-DIDOA;ARGAN OIL;4.0 productes de 806 a 805
251-DIDOA;ARGAN OIL;Emisor 806 rebutjat. Supera cobertura máxima
251-DIDOA;ARGAN OIL;4.0 productes de 840 a 805
251-DIDOA;ARGAN OIL;Emisor 840 rebutjat. Supera cobertura máxima
251-DIDOA;ARGAN OIL;4.0 productes de 845 a 805
251-DIDOA;ARGAN OIL;Emisor 845 rebutjat. Supera cobertura máxima
251-DIDOA;ARGAN OIL;0.0 productes de 2020 a 805
251-DIDOA;ARGAN OIL;Receptor 805 sin posibilidad de enviarle stock
251-DIDOA;ARGAN OIL;4.0 productes de 806 a 803
251-DIDOA;ARGAN OIL;Emisor 806 rebutjat. Supera cobertura máxima
251-DIDOA;ARGAN OIL;4.0 productes de 840 a 803
251-DIDOA;ARGAN OIL;Emisor 840 rebutjat. Supera cobertura máxima
251-DIDOA;ARGAN OIL;4.0 productes de 845 a 803
251-DIDOA;ARGAN OIL;Emisor 845 rebutjat. Supera cobertura máxima
251-DIDOA;ARGAN OIL;0.0 productes de 2020 a 803
251-DIDOA;ARGAN OIL;Receptor 803 sin posibilidad de enviarle stock
251-DIDOA;ARGAN OIL;4.0 productes de 806 a 1782
251-DIDOA;ARGAN OIL;Emisor 806 acceptat
251-DIDOA;ARGAN OIL;4.0 productes de 840 a 1782
251-DIDOA;ARGAN OIL;Emisor 840 rebutjat. Supera cobertura máxima
251-DIDOA;ARGAN OIL;4.0 productes de 845 a 1782
251-DIDOA;ARGAN OIL;Emisor 845 rebutjat. Supera cobertura máxima
251-DIDOA;ARGAN OIL;0.0 productes de 2020 a 1782
251-DIDOA;ARGAN OIL;0.0 productes de 806 a 857
251-DIDOA;ARGAN OIL;4.0 productes de 845 a 857
251-DIDOA;ARGAN OIL;Emisor 845 acceptat
251-DIDOA;ARGAN OIL;4.0 productes de 840 a 857
251-DIDOA;ARGAN OIL;Emisor 840 rebutjat. Supera cobertura máxima
251-DIDOA;ARGAN OIL;0.0 productes de 2020 a 857
251-DIDOA;ARGAN OIL;0.0 productes de 806 a 801
251-DIDOA;ARGAN OIL;4.0 productes de 840 a 801
251-DIDOA;ARGAN OIL;Emisor 840 rebutjat. Supera cobertura máxima
251-DIDOA;ARGAN OIL;0.0 productes de 845 a 801
251-DIDOA;ARGAN OIL;0.0 productes de 2020 a 801
251-DIDOA;ARGAN OIL;Receptor 801 sin posibilidad de enviarle stock
251-DIDOA;ARGAN OIL;4.0 productes de 840 a 2094
251-DIDOA;ARGAN OIL;Emisor 840 acceptat
251-DIDOA;ARGAN OIL;0.0 productes de 845 a 2094
251-DIDOA;ARGAN OIL;0.0 productes de 806 a 2094
251-DIDOA;ARGAN OIL;0.0 productes de 2020 a 2094
251-DIDOA;ARGAN OIL;0.0 productes de 806 a 869
251-DIDOA;ARGAN OIL;0.0 productes de 840 a 869
251-DIDOA;ARGAN OIL;0.0 productes de 845 a 869
251-DIDOA;ARGAN OIL;0.0 productes de 2020 a 869
251-DIDOA;ARGAN OIL;Receptor 869 sin posibilidad de enviarle stock
261-RANITA;MULTICO;INICIO EVALUACIÓN
261-RANITA;MULTICO;Producto estancado
261-RSAMYA;NOIR;INICIO EVALUACIÓN
261-RSAMYA;NOIR;6 pares generados
261-RSAMYA;NOIR;3.0 productes de 857 a 806
261-RSAMYA;NOIR;Emisor 857 acceptat
261-RSAMYA;NOIR;0.0 productes de 857 a 840
261-RSAMYA;NOIR;Receptor 840 sin posibilidad de enviarle stock
261-RSAMYA;NOIR;0.0 productes de 857 a 832
261-RSAMYA;NOIR;Receptor 832 sin posibilidad de enviarle stock
261-RSAMYA;NOIR;0.0 productes de 857 a 869
261-RSAMYA;NOIR;Receptor 869 sin posibilidad de enviarle stock
261-RSAMYA;NOIR;0.0 productes de 857 a 801
261-RSAMYA;NOIR;Receptor 801 sin posibilidad de enviarle stock
261-RSAMYA;NOIR;0.0 productes de 857 a 803
261-RSAMYA;NOIR;Receptor 803 sin posibilidad de enviarle stock
261-DPALM;OFF WHITE M;INICIO EVALUACIÓN
261-DPALM;OFF WHITE M;11 pares generados
261-DPALM;OFF WHITE M;3.0 productes de 805 a 845
261-DPALM;OFF WHITE M;Emisor 805 acceptat
261-DPALM;OFF WHITE M;0.0 productes de 805 a 806
261-DPALM;OFF WHITE M;Receptor 806 sin posibilidad de enviarle stock
261-DPALM;OFF WHITE M;0.0 productes de 805 a 803
261-DPALM;OFF WHITE M;Receptor 803 sin posibilidad de enviarle stock
261-DPALM;OFF WHITE M;0.0 productes de 805 a 840
261-DPALM;OFF WHITE M;Receptor 840 sin posibilidad de enviarle stock
261-DPALM;OFF WHITE M;0.0 productes de 805 a 2094
261-DPALM;OFF WHITE M;Receptor 2094 sin posibilidad de enviarle stock
261-DPALM;OFF WHITE M;0.0 productes de 805 a 869
261-DPALM;OFF WHITE M;Receptor 869 sin posibilidad de enviarle stock
261-DPALM;OFF WHITE M;0.0 productes de 805 a 2020
261-DPALM;OFF WHITE M;Receptor 2020 sin posibilidad de enviarle stock
261-DPALM;OFF WHITE M;0.0 productes de 805 a 832
261-DPALM;OFF WHITE M;Receptor 832 sin posibilidad de enviarle stock
261-DPALM;OFF WHITE M;0.0 productes de 805 a 801
261-DPALM;OFF WHITE M;Receptor 801 sin posibilidad de enviarle stock
261-DPALM;OFF WHITE M;0.0 productes de 805 a 1782
261-DPALM;OFF WHITE M;Receptor 1782 sin posibilidad de enviarle stock
261-DPALM;OFF WHITE M;0.0 productes de 805 a 857
261-DPALM;OFF WHITE M;Receptor 857 sin posibilidad de enviarle stock
261-BRUNI;MULTICO;INICIO EVALUACIÓN
261-BRUNI;MULTICO;10 pares generados
261-BRUNI;MULTICO;7.0 productes de 803 a 801
261-BRUNI;MULTICO;Emisor 803 acceptat
261-BRUNI;MULTICO;0.0 productes de 803 a 2020
261-BRUNI;MULTICO;Receptor 2020 sin posibilidad de enviarle stock
261-BRUNI;MULTICO;0.0 productes de 803 a 840
261-BRUNI;MULTICO;Receptor 840 sin posibilidad de enviarle stock
261-BRUNI;MULTICO;0.0 productes de 803 a 805
261-BRUNI;MULTICO;Receptor 805 sin posibilidad de enviarle stock
261-BRUNI;MULTICO;0.0 productes de 803 a 869
261-BRUNI;MULTICO;Receptor 869 sin posibilidad de enviarle stock
261-BRUNI;MULTICO;0.0 productes de 803 a 857
261-BRUNI;MULTICO;Receptor 857 sin posibilidad de enviarle stock
261-BRUNI;MULTICO;0.0 productes de 803 a 1782
261-BRUNI;MULTICO;Receptor 1782 sin posibilidad de enviarle stock
261-BRUNI;MULTICO;0.0 productes de 803 a 2094
261-BRUNI;MULTICO;Receptor 2094 sin posibilidad de enviarle stock
261-BRUNI;MULTICO;0.0 productes de 803 a 806
261-BRUNI;MULTICO;Receptor 806 sin posibilidad de enviarle stock
261-BRUNI;MULTICO;0.0 productes de 803 a 832
261-BRUNI;MULTICO;Receptor 832 sin posibilidad de enviarle stock
261-DGRAOU;OFF WHITE M;INICIO EVALUACIÓN
261-DGRAOU;OFF WHITE M;11 pares generados
261-DGRAOU;OFF WHITE M;4.0 productes de 840 a 845
261-DGRAOU;OFF WHITE M;Emisor 840 acceptat
261-DGRAOU;OFF WHITE M;Cobertura máxima assolida per receptor 845
261-DGRAOU;OFF WHITE M;0.0 productes de 840 a 857
261-DGRAOU;OFF WHITE M;Receptor 857 sin posibilidad de enviarle stock
261-DGRAOU;OFF WHITE M;0.0 productes de 840 a 832
261-DGRAOU;OFF WHITE M;Receptor 832 sin posibilidad de enviarle stock
261-DGRAOU;OFF WHITE M;0.0 productes de 840 a 2020
261-DGRAOU;OFF WHITE M;Receptor 2020 sin posibilidad de enviarle stock
261-DGRAOU;OFF WHITE M;0.0 productes de 840 a 806
261-DGRAOU;OFF WHITE M;Receptor 806 sin posibilidad de enviarle stock
261-DGRAOU;OFF WHITE M;0.0 productes de 840 a 869
261-DGRAOU;OFF WHITE M;Receptor 869 sin posibilidad de enviarle stock
261-DGRAOU;OFF WHITE M;0.0 productes de 840 a 2094
261-DGRAOU;OFF WHITE M;Receptor 2094 sin posibilidad de enviarle stock
261-DGRAOU;OFF WHITE M;0.0 productes de 840 a 805
261-DGRAOU;OFF WHITE M;Receptor 805 sin posibilidad de enviarle stock
261-DGRAOU;OFF WHITE M;0.0 productes de 840 a 1782
261-DGRAOU;OFF WHITE M;Receptor 1782 sin posibilidad de enviarle stock
261-DGRAOU;OFF WHITE M;0.0 productes de 840 a 801
261-DGRAOU;OFF WHITE M;Receptor 801 sin posibilidad de enviarle stock
261-DGRAOU;OFF WHITE M;0.0 productes de 840 a 803
261-DGRAOU;OFF WHITE M;Receptor 803 sin posibilidad de enviarle stock
241-ROSVAL;TEABERRY;INICIO EVALUACIÓN
241-ROSVAL;TEABERRY;Producto estancado
241-ROSLI;MAGMA M;INICIO EVALUACIÓN
241-ROSLI;MAGMA M;Producto estancado
251-RDOLSI;MULTICO;INICIO EVALUACIÓN
251-RDOLSI;MULTICO;11 pares generados
251-RDOLSI;MULTICO;6.0 productes de 840 a 806
251-RDOLSI;MULTICO;Emisor 840 acceptat
251-RDOLSI;MULTICO;0.0 productes de 840 a 801
251-RDOLSI;MULTICO;Receptor 801 sin posibilidad de enviarle stock
251-RDOLSI;MULTICO;0.0 productes de 840 a 857
251-RDOLSI;MULTICO;Receptor 857 sin posibilidad de enviarle stock
251-RDOLSI;MULTICO;0.0 productes de 840 a 832
251-RDOLSI;MULTICO;Receptor 832 sin posibilidad de enviarle stock
251-RDOLSI;MULTICO;0.0 productes de 840 a 845
251-RDOLSI;MULTICO;Receptor 845 sin posibilidad de enviarle stock
251-RDOLSI;MULTICO;0.0 productes de 840 a 803
251-RDOLSI;MULTICO;Receptor 803 sin posibilidad de enviarle stock
251-RDOLSI;MULTICO;0.0 productes de 840 a 2094
251-RDOLSI;MULTICO;Receptor 2094 sin posibilidad de enviarle stock
251-RDOLSI;MULTICO;0.0 productes de 840 a 805
251-RDOLSI;MULTICO;Receptor 805 sin posibilidad de enviarle stock
251-RDOLSI;MULTICO;0.0 productes de 840 a 869
251-RDOLSI;MULTICO;Receptor 869 sin posibilidad de enviarle stock
251-RDOLSI;MULTICO;0.0 productes de 840 a 1782
251-RDOLSI;MULTICO;Receptor 1782 sin posibilidad de enviarle stock
251-RDOLSI;MULTICO;0.0 productes de 840 a 2020
251-RDOLSI;MULTICO;Receptor 2020 sin posibilidad de enviarle stock
261-DROSE;OFF WHITE M;INICIO EVALUACIÓN
261-DROSE;OFF WHITE M;11 pares generados
261-DROSE;OFF WHITE M;4.0 productes de 2020 a 801
261-DROSE;OFF WHITE M;Emisor 2020 acceptat
261-DROSE;OFF WHITE M;0.0 productes de 2020 a 806
261-DROSE;OFF WHITE M;Receptor 806 sin posibilidad de enviarle stock
261-DROSE;OFF WHITE M;0.0 productes de 2020 a 803
261-DROSE;OFF WHITE M;Receptor 803 sin posibilidad de enviarle stock
261-DROSE;OFF WHITE M;0.0 productes de 2020 a 805
261-DROSE;OFF WHITE M;Receptor 805 sin posibilidad de enviarle stock
261-DROSE;OFF WHITE M;0.0 productes de 2020 a 832
261-DROSE;OFF WHITE M;Receptor 832 sin posibilidad de enviarle stock
261-DROSE;OFF WHITE M;0.0 productes de 2020 a 869
261-DROSE;OFF WHITE M;Receptor 869 sin posibilidad de enviarle stock
261-DROSE;OFF WHITE M;0.0 productes de 2020 a 1782
261-DROSE;OFF WHITE M;Receptor 1782 sin posibilidad de enviarle stock
261-DROSE;OFF WHITE M;0.0 productes de 2020 a 2094
261-DROSE;OFF WHITE M;Receptor 2094 sin posibilidad de enviarle stock
261-DROSE;OFF WHITE M;0.0 productes de 2020 a 845
261-DROSE;OFF WHITE M;Receptor 845 sin posibilidad de enviarle stock
261-DROSE;OFF WHITE M;0.0 productes de 2020 a 840
261-DROSE;OFF WHITE M;Receptor 840 sin posibilidad de enviarle stock
261-DROSE;OFF WHITE M;0.0 productes de 2020 a 857
261-DROSE;OFF WHITE M;Receptor 857 sin posibilidad de enviarle stock
261-DRED;MAGMA M;INICIO EVALUACIÓN
261-DRED;MAGMA M;20 pares generados
261-DRED;MAGMA M;2.0 productes de 805 a 801
261-DRED;MAGMA M;Emisor 805 acceptat
261-DRED;MAGMA M;2.0 productes de 2094 a 801
261-DRED;MAGMA M;Emisor 2094 acceptat
261-DRED;MAGMA M;0.0 productes de 805 a 832
261-DRED;MAGMA M;0.0 productes de 2094 a 832
261-DRED;MAGMA M;Receptor 832 sin posibilidad de enviarle stock
261-DRED;MAGMA M;0.0 productes de 805 a 869
261-DRED;MAGMA M;0.0 productes de 2094 a 869
261-DRED;MAGMA M;Receptor 869 sin posibilidad de enviarle stock
261-DRED;MAGMA M;0.0 productes de 2094 a 845
261-DRED;MAGMA M;0.0 productes de 805 a 845
261-DRED;MAGMA M;Receptor 845 sin posibilidad de enviarle stock
261-DRED;MAGMA M;0.0 productes de 805 a 857
261-DRED;MAGMA M;0.0 productes de 2094 a 857
261-DRED;MAGMA M;Receptor 857 sin posibilidad de enviarle stock
261-DRED;MAGMA M;0.0 productes de 2094 a 840
261-DRED;MAGMA M;0.0 productes de 805 a 840
261-DRED;MAGMA M;Receptor 840 sin posibilidad de enviarle stock
261-DRED;MAGMA M;0.0 productes de 805 a 1782
261-DRED;MAGMA M;0.0 productes de 2094 a 1782
261-DRED;MAGMA M;Receptor 1782 sin posibilidad de enviarle stock
261-DRED;MAGMA M;0.0 productes de 805 a 2020
261-DRED;MAGMA M;0.0 productes de 2094 a 2020
261-DRED;MAGMA M;Receptor 2020 sin posibilidad de enviarle stock
261-DRED;MAGMA M;0.0 productes de 805 a 806
261-DRED;MAGMA M;0.0 productes de 2094 a 806
261-DRED;MAGMA M;Receptor 806 sin posibilidad de enviarle stock
261-DRED;MAGMA M;0.0 productes de 805 a 803
261-DRED;MAGMA M;0.0 productes de 2094 a 803
261-DRED;MAGMA M;Receptor 803 sin posibilidad de enviarle stock
261-DEFI;BUTTER M;INICIO EVALUACIÓN
261-DEFI;BUTTER M;10 pares generados
261-DEFI;BUTTER M;3.0 productes de 845 a 869
261-DEFI;BUTTER M;Emisor 845 acceptat
261-DEFI;BUTTER M;0.0 productes de 845 a 806
261-DEFI;BUTTER M;Receptor 806 sin posibilidad de enviarle stock
261-DEFI;BUTTER M;0.0 productes de 845 a 832
261-DEFI;BUTTER M;Receptor 832 sin posibilidad de enviarle stock
261-DEFI;BUTTER M;0.0 productes de 845 a 803
261-DEFI;BUTTER M;Receptor 803 sin posibilidad de enviarle stock
261-DEFI;BUTTER M;0.0 productes de 845 a 1782
261-DEFI;BUTTER M;Receptor 1782 sin posibilidad de enviarle stock
261-DEFI;BUTTER M;0.0 productes de 845 a 840
261-DEFI;BUTTER M;Receptor 840 sin posibilidad de enviarle stock
261-DEFI;BUTTER M;0.0 productes de 845 a 2094
261-DEFI;BUTTER M;Receptor 2094 sin posibilidad de enviarle stock
261-DEFI;BUTTER M;0.0 productes de 845 a 805
261-DEFI;BUTTER M;Receptor 805 sin posibilidad de enviarle stock
261-DEFI;BUTTER M;0.0 productes de 845 a 2020
261-DEFI;BUTTER M;Receptor 2020 sin posibilidad de enviarle stock
261-DEFI;BUTTER M;0.0 productes de 845 a 857
261-DEFI;BUTTER M;Receptor 857 sin posibilidad de enviarle stock
251-RCOCO.F;PRAIRIE M;INICIO EVALUACIÓN
251-RCOCO.F;PRAIRIE M;18 pares generados
251-RCOCO.F;PRAIRIE M;6.0 productes de 845 a 803
251-RCOCO.F;PRAIRIE M;Emisor 845 acceptat
251-RCOCO.F;PRAIRIE M;5.0 productes de 1782 a 803
251-RCOCO.F;PRAIRIE M;Emisor 1782 acceptat
251-RCOCO.F;PRAIRIE M;0.0 productes de 845 a 801
251-RCOCO.F;PRAIRIE M;0.0 productes de 1782 a 801
251-RCOCO.F;PRAIRIE M;Receptor 801 sin posibilidad de enviarle stock
251-RCOCO.F;PRAIRIE M;0.0 productes de 845 a 806
251-RCOCO.F;PRAIRIE M;0.0 productes de 1782 a 806
251-RCOCO.F;PRAIRIE M;Receptor 806 sin posibilidad de enviarle stock
251-RCOCO.F;PRAIRIE M;0.0 productes de 845 a 869
251-RCOCO.F;PRAIRIE M;0.0 productes de 1782 a 869
251-RCOCO.F;PRAIRIE M;Receptor 869 sin posibilidad de enviarle stock
251-RCOCO.F;PRAIRIE M;0.0 productes de 845 a 805
251-RCOCO.F;PRAIRIE M;0.0 productes de 1782 a 805
251-RCOCO.F;PRAIRIE M;Receptor 805 sin posibilidad de enviarle stock
251-RCOCO.F;PRAIRIE M;0.0 productes de 845 a 2020
251-RCOCO.F;PRAIRIE M;0.0 productes de 1782 a 2020
251-RCOCO.F;PRAIRIE M;Receptor 2020 sin posibilidad de enviarle stock
251-RCOCO.F;PRAIRIE M;0.0 productes de 845 a 2094
251-RCOCO.F;PRAIRIE M;0.0 productes de 1782 a 2094
251-RCOCO.F;PRAIRIE M;Receptor 2094 sin posibilidad de enviarle stock
251-RCOCO.F;PRAIRIE M;0.0 productes de 845 a 840
251-RCOCO.F;PRAIRIE M;0.0 productes de 1782 a 840
251-RCOCO.F;PRAIRIE M;Receptor 840 sin posibilidad de enviarle stock
251-RCOCO.F;PRAIRIE M;0.0 productes de 845 a 857
251-RCOCO.F;PRAIRIE M;0.0 productes de 1782 a 857
251-RCOCO.F;PRAIRIE M;Receptor 857 sin posibilidad de enviarle stock
261-ROCHI;MARINE M;INICIO EVALUACIÓN
261-ROCHI;MARINE M;11 pares generados
261-ROCHI;MARINE M;5.0 productes de 801 a 806
261-ROCHI;MARINE M;Emisor 801 acceptat
261-ROCHI;MARINE M;0.0 productes de 801 a 840
261-ROCHI;MARINE M;Receptor 840 sin posibilidad de enviarle stock
261-ROCHI;MARINE M;0.0 productes de 801 a 803
261-ROCHI;MARINE M;Receptor 803 sin posibilidad de enviarle stock
261-ROCHI;MARINE M;0.0 productes de 801 a 832
261-ROCHI;MARINE M;Receptor 832 sin posibilidad de enviarle stock
261-ROCHI;MARINE M;0.0 productes de 801 a 805
261-ROCHI;MARINE M;Receptor 805 sin posibilidad de enviarle stock
261-ROCHI;MARINE M;0.0 productes de 801 a 869
261-ROCHI;MARINE M;Receptor 869 sin posibilidad de enviarle stock
261-ROCHI;MARINE M;0.0 productes de 801 a 857
261-ROCHI;MARINE M;Receptor 857 sin posibilidad de enviarle stock
261-ROCHI;MARINE M;0.0 productes de 801 a 2094
261-ROCHI;MARINE M;Receptor 2094 sin posibilidad de enviarle stock
261-ROCHI;MARINE M;0.0 productes de 801 a 845
261-ROCHI;MARINE M;Receptor 845 sin posibilidad de enviarle stock
261-ROCHI;MARINE M;0.0 productes de 801 a 2020
261-ROCHI;MARINE M;Receptor 2020 sin posibilidad de enviarle stock
261-ROCHI;MARINE M;0.0 productes de 801 a 1782
261-ROCHI;MARINE M;Receptor 1782 sin posibilidad de enviarle stock
251-DALIKA;OFF WHITE M;INICIO EVALUACIÓN
251-DALIKA;OFF WHITE M;27 pares generados
251-DALIKA;OFF WHITE M;5.0 productes de 2020 a 857
251-DALIKA;OFF WHITE M;Emisor 2020 acceptat
251-DALIKA;OFF WHITE M;5.0 productes de 840 a 857
251-DALIKA;OFF WHITE M;Emisor 840 acceptat
251-DALIKA;OFF WHITE M;3.0 productes de 805 a 857
251-DALIKA;OFF WHITE M;Emisor 805 acceptat
251-DALIKA;OFF WHITE M;0.0 productes de 840 a 801
251-DALIKA;OFF WHITE M;0.0 productes de 2020 a 801
251-DALIKA;OFF WHITE M;0.0 productes de 805 a 801
251-DALIKA;OFF WHITE M;Receptor 801 sin posibilidad de enviarle stock
251-DALIKA;OFF WHITE M;0.0 productes de 840 a 806
251-DALIKA;OFF WHITE M;0.0 productes de 2020 a 806
251-DALIKA;OFF WHITE M;0.0 productes de 805 a 806
251-DALIKA;OFF WHITE M;Receptor 806 sin posibilidad de enviarle stock
251-DALIKA;OFF WHITE M;0.0 productes de 840 a 832
251-DALIKA;OFF WHITE M;0.0 productes de 2020 a 832
251-DALIKA;OFF WHITE M;0.0 productes de 805 a 832
251-DALIKA;OFF WHITE M;Receptor 832 sin posibilidad de enviarle stock
251-DALIKA;OFF WHITE M;0.0 productes de 840 a 803
251-DALIKA;OFF WHITE M;0.0 productes de 2020 a 803
251-DALIKA;OFF WHITE M;0.0 productes de 805 a 803
251-DALIKA;OFF WHITE M;Receptor 803 sin posibilidad de enviarle stock
251-DALIKA;OFF WHITE M;0.0 productes de 840 a 845
251-DALIKA;OFF WHITE M;0.0 productes de 2020 a 845
251-DALIKA;OFF WHITE M;0.0 productes de 805 a 845
251-DALIKA;OFF WHITE M;Receptor 845 sin posibilidad de enviarle stock
251-DALIKA;OFF WHITE M;0.0 productes de 840 a 869
251-DALIKA;OFF WHITE M;0.0 productes de 2020 a 869
251-DALIKA;OFF WHITE M;0.0 productes de 805 a 869
251-DALIKA;OFF WHITE M;Receptor 869 sin posibilidad de enviarle stock
251-DALIKA;OFF WHITE M;0.0 productes de 840 a 1782
251-DALIKA;OFF WHITE M;0.0 productes de 2020 a 1782
251-DALIKA;OFF WHITE M;0.0 productes de 805 a 1782
251-DALIKA;OFF WHITE M;Receptor 1782 sin posibilidad de enviarle stock
251-DALIKA;OFF WHITE M;0.0 productes de 840 a 2094
251-DALIKA;OFF WHITE M;0.0 productes de 2020 a 2094
251-DALIKA;OFF WHITE M;0.0 productes de 805 a 2094
251-DALIKA;OFF WHITE M;Receptor 2094 sin posibilidad de enviarle stock
261-DBABY;NOIR M;INICIO EVALUACIÓN
261-DBABY;NOIR M;Producto estancado
261-RODIOL;NOIR/IVOIRE;INICIO EVALUACIÓN
261-RODIOL;NOIR/IVOIRE;11 pares generados
261-RODIOL;NOIR/IVOIRE;2.0 productes de 2020 a 832
261-RODIOL;NOIR/IVOIRE;Emisor 2020 acceptat
261-RODIOL;NOIR/IVOIRE;0.0 productes de 2020 a 801
261-RODIOL;NOIR/IVOIRE;Receptor 801 sin posibilidad de enviarle stock
261-RODIOL;NOIR/IVOIRE;0.0 productes de 2020 a 803
261-RODIOL;NOIR/IVOIRE;Receptor 803 sin posibilidad de enviarle stock
261-RODIOL;NOIR/IVOIRE;0.0 productes de 2020 a 806
261-RODIOL;NOIR/IVOIRE;Receptor 806 sin posibilidad de enviarle stock
261-RODIOL;NOIR/IVOIRE;0.0 productes de 2020 a 840
261-RODIOL;NOIR/IVOIRE;Receptor 840 sin posibilidad de enviarle stock
261-RODIOL;NOIR/IVOIRE;0.0 productes de 2020 a 857
261-RODIOL;NOIR/IVOIRE;Receptor 857 sin posibilidad de enviarle stock
261-RODIOL;NOIR/IVOIRE;0.0 productes de 2020 a 869
261-RODIOL;NOIR/IVOIRE;Receptor 869 sin posibilidad de enviarle stock
261-RODIOL;NOIR/IVOIRE;0.0 productes de 2020 a 805
261-RODIOL;NOIR/IVOIRE;Receptor 805 sin posibilidad de enviarle stock
261-RODIOL;NOIR/IVOIRE;0.0 productes de 2020 a 845
261-RODIOL;NOIR/IVOIRE;Receptor 845 sin posibilidad de enviarle stock
261-RODIOL;NOIR/IVOIRE;0.0 productes de 2020 a 1782
261-RODIOL;NOIR/IVOIRE;Receptor 1782 sin posibilidad de enviarle stock
261-RODIOL;NOIR/IVOIRE;0.0 productes de 2020 a 2094
261-RODIOL;NOIR/IVOIRE;Receptor 2094 sin posibilidad de enviarle stock
261-CALCI.F;OXYGENE M;INICIO EVALUACIÓN
261-CALCI.F;OXYGENE M;21 pares generados
261-CALCI.F;OXYGENE M;8.0 productes de 832 a 805
261-CALCI.F;OXYGENE M;Emisor 832 rebutjat. Supera cobertura máxima
261-CALCI.F;OXYGENE M;7.0 productes de 869 a 805
261-CALCI.F;OXYGENE M;Emisor 869 rebutjat. Supera cobertura máxima
261-CALCI.F;OXYGENE M;7.0 productes de 857 a 805
261-CALCI.F;OXYGENE M;Emisor 857 rebutjat. Supera cobertura máxima
261-CALCI.F;OXYGENE M;6.0 productes de 2094 a 805
261-CALCI.F;OXYGENE M;Emisor 2094 acceptat
261-CALCI.F;OXYGENE M;Cobertura máxima assolida per receptor 805
261-CALCI.F;OXYGENE M;8.0 productes de 832 a 2020
261-CALCI.F;OXYGENE M;Emisor 832 rebutjat. Supera cobertura máxima
261-CALCI.F;OXYGENE M;7.0 productes de 857 a 2020
261-CALCI.F;OXYGENE M;Emisor 857 rebutjat. Supera cobertura máxima
261-CALCI.F;OXYGENE M;7.0 productes de 869 a 2020
261-CALCI.F;OXYGENE M;Emisor 869 rebutjat. Supera cobertura máxima
261-CALCI.F;OXYGENE M;0.0 productes de 2094 a 2020
261-CALCI.F;OXYGENE M;5.0 productes de 806 a 2020
261-CALCI.F;OXYGENE M;Emisor 806 acceptat
261-CALCI.F;OXYGENE M;5.0 productes de 840 a 2020
261-CALCI.F;OXYGENE M;Emisor 840 rebutjat. Supera cobertura máxima
261-CALCI.F;OXYGENE M;1.0 productes de 845 a 2020
261-CALCI.F;OXYGENE M;Emisor 845 acceptat
261-CALCI.F;OXYGENE M;Cobertura máxima assolida per receptor 2020
261-CALCI.F;OXYGENE M;8.0 productes de 832 a 801
261-CALCI.F;OXYGENE M;Emisor 832 rebutjat. Supera cobertura máxima
261-CALCI.F;OXYGENE M;7.0 productes de 869 a 801
261-CALCI.F;OXYGENE M;Emisor 869 rebutjat. Supera cobertura máxima
261-CALCI.F;OXYGENE M;7.0 productes de 857 a 801
261-CALCI.F;OXYGENE M;Emisor 857 rebutjat. Supera cobertura máxima
261-CALCI.F;OXYGENE M;0.0 productes de 2094 a 801
261-CALCI.F;OXYGENE M;0.0 productes de 806 a 801
261-CALCI.F;OXYGENE M;5.0 productes de 840 a 801
261-CALCI.F;OXYGENE M;Emisor 840 rebutjat. Supera cobertura máxima
261-CALCI.F;OXYGENE M;0.0 productes de 845 a 801
261-CALCI.F;OXYGENE M;Receptor 801 sin posibilidad de enviarle stock
261-CUBA.F;MULTICO;INICIO EVALUACIÓN
261-CUBA.F;MULTICO;10 pares generados
261-CUBA.F;MULTICO;3.0 productes de 845 a 806
261-CUBA.F;MULTICO;Emisor 845 acceptat
261-CUBA.F;MULTICO;0.0 productes de 845 a 2094
261-CUBA.F;MULTICO;Receptor 2094 sin posibilidad de enviarle stock
261-CUBA.F;MULTICO;0.0 productes de 845 a 857
261-CUBA.F;MULTICO;Receptor 857 sin posibilidad de enviarle stock
261-CUBA.F;MULTICO;0.0 productes de 845 a 2020
261-CUBA.F;MULTICO;Receptor 2020 sin posibilidad de enviarle stock
261-CUBA.F;MULTICO;0.0 productes de 845 a 805
261-CUBA.F;MULTICO;Receptor 805 sin posibilidad de enviarle stock
261-CUBA.F;MULTICO;0.0 productes de 845 a 1782
261-CUBA.F;MULTICO;Receptor 1782 sin posibilidad de enviarle stock
261-CUBA.F;MULTICO;0.0 productes de 845 a 801
261-CUBA.F;MULTICO;Receptor 801 sin posibilidad de enviarle stock
261-CUBA.F;MULTICO;0.0 productes de 845 a 869
261-CUBA.F;MULTICO;Receptor 869 sin posibilidad de enviarle stock
261-CUBA.F;MULTICO;0.0 productes de 845 a 840
261-CUBA.F;MULTICO;Receptor 840 sin posibilidad de enviarle stock
261-CUBA.F;MULTICO;0.0 productes de 845 a 803
261-CUBA.F;MULTICO;Receptor 803 sin posibilidad de enviarle stock
251-DIDOA;IVOIRE M;INICIO EVALUACIÓN
251-DIDOA;IVOIRE M;32 pares generados
251-DIDOA;IVOIRE M;8.0 productes de 805 a 869
251-DIDOA;IVOIRE M;Emisor 805 acceptat
251-DIDOA;IVOIRE M;8.0 productes de 840 a 869
251-DIDOA;IVOIRE M;Emisor 840 rebutjat. Supera cobertura máxima
251-DIDOA;IVOIRE M;3.0 productes de 1782 a 869
251-DIDOA;IVOIRE M;Emisor 1782 acceptat
251-DIDOA;IVOIRE M;3.0 productes de 2020 a 869
251-DIDOA;IVOIRE M;Emisor 2020 acceptat
251-DIDOA;IVOIRE M;Cobertura máxima assolida per receptor 869
251-DIDOA;IVOIRE M;0.0 productes de 805 a 801
251-DIDOA;IVOIRE M;8.0 productes de 840 a 801
251-DIDOA;IVOIRE M;Emisor 840 acceptat
251-DIDOA;IVOIRE M;0.0 productes de 1782 a 801
251-DIDOA;IVOIRE M;0.0 productes de 2020 a 801
251-DIDOA;IVOIRE M;0.0 productes de 805 a 832
251-DIDOA;IVOIRE M;0.0 productes de 840 a 832
251-DIDOA;IVOIRE M;0.0 productes de 1782 a 832
251-DIDOA;IVOIRE M;0.0 productes de 2020 a 832
251-DIDOA;IVOIRE M;Receptor 832 sin posibilidad de enviarle stock
251-DIDOA;IVOIRE M;0.0 productes de 805 a 806
251-DIDOA;IVOIRE M;0.0 productes de 840 a 806
251-DIDOA;IVOIRE M;0.0 productes de 1782 a 806
251-DIDOA;IVOIRE M;0.0 productes de 2020 a 806
251-DIDOA;IVOIRE M;Receptor 806 sin posibilidad de enviarle stock
251-DIDOA;IVOIRE M;0.0 productes de 840 a 2094
251-DIDOA;IVOIRE M;0.0 productes de 805 a 2094
251-DIDOA;IVOIRE M;0.0 productes de 1782 a 2094
251-DIDOA;IVOIRE M;0.0 productes de 2020 a 2094
251-DIDOA;IVOIRE M;Receptor 2094 sin posibilidad de enviarle stock
251-DIDOA;IVOIRE M;0.0 productes de 805 a 803
251-DIDOA;IVOIRE M;0.0 productes de 840 a 803
251-DIDOA;IVOIRE M;0.0 productes de 1782 a 803
251-DIDOA;IVOIRE M;0.0 productes de 2020 a 803
251-DIDOA;IVOIRE M;Receptor 803 sin posibilidad de enviarle stock
251-DIDOA;IVOIRE M;0.0 productes de 805 a 857
251-DIDOA;IVOIRE M;0.0 productes de 840 a 857
251-DIDOA;IVOIRE M;0.0 productes de 2020 a 857
251-DIDOA;IVOIRE M;0.0 productes de 1782 a 857
251-DIDOA;IVOIRE M;Receptor 857 sin posibilidad de enviarle stock
251-DIDOA;IVOIRE M;0.0 productes de 840 a 845
251-DIDOA;IVOIRE M;0.0 productes de 805 a 845
251-DIDOA;IVOIRE M;0.0 productes de 1782 a 845
251-DIDOA;IVOIRE M;0.0 productes de 2020 a 845
251-DIDOA;IVOIRE M;Receptor 845 sin posibilidad de enviarle stock
261-DCRUISE;PRAIRIE M;INICIO EVALUACIÓN
261-DCRUISE;PRAIRIE M;35 pares generados
261-DCRUISE;PRAIRIE M;5.0 productes de 801 a 803
261-DCRUISE;PRAIRIE M;Emisor 801 rebutjat. Supera cobertura máxima
261-DCRUISE;PRAIRIE M;5.0 productes de 2094 a 803
261-DCRUISE;PRAIRIE M;Emisor 2094 rebutjat. Supera cobertura máxima
261-DCRUISE;PRAIRIE M;4.0 productes de 1782 a 803
261-DCRUISE;PRAIRIE M;Emisor 1782 rebutjat. Supera cobertura máxima
261-DCRUISE;PRAIRIE M;4.0 productes de 832 a 803
261-DCRUISE;PRAIRIE M;Emisor 832 rebutjat. Supera cobertura máxima
261-DCRUISE;PRAIRIE M;4.0 productes de 869 a 803
261-DCRUISE;PRAIRIE M;Emisor 869 rebutjat. Supera cobertura máxima
261-DCRUISE;PRAIRIE M;Receptor 803 sin posibilidad de enviarle stock
261-DCRUISE;PRAIRIE M;5.0 productes de 801 a 805
261-DCRUISE;PRAIRIE M;Emisor 801 acceptat
261-DCRUISE;PRAIRIE M;5.0 productes de 2094 a 805
261-DCRUISE;PRAIRIE M;Emisor 2094 rebutjat. Supera cobertura máxima
261-DCRUISE;PRAIRIE M;4.0 productes de 832 a 805
261-DCRUISE;PRAIRIE M;Emisor 832 rebutjat. Supera cobertura máxima
261-DCRUISE;PRAIRIE M;4.0 productes de 1782 a 805
261-DCRUISE;PRAIRIE M;Emisor 1782 rebutjat. Supera cobertura máxima
261-DCRUISE;PRAIRIE M;4.0 productes de 869 a 805
261-DCRUISE;PRAIRIE M;Emisor 869 rebutjat. Supera cobertura máxima
261-DCRUISE;PRAIRIE M;5.0 productes de 2094 a 845
261-DCRUISE;PRAIRIE M;Emisor 2094 acceptat
261-DCRUISE;PRAIRIE M;0.0 productes de 801 a 845
261-DCRUISE;PRAIRIE M;4.0 productes de 832 a 845
261-DCRUISE;PRAIRIE M;Emisor 832 rebutjat. Supera cobertura máxima
261-DCRUISE;PRAIRIE M;4.0 productes de 1782 a 845
261-DCRUISE;PRAIRIE M;Emisor 1782 rebutjat. Supera cobertura máxima
261-DCRUISE;PRAIRIE M;4.0 productes de 869 a 845
261-DCRUISE;PRAIRIE M;Emisor 869 rebutjat. Supera cobertura máxima
261-DCRUISE;PRAIRIE M;0.0 productes de 2094 a 2020
261-DCRUISE;PRAIRIE M;0.0 productes de 801 a 2020
261-DCRUISE;PRAIRIE M;4.0 productes de 832 a 2020
261-DCRUISE;PRAIRIE M;Emisor 832 acceptat
261-DCRUISE;PRAIRIE M;4.0 productes de 1782 a 2020
261-DCRUISE;PRAIRIE M;Emisor 1782 rebutjat. Supera cobertura máxima
261-DCRUISE;PRAIRIE M;4.0 productes de 869 a 2020
261-DCRUISE;PRAIRIE M;Emisor 869 rebutjat. Supera cobertura máxima
261-DCRUISE;PRAIRIE M;0.0 productes de 801 a 806
261-DCRUISE;PRAIRIE M;0.0 productes de 2094 a 806
261-DCRUISE;PRAIRIE M;0.0 productes de 832 a 806
261-DCRUISE;PRAIRIE M;4.0 productes de 1782 a 806
261-DCRUISE;PRAIRIE M;Emisor 1782 acceptat
261-DCRUISE;PRAIRIE M;Cobertura máxima assolida per receptor 806
261-DCRUISE;PRAIRIE M;0.0 productes de 2094 a 840
261-DCRUISE;PRAIRIE M;0.0 productes de 801 a 840
261-DCRUISE;PRAIRIE M;0.0 productes de 832 a 840
261-DCRUISE;PRAIRIE M;0.0 productes de 1782 a 840
261-DCRUISE;PRAIRIE M;4.0 productes de 869 a 840
261-DCRUISE;PRAIRIE M;Emisor 869 rebutjat. Supera cobertura máxima
261-DCRUISE;PRAIRIE M;Receptor 840 sin posibilidad de enviarle stock
261-DCRUISE;PRAIRIE M;0.0 productes de 801 a 857
261-DCRUISE;PRAIRIE M;0.0 productes de 2094 a 857
261-DCRUISE;PRAIRIE M;0.0 productes de 832 a 857
261-DCRUISE;PRAIRIE M;0.0 productes de 1782 a 857
261-DCRUISE;PRAIRIE M;4.0 productes de 869 a 857
261-DCRUISE;PRAIRIE M;Emisor 869 rebutjat. Supera cobertura máxima
261-DCRUISE;PRAIRIE M;Receptor 857 sin posibilidad de enviarle stock
261-MTONIZA;OFF WHITE/NOIR;INICIO EVALUACIÓN
261-MTONIZA;OFF WHITE/NOIR;20 pares generados
261-MTONIZA;OFF WHITE/NOIR;6.0 productes de 801 a 805
261-MTONIZA;OFF WHITE/NOIR;Emisor 801 acceptat
261-MTONIZA;OFF WHITE/NOIR;Cobertura máxima assolida per receptor 805
261-MTONIZA;OFF WHITE/NOIR;0.0 productes de 801 a 803
261-MTONIZA;OFF WHITE/NOIR;4.0 productes de 840 a 803
261-MTONIZA;OFF WHITE/NOIR;Emisor 840 acceptat
261-MTONIZA;OFF WHITE/NOIR;Cobertura máxima assolida per receptor 803
261-MTONIZA;OFF WHITE/NOIR;0.0 productes de 801 a 806
261-MTONIZA;OFF WHITE/NOIR;0.0 productes de 840 a 806
261-MTONIZA;OFF WHITE/NOIR;Receptor 806 sin posibilidad de enviarle stock
261-MTONIZA;OFF WHITE/NOIR;0.0 productes de 801 a 832
261-MTONIZA;OFF WHITE/NOIR;0.0 productes de 840 a 832
261-MTONIZA;OFF WHITE/NOIR;Receptor 832 sin posibilidad de enviarle stock
261-MTONIZA;OFF WHITE/NOIR;0.0 productes de 801 a 2094
261-MTONIZA;OFF WHITE/NOIR;0.0 productes de 840 a 2094
261-MTONIZA;OFF WHITE/NOIR;Receptor 2094 sin posibilidad de enviarle stock
261-MTONIZA;OFF WHITE/NOIR;0.0 productes de 801 a 1782
261-MTONIZA;OFF WHITE/NOIR;0.0 productes de 840 a 1782
261-MTONIZA;OFF WHITE/NOIR;Receptor 1782 sin posibilidad de enviarle stock
261-MTONIZA;OFF WHITE/NOIR;0.0 productes de 801 a 845
261-MTONIZA;OFF WHITE/NOIR;0.0 productes de 840 a 845
261-MTONIZA;OFF WHITE/NOIR;Receptor 845 sin posibilidad de enviarle stock
261-MTONIZA;OFF WHITE/NOIR;0.0 productes de 801 a 2020
261-MTONIZA;OFF WHITE/NOIR;0.0 productes de 840 a 2020
261-MTONIZA;OFF WHITE/NOIR;Receptor 2020 sin posibilidad de enviarle stock
261-MTONIZA;OFF WHITE/NOIR;0.0 productes de 801 a 869
261-MTONIZA;OFF WHITE/NOIR;0.0 productes de 840 a 869
261-MTONIZA;OFF WHITE/NOIR;Receptor 869 sin posibilidad de enviarle stock
261-MTONIZA;OFF WHITE/NOIR;0.0 productes de 801 a 857
261-MTONIZA;OFF WHITE/NOIR;0.0 productes de 840 a 857
261-MTONIZA;OFF WHITE/NOIR;Receptor 857 sin posibilidad de enviarle stock
261-DNAVY;MARINE/OFF WHITE;INICIO EVALUACIÓN
261-DNAVY;MARINE/OFF WHITE;20 pares generados
261-DNAVY;MARINE/OFF WHITE;12.0 productes de 803 a 869
261-DNAVY;MARINE/OFF WHITE;Emisor 803 rebutjat. Supera cobertura máxima
261-DNAVY;MARINE/OFF WHITE;3.0 productes de 1782 a 869
261-DNAVY;MARINE/OFF WHITE;Emisor 1782 acceptat
261-DNAVY;MARINE/OFF WHITE;12.0 productes de 803 a 857
261-DNAVY;MARINE/OFF WHITE;Emisor 803 rebutjat. Supera cobertura máxima
261-DNAVY;MARINE/OFF WHITE;0.0 productes de 1782 a 857
261-DNAVY;MARINE/OFF WHITE;Receptor 857 sin posibilidad de enviarle stock
261-DNAVY;MARINE/OFF WHITE;12.0 productes de 803 a 801
261-DNAVY;MARINE/OFF WHITE;Emisor 803 rebutjat. Supera cobertura máxima
261-DNAVY;MARINE/OFF WHITE;0.0 productes de 1782 a 801
261-DNAVY;MARINE/OFF WHITE;Receptor 801 sin posibilidad de enviarle stock
261-DNAVY;MARINE/OFF WHITE;12.0 productes de 803 a 845
261-DNAVY;MARINE/OFF WHITE;Emisor 803 rebutjat. Supera cobertura máxima
261-DNAVY;MARINE/OFF WHITE;0.0 productes de 1782 a 845
261-DNAVY;MARINE/OFF WHITE;Receptor 845 sin posibilidad de enviarle stock
261-DNAVY;MARINE/OFF WHITE;12.0 productes de 803 a 2094
261-DNAVY;MARINE/OFF WHITE;Emisor 803 rebutjat. Supera cobertura máxima
261-DNAVY;MARINE/OFF WHITE;0.0 productes de 1782 a 2094
261-DNAVY;MARINE/OFF WHITE;Receptor 2094 sin posibilidad de enviarle stock
261-DNAVY;MARINE/OFF WHITE;12.0 productes de 803 a 832
261-DNAVY;MARINE/OFF WHITE;Emisor 803 rebutjat. Supera cobertura máxima
261-DNAVY;MARINE/OFF WHITE;0.0 productes de 1782 a 832
261-DNAVY;MARINE/OFF WHITE;Receptor 832 sin posibilidad de enviarle stock
261-DNAVY;MARINE/OFF WHITE;12.0 productes de 803 a 805
261-DNAVY;MARINE/OFF WHITE;Emisor 803 rebutjat. Supera cobertura máxima
261-DNAVY;MARINE/OFF WHITE;0.0 productes de 1782 a 805
261-DNAVY;MARINE/OFF WHITE;Receptor 805 sin posibilidad de enviarle stock
261-DNAVY;MARINE/OFF WHITE;12.0 productes de 803 a 2020
261-DNAVY;MARINE/OFF WHITE;Emisor 803 rebutjat. Supera cobertura máxima
261-DNAVY;MARINE/OFF WHITE;0.0 productes de 1782 a 2020
261-DNAVY;MARINE/OFF WHITE;Receptor 2020 sin posibilidad de enviarle stock
261-DNAVY;MARINE/OFF WHITE;12.0 productes de 803 a 806
261-DNAVY;MARINE/OFF WHITE;Emisor 803 rebutjat. Supera cobertura máxima
261-DNAVY;MARINE/OFF WHITE;0.0 productes de 1782 a 806
261-DNAVY;MARINE/OFF WHITE;Receptor 806 sin posibilidad de enviarle stock
261-DNAVY;MARINE/OFF WHITE;12.0 productes de 803 a 840
261-DNAVY;MARINE/OFF WHITE;Emisor 803 rebutjat. Supera cobertura máxima
261-DNAVY;MARINE/OFF WHITE;0.0 productes de 1782 a 840
261-DNAVY;MARINE/OFF WHITE;Receptor 840 sin posibilidad de enviarle stock
261-DSOLEIL;OFF WHITE M;INICIO EVALUACIÓN
261-DSOLEIL;OFF WHITE M;20 pares generados
261-DSOLEIL;OFF WHITE M;4.0 productes de 832 a 801
261-DSOLEIL;OFF WHITE M;Emisor 832 acceptat
261-DSOLEIL;OFF WHITE M;4.0 productes de 2020 a 801
261-DSOLEIL;OFF WHITE M;Emisor 2020 rebutjat. Supera cobertura máxima
261-DSOLEIL;OFF WHITE M;0.0 productes de 832 a 803
261-DSOLEIL;OFF WHITE M;4.0 productes de 2020 a 803
261-DSOLEIL;OFF WHITE M;Emisor 2020 acceptat
261-DSOLEIL;OFF WHITE M;Cobertura máxima assolida per receptor 803
261-DSOLEIL;OFF WHITE M;0.0 productes de 2020 a 857
261-DSOLEIL;OFF WHITE M;0.0 productes de 832 a 857
261-DSOLEIL;OFF WHITE M;Receptor 857 sin posibilidad de enviarle stock
261-DSOLEIL;OFF WHITE M;0.0 productes de 832 a 806
261-DSOLEIL;OFF WHITE M;0.0 productes de 2020 a 806
261-DSOLEIL;OFF WHITE M;Receptor 806 sin posibilidad de enviarle stock
261-DSOLEIL;OFF WHITE M;0.0 productes de 832 a 805
261-DSOLEIL;OFF WHITE M;0.0 productes de 2020 a 805
261-DSOLEIL;OFF WHITE M;Receptor 805 sin posibilidad de enviarle stock
261-DSOLEIL;OFF WHITE M;0.0 productes de 832 a 1782
261-DSOLEIL;OFF WHITE M;0.0 productes de 2020 a 1782
261-DSOLEIL;OFF WHITE M;Receptor 1782 sin posibilidad de enviarle stock
261-DSOLEIL;OFF WHITE M;0.0 productes de 832 a 840
261-DSOLEIL;OFF WHITE M;0.0 productes de 2020 a 840
261-DSOLEIL;OFF WHITE M;Receptor 840 sin posibilidad de enviarle stock
261-DSOLEIL;OFF WHITE M;0.0 productes de 832 a 869
261-DSOLEIL;OFF WHITE M;0.0 productes de 2020 a 869
261-DSOLEIL;OFF WHITE M;Receptor 869 sin posibilidad de enviarle stock
261-DSOLEIL;OFF WHITE M;0.0 productes de 832 a 845
261-DSOLEIL;OFF WHITE M;0.0 productes de 2020 a 845
261-DSOLEIL;OFF WHITE M;Receptor 845 sin posibilidad de enviarle stock
261-DSOLEIL;OFF WHITE M;0.0 productes de 832 a 2094
261-DSOLEIL;OFF WHITE M;0.0 productes de 2020 a 2094
261-DSOLEIL;OFF WHITE M;Receptor 2094 sin posibilidad de enviarle stock
251-RISSAL;NAVAL ACADEMY;INICIO EVALUACIÓN
251-RISSAL;NAVAL ACADEMY;10 pares generados
251-RISSAL;NAVAL ACADEMY;5.0 productes de 2020 a 806
251-RISSAL;NAVAL ACADEMY;Emisor 2020 acceptat
251-RISSAL;NAVAL ACADEMY;Cobertura máxima assolida per receptor 806
251-RISSAL;NAVAL ACADEMY;0.0 productes de 2020 a 832
251-RISSAL;NAVAL ACADEMY;Receptor 832 sin posibilidad de enviarle stock
251-RISSAL;NAVAL ACADEMY;0.0 productes de 2020 a 2094
251-RISSAL;NAVAL ACADEMY;Receptor 2094 sin posibilidad de enviarle stock
251-RISSAL;NAVAL ACADEMY;0.0 productes de 2020 a 845
251-RISSAL;NAVAL ACADEMY;Receptor 845 sin posibilidad de enviarle stock
251-RISSAL;NAVAL ACADEMY;0.0 productes de 2020 a 869
251-RISSAL;NAVAL ACADEMY;Receptor 869 sin posibilidad de enviarle stock
251-RISSAL;NAVAL ACADEMY;0.0 productes de 2020 a 840
251-RISSAL;NAVAL ACADEMY;Receptor 840 sin posibilidad de enviarle stock
251-RISSAL;NAVAL ACADEMY;0.0 productes de 2020 a 857
251-RISSAL;NAVAL ACADEMY;Receptor 857 sin posibilidad de enviarle stock
251-RISSAL;NAVAL ACADEMY;0.0 productes de 2020 a 801
251-RISSAL;NAVAL ACADEMY;Receptor 801 sin posibilidad de enviarle stock
251-RISSAL;NAVAL ACADEMY;0.0 productes de 2020 a 805
251-RISSAL;NAVAL ACADEMY;Receptor 805 sin posibilidad de enviarle stock
251-RISSAL;NAVAL ACADEMY;0.0 productes de 2020 a 1782
251-RISSAL;NAVAL ACADEMY;Receptor 1782 sin posibilidad de enviarle stock
251-DALBA;OFF WHITE M;INICIO EVALUACIÓN
251-DALBA;OFF WHITE M;27 pares generados
251-DALBA;OFF WHITE M;6.0 productes de 832 a 806
251-DALBA;OFF WHITE M;Emisor 832 rebutjat. Supera cobertura máxima
251-DALBA;OFF WHITE M;3.0 productes de 805 a 806
251-DALBA;OFF WHITE M;Emisor 805 acceptat
251-DALBA;OFF WHITE M;2.0 productes de 2020 a 806
251-DALBA;OFF WHITE M;Emisor 2020 acceptat
251-DALBA;OFF WHITE M;Cobertura máxima assolida per receptor 806
251-DALBA;OFF WHITE M;6.0 productes de 832 a 801
251-DALBA;OFF WHITE M;Emisor 832 rebutjat. Supera cobertura máxima
251-DALBA;OFF WHITE M;0.0 productes de 805 a 801
251-DALBA;OFF WHITE M;0.0 productes de 2020 a 801
251-DALBA;OFF WHITE M;Receptor 801 sin posibilidad de enviarle stock
251-DALBA;OFF WHITE M;6.0 productes de 832 a 803
251-DALBA;OFF WHITE M;Emisor 832 rebutjat. Supera cobertura máxima
251-DALBA;OFF WHITE M;0.0 productes de 805 a 803
251-DALBA;OFF WHITE M;0.0 productes de 2020 a 803
251-DALBA;OFF WHITE M;Receptor 803 sin posibilidad de enviarle stock
251-DALBA;OFF WHITE M;6.0 productes de 832 a 857
251-DALBA;OFF WHITE M;Emisor 832 rebutjat. Supera cobertura máxima
251-DALBA;OFF WHITE M;0.0 productes de 805 a 857
251-DALBA;OFF WHITE M;0.0 productes de 2020 a 857
251-DALBA;OFF WHITE M;Receptor 857 sin posibilidad de enviarle stock
251-DALBA;OFF WHITE M;6.0 productes de 832 a 845
251-DALBA;OFF WHITE M;Emisor 832 acceptat
251-DALBA;OFF WHITE M;0.0 productes de 805 a 845
251-DALBA;OFF WHITE M;0.0 productes de 2020 a 845
251-DALBA;OFF WHITE M;0.0 productes de 832 a 1782
251-DALBA;OFF WHITE M;0.0 productes de 805 a 1782
251-DALBA;OFF WHITE M;0.0 productes de 2020 a 1782
251-DALBA;OFF WHITE M;Receptor 1782 sin posibilidad de enviarle stock
251-DALBA;OFF WHITE M;0.0 productes de 832 a 2094
251-DALBA;OFF WHITE M;0.0 productes de 805 a 2094
251-DALBA;OFF WHITE M;0.0 productes de 2020 a 2094
251-DALBA;OFF WHITE M;Receptor 2094 sin posibilidad de enviarle stock
251-DALBA;OFF WHITE M;0.0 productes de 832 a 869
251-DALBA;OFF WHITE M;0.0 productes de 805 a 869
251-DALBA;OFF WHITE M;0.0 productes de 2020 a 869
251-DALBA;OFF WHITE M;Receptor 869 sin posibilidad de enviarle stock
251-DALBA;OFF WHITE M;0.0 productes de 832 a 840
251-DALBA;OFF WHITE M;0.0 productes de 805 a 840
251-DALBA;OFF WHITE M;0.0 productes de 2020 a 840
251-DALBA;OFF WHITE M;Receptor 840 sin posibilidad de enviarle stock
261-MINO;PALE BANANA;INICIO EVALUACIÓN
261-MINO;PALE BANANA;35 pares generados
261-MINO;PALE BANANA;5.0 productes de 1782 a 803
261-MINO;PALE BANANA;Emisor 1782 acceptat
261-MINO;PALE BANANA;5.0 productes de 840 a 803
261-MINO;PALE BANANA;Emisor 840 rebutjat. Supera cobertura máxima
261-MINO;PALE BANANA;4.0 productes de 801 a 803
261-MINO;PALE BANANA;Emisor 801 rebutjat. Supera cobertura máxima
261-MINO;PALE BANANA;4.0 productes de 869 a 803
261-MINO;PALE BANANA;Emisor 869 rebutjat. Supera cobertura máxima
261-MINO;PALE BANANA;4.0 productes de 2020 a 803
261-MINO;PALE BANANA;Emisor 2020 rebutjat. Supera cobertura máxima
261-MINO;PALE BANANA;5.0 productes de 840 a 2094
261-MINO;PALE BANANA;Emisor 840 acceptat
261-MINO;PALE BANANA;0.0 productes de 1782 a 2094
261-MINO;PALE BANANA;4.0 productes de 801 a 2094
261-MINO;PALE BANANA;Emisor 801 rebutjat. Supera cobertura máxima
261-MINO;PALE BANANA;4.0 productes de 869 a 2094
261-MINO;PALE BANANA;Emisor 869 rebutjat. Supera cobertura máxima
261-MINO;PALE BANANA;4.0 productes de 2020 a 2094
261-MINO;PALE BANANA;Emisor 2020 rebutjat. Supera cobertura máxima
261-MINO;PALE BANANA;0.0 productes de 1782 a 857
261-MINO;PALE BANANA;0.0 productes de 840 a 857
261-MINO;PALE BANANA;4.0 productes de 2020 a 857
261-MINO;PALE BANANA;Emisor 2020 acceptat
261-MINO;PALE BANANA;4.0 productes de 801 a 857
261-MINO;PALE BANANA;Emisor 801 rebutjat. Supera cobertura máxima
261-MINO;PALE BANANA;4.0 productes de 869 a 857
261-MINO;PALE BANANA;Emisor 869 rebutjat. Supera cobertura máxima
261-MINO;PALE BANANA;0.0 productes de 1782 a 832
261-MINO;PALE BANANA;0.0 productes de 840 a 832
261-MINO;PALE BANANA;4.0 productes de 801 a 832
261-MINO;PALE BANANA;Emisor 801 rebutjat. Supera cobertura máxima
261-MINO;PALE BANANA;4.0 productes de 869 a 832
261-MINO;PALE BANANA;Emisor 869 rebutjat. Supera cobertura máxima
261-MINO;PALE BANANA;0.0 productes de 2020 a 832
261-MINO;PALE BANANA;Receptor 832 sin posibilidad de enviarle stock
261-MINO;PALE BANANA;0.0 productes de 1782 a 805
261-MINO;PALE BANANA;0.0 productes de 840 a 805
261-MINO;PALE BANANA;4.0 productes de 801 a 805
261-MINO;PALE BANANA;Emisor 801 acceptat
261-MINO;PALE BANANA;4.0 productes de 869 a 805
261-MINO;PALE BANANA;Emisor 869 rebutjat. Supera cobertura máxima
261-MINO;PALE BANANA;0.0 productes de 2020 a 805
261-MINO;PALE BANANA;0.0 productes de 840 a 845
261-MINO;PALE BANANA;0.0 productes de 1782 a 845
261-MINO;PALE BANANA;0.0 productes de 801 a 845
261-MINO;PALE BANANA;4.0 productes de 869 a 845
261-MINO;PALE BANANA;Emisor 869 acceptat
261-MINO;PALE BANANA;0.0 productes de 2020 a 845
261-MINO;PALE BANANA;0.0 productes de 1782 a 806
261-MINO;PALE BANANA;0.0 productes de 840 a 806
261-MINO;PALE BANANA;0.0 productes de 801 a 806
261-MINO;PALE BANANA;0.0 productes de 869 a 806
261-MINO;PALE BANANA;0.0 productes de 2020 a 806
261-MINO;PALE BANANA;Receptor 806 sin posibilidad de enviarle stock
261-RLOLITA;MULTICO;INICIO EVALUACIÓN
261-RLOLITA;MULTICO;27 pares generados
261-RLOLITA;MULTICO;5.0 productes de 1782 a 832
261-RLOLITA;MULTICO;Emisor 1782 rebutjat. Supera cobertura máxima
261-RLOLITA;MULTICO;5.0 productes de 840 a 832
261-RLOLITA;MULTICO;Emisor 840 rebutjat. Supera cobertura máxima
261-RLOLITA;MULTICO;5.0 productes de 2020 a 832
261-RLOLITA;MULTICO;Emisor 2020 rebutjat. Supera cobertura máxima
261-RLOLITA;MULTICO;Receptor 832 sin posibilidad de enviarle stock
261-RLOLITA;MULTICO;5.0 productes de 1782 a 803
261-RLOLITA;MULTICO;Emisor 1782 rebutjat. Supera cobertura máxima
261-RLOLITA;MULTICO;5.0 productes de 840 a 803
261-RLOLITA;MULTICO;Emisor 840 rebutjat. Supera cobertura máxima
261-RLOLITA;MULTICO;5.0 productes de 2020 a 803
261-RLOLITA;MULTICO;Emisor 2020 rebutjat. Supera cobertura máxima
261-RLOLITA;MULTICO;Receptor 803 sin posibilidad de enviarle stock
261-RLOLITA;MULTICO;5.0 productes de 1782 a 806
261-RLOLITA;MULTICO;Emisor 1782 rebutjat. Supera cobertura máxima
261-RLOLITA;MULTICO;5.0 productes de 840 a 806
261-RLOLITA;MULTICO;Emisor 840 rebutjat. Supera cobertura máxima
261-RLOLITA;MULTICO;5.0 productes de 2020 a 806
261-RLOLITA;MULTICO;Emisor 2020 rebutjat. Supera cobertura máxima
261-RLOLITA;MULTICO;Receptor 806 sin posibilidad de enviarle stock
261-RLOLITA;MULTICO;5.0 productes de 840 a 845
261-RLOLITA;MULTICO;Emisor 840 rebutjat. Supera cobertura máxima
261-RLOLITA;MULTICO;5.0 productes de 1782 a 845
261-RLOLITA;MULTICO;Emisor 1782 rebutjat. Supera cobertura máxima
261-RLOLITA;MULTICO;5.0 productes de 2020 a 845
261-RLOLITA;MULTICO;Emisor 2020 rebutjat. Supera cobertura máxima
261-RLOLITA;MULTICO;Receptor 845 sin posibilidad de enviarle stock
261-RLOLITA;MULTICO;5.0 productes de 840 a 801
261-RLOLITA;MULTICO;Emisor 840 rebutjat. Supera cobertura máxima
261-RLOLITA;MULTICO;5.0 productes de 1782 a 801
261-RLOLITA;MULTICO;Emisor 1782 rebutjat. Supera cobertura máxima
261-RLOLITA;MULTICO;5.0 productes de 2020 a 801
261-RLOLITA;MULTICO;Emisor 2020 rebutjat. Supera cobertura máxima
261-RLOLITA;MULTICO;Receptor 801 sin posibilidad de enviarle stock
261-RLOLITA;MULTICO;5.0 productes de 1782 a 805
261-RLOLITA;MULTICO;Emisor 1782 rebutjat. Supera cobertura máxima
261-RLOLITA;MULTICO;5.0 productes de 840 a 805
261-RLOLITA;MULTICO;Emisor 840 rebutjat. Supera cobertura máxima
261-RLOLITA;MULTICO;5.0 productes de 2020 a 805
261-RLOLITA;MULTICO;Emisor 2020 rebutjat. Supera cobertura máxima
261-RLOLITA;MULTICO;Receptor 805 sin posibilidad de enviarle stock
261-RLOLITA;MULTICO;5.0 productes de 1782 a 869
261-RLOLITA;MULTICO;Emisor 1782 rebutjat. Supera cobertura máxima
261-RLOLITA;MULTICO;5.0 productes de 840 a 869
261-RLOLITA;MULTICO;Emisor 840 rebutjat. Supera cobertura máxima
261-RLOLITA;MULTICO;5.0 productes de 2020 a 869
261-RLOLITA;MULTICO;Emisor 2020 rebutjat. Supera cobertura máxima
261-RLOLITA;MULTICO;Receptor 869 sin posibilidad de enviarle stock
261-RLOLITA;MULTICO;5.0 productes de 2020 a 857
261-RLOLITA;MULTICO;Emisor 2020 rebutjat. Supera cobertura máxima
261-RLOLITA;MULTICO;5.0 productes de 1782 a 857
261-RLOLITA;MULTICO;Emisor 1782 rebutjat. Supera cobertura máxima
261-RLOLITA;MULTICO;5.0 productes de 840 a 857
261-RLOLITA;MULTICO;Emisor 840 rebutjat. Supera cobertura máxima
261-RLOLITA;MULTICO;Receptor 857 sin posibilidad de enviarle stock
261-RLOLITA;MULTICO;5.0 productes de 840 a 2094
261-RLOLITA;MULTICO;Emisor 840 rebutjat. Supera cobertura máxima
261-RLOLITA;MULTICO;5.0 productes de 1782 a 2094
261-RLOLITA;MULTICO;Emisor 1782 rebutjat. Supera cobertura máxima
261-RLOLITA;MULTICO;5.0 productes de 2020 a 2094
261-RLOLITA;MULTICO;Emisor 2020 rebutjat. Supera cobertura máxima
261-RLOLITA;MULTICO;Receptor 2094 sin posibilidad de enviarle stock
261-DIFAINE;IVOIRE/NOIR;INICIO EVALUACIÓN
261-DIFAINE;IVOIRE/NOIR;24 pares generados
261-DIFAINE;IVOIRE/NOIR;7.0 productes de 840 a 845
261-DIFAINE;IVOIRE/NOIR;Emisor 840 acceptat
261-DIFAINE;IVOIRE/NOIR;Cobertura máxima assolida per receptor 845
261-DIFAINE;IVOIRE/NOIR;7.0 productes de 803 a 805
261-DIFAINE;IVOIRE/NOIR;Emisor 803 rebutjat. Supera cobertura máxima
261-DIFAINE;IVOIRE/NOIR;0.0 productes de 840 a 805
261-DIFAINE;IVOIRE/NOIR;6.0 productes de 832 a 805
261-DIFAINE;IVOIRE/NOIR;Emisor 832 rebutjat. Supera cobertura máxima
261-DIFAINE;IVOIRE/NOIR;5.0 productes de 2020 a 805
261-DIFAINE;IVOIRE/NOIR;Emisor 2020 acceptat
261-DIFAINE;IVOIRE/NOIR;Cobertura máxima assolida per receptor 805
261-DIFAINE;IVOIRE/NOIR;7.0 productes de 803 a 869
261-DIFAINE;IVOIRE/NOIR;Emisor 803 rebutjat. Supera cobertura máxima
261-DIFAINE;IVOIRE/NOIR;0.0 productes de 840 a 869
261-DIFAINE;IVOIRE/NOIR;6.0 productes de 832 a 869
261-DIFAINE;IVOIRE/NOIR;Emisor 832 rebutjat. Supera cobertura máxima
261-DIFAINE;IVOIRE/NOIR;0.0 productes de 2020 a 869
261-DIFAINE;IVOIRE/NOIR;4.0 productes de 1782 a 869
261-DIFAINE;IVOIRE/NOIR;Emisor 1782 rebutjat. Supera cobertura máxima
261-DIFAINE;IVOIRE/NOIR;4.0 productes de 2094 a 869
261-DIFAINE;IVOIRE/NOIR;Emisor 2094 rebutjat. Supera cobertura máxima
261-DIFAINE;IVOIRE/NOIR;Receptor 869 sin posibilidad de enviarle stock
261-DIFAINE;IVOIRE/NOIR;7.0 productes de 803 a 806
261-DIFAINE;IVOIRE/NOIR;Emisor 803 rebutjat. Supera cobertura máxima
261-DIFAINE;IVOIRE/NOIR;0.0 productes de 840 a 806
261-DIFAINE;IVOIRE/NOIR;6.0 productes de 832 a 806
261-DIFAINE;IVOIRE/NOIR;Emisor 832 rebutjat. Supera cobertura máxima
261-DIFAINE;IVOIRE/NOIR;0.0 productes de 2020 a 806
261-DIFAINE;IVOIRE/NOIR;4.0 productes de 1782 a 806
261-DIFAINE;IVOIRE/NOIR;Emisor 1782 rebutjat. Supera cobertura máxima
261-DIFAINE;IVOIRE/NOIR;4.0 productes de 2094 a 806
261-DIFAINE;IVOIRE/NOIR;Emisor 2094 rebutjat. Supera cobertura máxima
261-DIFAINE;IVOIRE/NOIR;Receptor 806 sin posibilidad de enviarle stock
261-DWONDER;OFF WHITE M;INICIO EVALUACIÓN
261-DWONDER;OFF WHITE M;35 pares generados
261-DWONDER;OFF WHITE M;7.0 productes de 803 a 832
261-DWONDER;OFF WHITE M;Emisor 803 rebutjat. Supera cobertura máxima
261-DWONDER;OFF WHITE M;6.0 productes de 840 a 832
261-DWONDER;OFF WHITE M;Emisor 840 rebutjat. Supera cobertura máxima
261-DWONDER;OFF WHITE M;5.0 productes de 805 a 832
261-DWONDER;OFF WHITE M;Emisor 805 rebutjat. Supera cobertura máxima
261-DWONDER;OFF WHITE M;5.0 productes de 806 a 832
261-DWONDER;OFF WHITE M;Emisor 806 rebutjat. Supera cobertura máxima
261-DWONDER;OFF WHITE M;4.0 productes de 2020 a 832
261-DWONDER;OFF WHITE M;Emisor 2020 acceptat
261-DWONDER;OFF WHITE M;Cobertura máxima assolida per receptor 832
261-DWONDER;OFF WHITE M;7.0 productes de 803 a 1782
261-DWONDER;OFF WHITE M;Emisor 803 rebutjat. Supera cobertura máxima
261-DWONDER;OFF WHITE M;6.0 productes de 840 a 1782
261-DWONDER;OFF WHITE M;Emisor 840 acceptat
261-DWONDER;OFF WHITE M;Cobertura máxima assolida per receptor 1782
261-DWONDER;OFF WHITE M;7.0 productes de 803 a 857
261-DWONDER;OFF WHITE M;Emisor 803 rebutjat. Supera cobertura máxima
261-DWONDER;OFF WHITE M;0.0 productes de 840 a 857
261-DWONDER;OFF WHITE M;5.0 productes de 806 a 857
261-DWONDER;OFF WHITE M;Emisor 806 rebutjat. Supera cobertura máxima
261-DWONDER;OFF WHITE M;5.0 productes de 805 a 857
261-DWONDER;OFF WHITE M;Emisor 805 rebutjat. Supera cobertura máxima
261-DWONDER;OFF WHITE M;0.0 productes de 2020 a 857
261-DWONDER;OFF WHITE M;Receptor 857 sin posibilidad de enviarle stock
261-DWONDER;OFF WHITE M;7.0 productes de 803 a 801
261-DWONDER;OFF WHITE M;Emisor 803 rebutjat. Supera cobertura máxima
261-DWONDER;OFF WHITE M;0.0 productes de 840 a 801
261-DWONDER;OFF WHITE M;5.0 productes de 805 a 801
261-DWONDER;OFF WHITE M;Emisor 805 rebutjat. Supera cobertura máxima
261-DWONDER;OFF WHITE M;5.0 productes de 806 a 801
261-DWONDER;OFF WHITE M;Emisor 806 rebutjat. Supera cobertura máxima
261-DWONDER;OFF WHITE M;0.0 productes de 2020 a 801
261-DWONDER;OFF WHITE M;Receptor 801 sin posibilidad de enviarle stock
261-DWONDER;OFF WHITE M;7.0 productes de 803 a 2094
261-DWONDER;OFF WHITE M;Emisor 803 rebutjat. Supera cobertura máxima
261-DWONDER;OFF WHITE M;0.0 productes de 840 a 2094
261-DWONDER;OFF WHITE M;5.0 productes de 805 a 2094
261-DWONDER;OFF WHITE M;Emisor 805 acceptat
261-DWONDER;OFF WHITE M;5.0 productes de 806 a 2094
261-DWONDER;OFF WHITE M;Emisor 806 rebutjat. Supera cobertura máxima
261-DWONDER;OFF WHITE M;0.0 productes de 2020 a 2094
261-DWONDER;OFF WHITE M;7.0 productes de 803 a 845
261-DWONDER;OFF WHITE M;Emisor 803 rebutjat. Supera cobertura máxima
261-DWONDER;OFF WHITE M;0.0 productes de 840 a 845
261-DWONDER;OFF WHITE M;0.0 productes de 805 a 845
261-DWONDER;OFF WHITE M;5.0 productes de 806 a 845
261-DWONDER;OFF WHITE M;Emisor 806 acceptat
261-DWONDER;OFF WHITE M;0.0 productes de 2020 a 845
261-DWONDER;OFF WHITE M;7.0 productes de 803 a 869
261-DWONDER;OFF WHITE M;Emisor 803 rebutjat. Supera cobertura máxima
261-DWONDER;OFF WHITE M;0.0 productes de 840 a 869
261-DWONDER;OFF WHITE M;0.0 productes de 805 a 869
261-DWONDER;OFF WHITE M;0.0 productes de 806 a 869
261-DWONDER;OFF WHITE M;0.0 productes de 2020 a 869
261-DWONDER;OFF WHITE M;Receptor 869 sin posibilidad de enviarle stock
261-SHEDA;GOLDEN BROWN;INICIO EVALUACIÓN
261-SHEDA;GOLDEN BROWN;11 pares generados
261-SHEDA;GOLDEN BROWN;5.0 productes de 803 a 832
261-SHEDA;GOLDEN BROWN;Emisor 803 rebutjat. Supera cobertura máxima
261-SHEDA;GOLDEN BROWN;Receptor 832 sin posibilidad de enviarle stock
261-SHEDA;GOLDEN BROWN;5.0 productes de 803 a 801
261-SHEDA;GOLDEN BROWN;Emisor 803 acceptat
261-SHEDA;GOLDEN BROWN;0.0 productes de 803 a 840
261-SHEDA;GOLDEN BROWN;Receptor 840 sin posibilidad de enviarle stock
261-SHEDA;GOLDEN BROWN;0.0 productes de 803 a 857
261-SHEDA;GOLDEN BROWN;Receptor 857 sin posibilidad de enviarle stock
261-SHEDA;GOLDEN BROWN;0.0 productes de 803 a 869
261-SHEDA;GOLDEN BROWN;Receptor 869 sin posibilidad de enviarle stock
261-SHEDA;GOLDEN BROWN;0.0 productes de 803 a 2020
261-SHEDA;GOLDEN BROWN;Receptor 2020 sin posibilidad de enviarle stock
261-SHEDA;GOLDEN BROWN;0.0 productes de 803 a 1782
261-SHEDA;GOLDEN BROWN;Receptor 1782 sin posibilidad de enviarle stock
261-SHEDA;GOLDEN BROWN;0.0 productes de 803 a 805
261-SHEDA;GOLDEN BROWN;Receptor 805 sin posibilidad de enviarle stock
261-SHEDA;GOLDEN BROWN;0.0 productes de 803 a 2094
261-SHEDA;GOLDEN BROWN;Receptor 2094 sin posibilidad de enviarle stock
261-SHEDA;GOLDEN BROWN;0.0 productes de 803 a 845
261-SHEDA;GOLDEN BROWN;Receptor 845 sin posibilidad de enviarle stock
261-SHEDA;GOLDEN BROWN;0.0 productes de 803 a 806
261-SHEDA;GOLDEN BROWN;Receptor 806 sin posibilidad de enviarle stock
261-RDOLSOU;PRAIRIE M;INICIO EVALUACIÓN
261-RDOLSOU;PRAIRIE M;Producto estancado
261-RLACO.F;OFF WHITE M;INICIO EVALUACIÓN
261-RLACO.F;OFF WHITE M;27 pares generados
261-RLACO.F;OFF WHITE M;7.0 productes de 2094 a 803
261-RLACO.F;OFF WHITE M;Emisor 2094 rebutjat. Supera cobertura máxima
261-RLACO.F;OFF WHITE M;5.0 productes de 1782 a 803
261-RLACO.F;OFF WHITE M;Emisor 1782 rebutjat. Supera cobertura máxima
261-RLACO.F;OFF WHITE M;5.0 productes de 2020 a 803
261-RLACO.F;OFF WHITE M;Emisor 2020 rebutjat. Supera cobertura máxima
261-RLACO.F;OFF WHITE M;Receptor 803 sin posibilidad de enviarle stock
261-RLACO.F;OFF WHITE M;7.0 productes de 2094 a 857
261-RLACO.F;OFF WHITE M;Emisor 2094 rebutjat. Supera cobertura máxima
261-RLACO.F;OFF WHITE M;5.0 productes de 2020 a 857
261-RLACO.F;OFF WHITE M;Emisor 2020 acceptat
261-RLACO.F;OFF WHITE M;Cobertura máxima assolida per receptor 857
261-RLACO.F;OFF WHITE M;7.0 productes de 2094 a 806
261-RLACO.F;OFF WHITE M;Emisor 2094 rebutjat. Supera cobertura máxima
261-RLACO.F;OFF WHITE M;5.0 productes de 1782 a 806
261-RLACO.F;OFF WHITE M;Emisor 1782 acceptat
261-RLACO.F;OFF WHITE M;0.0 productes de 2020 a 806
261-RLACO.F;OFF WHITE M;7.0 productes de 2094 a 801
261-RLACO.F;OFF WHITE M;Emisor 2094 rebutjat. Supera cobertura máxima
261-RLACO.F;OFF WHITE M;0.0 productes de 1782 a 801
261-RLACO.F;OFF WHITE M;0.0 productes de 2020 a 801
261-RLACO.F;OFF WHITE M;Receptor 801 sin posibilidad de enviarle stock
261-RLACO.F;OFF WHITE M;7.0 productes de 2094 a 845
261-RLACO.F;OFF WHITE M;Emisor 2094 rebutjat. Supera cobertura máxima
261-RLACO.F;OFF WHITE M;0.0 productes de 1782 a 845
261-RLACO.F;OFF WHITE M;0.0 productes de 2020 a 845
261-RLACO.F;OFF WHITE M;Receptor 845 sin posibilidad de enviarle stock
261-RLACO.F;OFF WHITE M;7.0 productes de 2094 a 832
261-RLACO.F;OFF WHITE M;Emisor 2094 rebutjat. Supera cobertura máxima
261-RLACO.F;OFF WHITE M;0.0 productes de 1782 a 832
261-RLACO.F;OFF WHITE M;0.0 productes de 2020 a 832
261-RLACO.F;OFF WHITE M;Receptor 832 sin posibilidad de enviarle stock
261-RLACO.F;OFF WHITE M;7.0 productes de 2094 a 805
261-RLACO.F;OFF WHITE M;Emisor 2094 rebutjat. Supera cobertura máxima
261-RLACO.F;OFF WHITE M;0.0 productes de 1782 a 805
261-RLACO.F;OFF WHITE M;0.0 productes de 2020 a 805
261-RLACO.F;OFF WHITE M;Receptor 805 sin posibilidad de enviarle stock
261-RLACO.F;OFF WHITE M;7.0 productes de 2094 a 840
261-RLACO.F;OFF WHITE M;Emisor 2094 rebutjat. Supera cobertura máxima
261-RLACO.F;OFF WHITE M;0.0 productes de 1782 a 840
261-RLACO.F;OFF WHITE M;0.0 productes de 2020 a 840
261-RLACO.F;OFF WHITE M;Receptor 840 sin posibilidad de enviarle stock
261-RLACO.F;OFF WHITE M;7.0 productes de 2094 a 869
261-RLACO.F;OFF WHITE M;Emisor 2094 rebutjat. Supera cobertura máxima
261-RLACO.F;OFF WHITE M;0.0 productes de 1782 a 869
261-RLACO.F;OFF WHITE M;0.0 productes de 2020 a 869
261-RLACO.F;OFF WHITE M;Receptor 869 sin posibilidad de enviarle stock
261-RMILAN;DORE;INICIO EVALUACIÓN
261-RMILAN;DORE;11 pares generados
261-RMILAN;DORE;4.0 productes de 2094 a 803
261-RMILAN;DORE;Emisor 2094 acceptat
261-RMILAN;DORE;0.0 productes de 2094 a 845
261-RMILAN;DORE;Receptor 845 sin posibilidad de enviarle stock
261-RMILAN;DORE;0.0 productes de 2094 a 806
261-RMILAN;DORE;Receptor 806 sin posibilidad de enviarle stock
261-RMILAN;DORE;0.0 productes de 2094 a 801
261-RMILAN;DORE;Receptor 801 sin posibilidad de enviarle stock
261-RMILAN;DORE;0.0 productes de 2094 a 832
261-RMILAN;DORE;Receptor 832 sin posibilidad de enviarle stock
261-RMILAN;DORE;0.0 productes de 2094 a 1782
261-RMILAN;DORE;Receptor 1782 sin posibilidad de enviarle stock
261-RMILAN;DORE;0.0 productes de 2094 a 869
261-RMILAN;DORE;Receptor 869 sin posibilidad de enviarle stock
261-RMILAN;DORE;0.0 productes de 2094 a 857
261-RMILAN;DORE;Receptor 857 sin posibilidad de enviarle stock
261-RMILAN;DORE;0.0 productes de 2094 a 805
261-RMILAN;DORE;Receptor 805 sin posibilidad de enviarle stock
261-RMILAN;DORE;0.0 productes de 2094 a 840
261-RMILAN;DORE;Receptor 840 sin posibilidad de enviarle stock
261-RMILAN;DORE;0.0 productes de 2094 a 2020
261-RMILAN;DORE;Receptor 2020 sin posibilidad de enviarle stock
261-DTERRA;OFF WHITE M;INICIO EVALUACIÓN
261-DTERRA;OFF WHITE M;27 pares generados
261-DTERRA;OFF WHITE M;4.0 productes de 840 a 803
261-DTERRA;OFF WHITE M;Emisor 840 acceptat
261-DTERRA;OFF WHITE M;4.0 productes de 869 a 803
261-DTERRA;OFF WHITE M;Emisor 869 acceptat
261-DTERRA;OFF WHITE M;4.0 productes de 2020 a 803
261-DTERRA;OFF WHITE M;Emisor 2020 rebutjat. Supera cobertura máxima
261-DTERRA;OFF WHITE M;0.0 productes de 840 a 801
261-DTERRA;OFF WHITE M;0.0 productes de 869 a 801
261-DTERRA;OFF WHITE M;4.0 productes de 2020 a 801
261-DTERRA;OFF WHITE M;Emisor 2020 rebutjat. Supera cobertura máxima
261-DTERRA;OFF WHITE M;Receptor 801 sin posibilidad de enviarle stock
261-DTERRA;OFF WHITE M;0.0 productes de 840 a 1782
261-DTERRA;OFF WHITE M;0.0 productes de 869 a 1782
261-DTERRA;OFF WHITE M;4.0 productes de 2020 a 1782
261-DTERRA;OFF WHITE M;Emisor 2020 acceptat
261-DTERRA;OFF WHITE M;Cobertura máxima assolida per receptor 1782
261-DTERRA;OFF WHITE M;0.0 productes de 840 a 845
261-DTERRA;OFF WHITE M;0.0 productes de 869 a 845
261-DTERRA;OFF WHITE M;0.0 productes de 2020 a 845
261-DTERRA;OFF WHITE M;Receptor 845 sin posibilidad de enviarle stock
261-DTERRA;OFF WHITE M;0.0 productes de 840 a 832
261-DTERRA;OFF WHITE M;0.0 productes de 869 a 832
261-DTERRA;OFF WHITE M;0.0 productes de 2020 a 832
261-DTERRA;OFF WHITE M;Receptor 832 sin posibilidad de enviarle stock
261-DTERRA;OFF WHITE M;0.0 productes de 840 a 2094
261-DTERRA;OFF WHITE M;0.0 productes de 869 a 2094
261-DTERRA;OFF WHITE M;0.0 productes de 2020 a 2094
261-DTERRA;OFF WHITE M;Receptor 2094 sin posibilidad de enviarle stock
261-DTERRA;OFF WHITE M;0.0 productes de 840 a 806
261-DTERRA;OFF WHITE M;0.0 productes de 869 a 806
261-DTERRA;OFF WHITE M;0.0 productes de 2020 a 806
261-DTERRA;OFF WHITE M;Receptor 806 sin posibilidad de enviarle stock
261-DTERRA;OFF WHITE M;0.0 productes de 840 a 805
261-DTERRA;OFF WHITE M;0.0 productes de 869 a 805
261-DTERRA;OFF WHITE M;0.0 productes de 2020 a 805
261-DTERRA;OFF WHITE M;Receptor 805 sin posibilidad de enviarle stock
261-DTERRA;OFF WHITE M;0.0 productes de 2020 a 857
261-DTERRA;OFF WHITE M;0.0 productes de 840 a 857
261-DTERRA;OFF WHITE M;0.0 productes de 869 a 857
261-DTERRA;OFF WHITE M;Receptor 857 sin posibilidad de enviarle stock
242-OLAFI;IVOIRE M;INICIO EVALUACIÓN
242-OLAFI;IVOIRE M;32 pares generados
242-OLAFI;IVOIRE M;6.0 productes de 857 a 832
242-OLAFI;IVOIRE M;Emisor 857 acceptat
242-OLAFI;IVOIRE M;Cobertura máxima assolida per receptor 832
242-OLAFI;IVOIRE M;0.0 productes de 857 a 840
242-OLAFI;IVOIRE M;3.0 productes de 869 a 840
242-OLAFI;IVOIRE M;Emisor 869 acceptat
242-OLAFI;IVOIRE M;2.0 productes de 2020 a 840
242-OLAFI;IVOIRE M;Emisor 2020 acceptat
242-OLAFI;IVOIRE M;1.0 productes de 2094 a 840
242-OLAFI;IVOIRE M;Emisor 2094 acceptat
242-OLAFI;IVOIRE M;Cobertura máxima assolida per receptor 840
242-OLAFI;IVOIRE M;0.0 productes de 857 a 806
242-OLAFI;IVOIRE M;0.0 productes de 869 a 806
242-OLAFI;IVOIRE M;0.0 productes de 2020 a 806
242-OLAFI;IVOIRE M;0.0 productes de 2094 a 806
242-OLAFI;IVOIRE M;Receptor 806 sin posibilidad de enviarle stock
242-OLAFI;IVOIRE M;0.0 productes de 857 a 803
242-OLAFI;IVOIRE M;0.0 productes de 869 a 803
242-OLAFI;IVOIRE M;0.0 productes de 2020 a 803
242-OLAFI;IVOIRE M;0.0 productes de 2094 a 803
242-OLAFI;IVOIRE M;Receptor 803 sin posibilidad de enviarle stock
242-OLAFI;IVOIRE M;0.0 productes de 857 a 845
242-OLAFI;IVOIRE M;0.0 productes de 869 a 845
242-OLAFI;IVOIRE M;0.0 productes de 2020 a 845
242-OLAFI;IVOIRE M;0.0 productes de 2094 a 845
242-OLAFI;IVOIRE M;Receptor 845 sin posibilidad de enviarle stock
242-OLAFI;IVOIRE M;0.0 productes de 857 a 1782
242-OLAFI;IVOIRE M;0.0 productes de 869 a 1782
242-OLAFI;IVOIRE M;0.0 productes de 2020 a 1782
242-OLAFI;IVOIRE M;0.0 productes de 2094 a 1782
242-OLAFI;IVOIRE M;Receptor 1782 sin posibilidad de enviarle stock
242-OLAFI;IVOIRE M;0.0 productes de 857 a 805
242-OLAFI;IVOIRE M;0.0 productes de 869 a 805
242-OLAFI;IVOIRE M;0.0 productes de 2020 a 805
242-OLAFI;IVOIRE M;0.0 productes de 2094 a 805
242-OLAFI;IVOIRE M;Receptor 805 sin posibilidad de enviarle stock
242-OLAFI;IVOIRE M;0.0 productes de 857 a 801
242-OLAFI;IVOIRE M;0.0 productes de 869 a 801
242-OLAFI;IVOIRE M;0.0 productes de 2020 a 801
242-OLAFI;IVOIRE M;0.0 productes de 2094 a 801
242-OLAFI;IVOIRE M;Receptor 801 sin posibilidad de enviarle stock
261-SHORY.F;OFF WHITE M;INICIO EVALUACIÓN
261-SHORY.F;OFF WHITE M;20 pares generados
261-SHORY.F;OFF WHITE M;5.0 productes de 1782 a 806
261-SHORY.F;OFF WHITE M;Emisor 1782 acceptat
261-SHORY.F;OFF WHITE M;5.0 productes de 2094 a 806
261-SHORY.F;OFF WHITE M;Emisor 2094 acceptat
261-SHORY.F;OFF WHITE M;0.0 productes de 1782 a 803
261-SHORY.F;OFF WHITE M;0.0 productes de 2094 a 803
261-SHORY.F;OFF WHITE M;Receptor 803 sin posibilidad de enviarle stock
261-SHORY.F;OFF WHITE M;0.0 productes de 1782 a 832
261-SHORY.F;OFF WHITE M;0.0 productes de 2094 a 832
261-SHORY.F;OFF WHITE M;Receptor 832 sin posibilidad de enviarle stock
261-SHORY.F;OFF WHITE M;0.0 productes de 2094 a 845
261-SHORY.F;OFF WHITE M;0.0 productes de 1782 a 845
261-SHORY.F;OFF WHITE M;Receptor 845 sin posibilidad de enviarle stock
261-SHORY.F;OFF WHITE M;0.0 productes de 1782 a 805
261-SHORY.F;OFF WHITE M;0.0 productes de 2094 a 805
261-SHORY.F;OFF WHITE M;Receptor 805 sin posibilidad de enviarle stock
261-SHORY.F;OFF WHITE M;0.0 productes de 2094 a 2020
261-SHORY.F;OFF WHITE M;0.0 productes de 1782 a 2020
261-SHORY.F;OFF WHITE M;Receptor 2020 sin posibilidad de enviarle stock
261-SHORY.F;OFF WHITE M;0.0 productes de 1782 a 801
261-SHORY.F;OFF WHITE M;0.0 productes de 2094 a 801
261-SHORY.F;OFF WHITE M;Receptor 801 sin posibilidad de enviarle stock
261-SHORY.F;OFF WHITE M;0.0 productes de 2094 a 840
261-SHORY.F;OFF WHITE M;0.0 productes de 1782 a 840
261-SHORY.F;OFF WHITE M;Receptor 840 sin posibilidad de enviarle stock
261-SHORY.F;OFF WHITE M;0.0 productes de 1782 a 869
261-SHORY.F;OFF WHITE M;0.0 productes de 2094 a 869
261-SHORY.F;OFF WHITE M;Receptor 869 sin posibilidad de enviarle stock
261-SHORY.F;OFF WHITE M;0.0 productes de 2094 a 857
261-SHORY.F;OFF WHITE M;0.0 productes de 1782 a 857
261-SHORY.F;OFF WHITE M;Receptor 857 sin posibilidad de enviarle stock
261-RARAM.F;MULTICO;INICIO EVALUACIÓN
261-RARAM.F;MULTICO;20 pares generados
261-RARAM.F;MULTICO;5.0 productes de 805 a 801
261-RARAM.F;MULTICO;Emisor 805 acceptat
261-RARAM.F;MULTICO;5.0 productes de 2020 a 801
261-RARAM.F;MULTICO;Emisor 2020 rebutjat. Supera cobertura máxima
261-RARAM.F;MULTICO;0.0 productes de 805 a 832
261-RARAM.F;MULTICO;5.0 productes de 2020 a 832
261-RARAM.F;MULTICO;Emisor 2020 acceptat
261-RARAM.F;MULTICO;Cobertura máxima assolida per receptor 832
261-RARAM.F;MULTICO;0.0 productes de 805 a 806
261-RARAM.F;MULTICO;0.0 productes de 2020 a 806
261-RARAM.F;MULTICO;Receptor 806 sin posibilidad de enviarle stock
261-RARAM.F;MULTICO;0.0 productes de 805 a 840
261-RARAM.F;MULTICO;0.0 productes de 2020 a 840
261-RARAM.F;MULTICO;Receptor 840 sin posibilidad de enviarle stock
261-RARAM.F;MULTICO;0.0 productes de 2020 a 857
261-RARAM.F;MULTICO;0.0 productes de 805 a 857
261-RARAM.F;MULTICO;Receptor 857 sin posibilidad de enviarle stock
261-RARAM.F;MULTICO;0.0 productes de 805 a 803
261-RARAM.F;MULTICO;0.0 productes de 2020 a 803
261-RARAM.F;MULTICO;Receptor 803 sin posibilidad de enviarle stock
261-RARAM.F;MULTICO;0.0 productes de 805 a 869
261-RARAM.F;MULTICO;0.0 productes de 2020 a 869
261-RARAM.F;MULTICO;Receptor 869 sin posibilidad de enviarle stock
261-RARAM.F;MULTICO;0.0 productes de 805 a 1782
261-RARAM.F;MULTICO;0.0 productes de 2020 a 1782
261-RARAM.F;MULTICO;Receptor 1782 sin posibilidad de enviarle stock
261-RARAM.F;MULTICO;0.0 productes de 805 a 2094
261-RARAM.F;MULTICO;0.0 productes de 2020 a 2094
261-RARAM.F;MULTICO;Receptor 2094 sin posibilidad de enviarle stock
261-RARAM.F;MULTICO;0.0 productes de 805 a 845
261-RARAM.F;MULTICO;0.0 productes de 2020 a 845
261-RARAM.F;MULTICO;Receptor 845 sin posibilidad de enviarle stock
261-DFESTON;NOIR M;INICIO EVALUACIÓN
261-DFESTON;NOIR M;35 pares generados
261-DFESTON;NOIR M;4.0 productes de 806 a 801
261-DFESTON;NOIR M;Emisor 806 rebutjat. Supera cobertura máxima
261-DFESTON;NOIR M;4.0 productes de 857 a 801
261-DFESTON;NOIR M;Emisor 857 rebutjat. Supera cobertura máxima
261-DFESTON;NOIR M;3.0 productes de 2094 a 801
261-DFESTON;NOIR M;Emisor 2094 acceptat
261-DFESTON;NOIR M;Cobertura máxima assolida per receptor 801
261-DFESTON;NOIR M;4.0 productes de 806 a 869
261-DFESTON;NOIR M;Emisor 806 acceptat
261-DFESTON;NOIR M;Cobertura máxima assolida per receptor 869
261-DFESTON;NOIR M;0.0 productes de 806 a 803
261-DFESTON;NOIR M;4.0 productes de 857 a 803
261-DFESTON;NOIR M;Emisor 857 rebutjat. Supera cobertura máxima
261-DFESTON;NOIR M;0.0 productes de 2094 a 803
261-DFESTON;NOIR M;3.0 productes de 2020 a 803
261-DFESTON;NOIR M;Emisor 2020 acceptat
261-DFESTON;NOIR M;Cobertura máxima assolida per receptor 803
261-DFESTON;NOIR M;0.0 productes de 806 a 1782
261-DFESTON;NOIR M;4.0 productes de 857 a 1782
261-DFESTON;NOIR M;Emisor 857 acceptat
261-DFESTON;NOIR M;0.0 productes de 2094 a 1782
261-DFESTON;NOIR M;0.0 productes de 2020 a 1782
261-DFESTON;NOIR M;1.0 productes de 845 a 1782
261-DFESTON;NOIR M;Emisor 845 acceptat
261-DFESTON;NOIR M;0.0 productes de 806 a 805
261-DFESTON;NOIR M;0.0 productes de 857 a 805
261-DFESTON;NOIR M;0.0 productes de 2094 a 805
261-DFESTON;NOIR M;0.0 productes de 2020 a 805
261-DFESTON;NOIR M;0.0 productes de 845 a 805
261-DFESTON;NOIR M;Receptor 805 sin posibilidad de enviarle stock
261-DFESTON;NOIR M;0.0 productes de 806 a 840
261-DFESTON;NOIR M;0.0 productes de 857 a 840
261-DFESTON;NOIR M;0.0 productes de 2094 a 840
261-DFESTON;NOIR M;0.0 productes de 2020 a 840
261-DFESTON;NOIR M;0.0 productes de 845 a 840
261-DFESTON;NOIR M;Receptor 840 sin posibilidad de enviarle stock
261-DFESTON;NOIR M;0.0 productes de 806 a 832
261-DFESTON;NOIR M;0.0 productes de 857 a 832
261-DFESTON;NOIR M;0.0 productes de 2094 a 832
261-DFESTON;NOIR M;0.0 productes de 2020 a 832
261-DFESTON;NOIR M;0.0 productes de 845 a 832
261-DFESTON;NOIR M;Receptor 832 sin posibilidad de enviarle stock
261-SHOSA;NOIR M;INICIO EVALUACIÓN
261-SHOSA;NOIR M;Producto estancado
261-RIKOOL;NAVAL ACADEMY;INICIO EVALUACIÓN
261-RIKOOL;NAVAL ACADEMY;11 pares generados
261-RIKOOL;NAVAL ACADEMY;1.0 productes de 845 a 857
261-RIKOOL;NAVAL ACADEMY;Emisor 845 acceptat
261-RIKOOL;NAVAL ACADEMY;0.0 productes de 845 a 832
261-RIKOOL;NAVAL ACADEMY;Receptor 832 sin posibilidad de enviarle stock
261-RIKOOL;NAVAL ACADEMY;0.0 productes de 845 a 801
261-RIKOOL;NAVAL ACADEMY;Receptor 801 sin posibilidad de enviarle stock
261-RIKOOL;NAVAL ACADEMY;0.0 productes de 845 a 803
261-RIKOOL;NAVAL ACADEMY;Receptor 803 sin posibilidad de enviarle stock
261-RIKOOL;NAVAL ACADEMY;0.0 productes de 845 a 869
261-RIKOOL;NAVAL ACADEMY;Receptor 869 sin posibilidad de enviarle stock
261-RIKOOL;NAVAL ACADEMY;0.0 productes de 845 a 805
261-RIKOOL;NAVAL ACADEMY;Receptor 805 sin posibilidad de enviarle stock
261-RIKOOL;NAVAL ACADEMY;0.0 productes de 845 a 2094
261-RIKOOL;NAVAL ACADEMY;Receptor 2094 sin posibilidad de enviarle stock
261-RIKOOL;NAVAL ACADEMY;0.0 productes de 845 a 806
261-RIKOOL;NAVAL ACADEMY;Receptor 806 sin posibilidad de enviarle stock
261-RIKOOL;NAVAL ACADEMY;0.0 productes de 845 a 2020
261-RIKOOL;NAVAL ACADEMY;Receptor 2020 sin posibilidad de enviarle stock
261-RIKOOL;NAVAL ACADEMY;0.0 productes de 845 a 840
261-RIKOOL;NAVAL ACADEMY;Receptor 840 sin posibilidad de enviarle stock
261-RIKOOL;NAVAL ACADEMY;0.0 productes de 845 a 1782
261-RIKOOL;NAVAL ACADEMY;Receptor 1782 sin posibilidad de enviarle stock
261-DJUICY;BUBBLE M;INICIO EVALUACIÓN
261-DJUICY;BUBBLE M;36 pares generados
261-DJUICY;BUBBLE M;4.0 productes de 840 a 806
261-DJUICY;BUBBLE M;Emisor 840 acceptat
261-DJUICY;BUBBLE M;4.0 productes de 869 a 806
261-DJUICY;BUBBLE M;Emisor 869 rebutjat. Supera cobertura máxima
261-DJUICY;BUBBLE M;3.0 productes de 832 a 806
261-DJUICY;BUBBLE M;Emisor 832 rebutjat. Supera cobertura máxima
261-DJUICY;BUBBLE M;3.0 productes de 2020 a 806
261-DJUICY;BUBBLE M;Emisor 2020 rebutjat. Supera cobertura máxima
261-DJUICY;BUBBLE M;2.0 productes de 805 a 806
261-DJUICY;BUBBLE M;Emisor 805 acceptat
261-DJUICY;BUBBLE M;Cobertura máxima assolida per receptor 806
261-DJUICY;BUBBLE M;0.0 productes de 840 a 801
261-DJUICY;BUBBLE M;4.0 productes de 869 a 801
261-DJUICY;BUBBLE M;Emisor 869 acceptat
261-DJUICY;BUBBLE M;3.0 productes de 832 a 801
261-DJUICY;BUBBLE M;Emisor 832 rebutjat. Supera cobertura máxima
261-DJUICY;BUBBLE M;3.0 productes de 2020 a 801
261-DJUICY;BUBBLE M;Emisor 2020 rebutjat. Supera cobertura máxima
261-DJUICY;BUBBLE M;0.0 productes de 805 a 801
261-DJUICY;BUBBLE M;1.0 productes de 2094 a 801
261-DJUICY;BUBBLE M;Emisor 2094 acceptat
261-DJUICY;BUBBLE M;0.0 productes de 840 a 803
261-DJUICY;BUBBLE M;0.0 productes de 869 a 803
261-DJUICY;BUBBLE M;3.0 productes de 832 a 803
261-DJUICY;BUBBLE M;Emisor 832 acceptat
261-DJUICY;BUBBLE M;3.0 productes de 2020 a 803
261-DJUICY;BUBBLE M;Emisor 2020 acceptat
261-DJUICY;BUBBLE M;Cobertura máxima assolida per receptor 803
261-DJUICY;BUBBLE M;0.0 productes de 840 a 845
261-DJUICY;BUBBLE M;0.0 productes de 869 a 845
261-DJUICY;BUBBLE M;0.0 productes de 832 a 845
261-DJUICY;BUBBLE M;0.0 productes de 2020 a 845
261-DJUICY;BUBBLE M;0.0 productes de 805 a 845
261-DJUICY;BUBBLE M;0.0 productes de 2094 a 845
261-DJUICY;BUBBLE M;Receptor 845 sin posibilidad de enviarle stock
261-DJUICY;BUBBLE M;0.0 productes de 840 a 857
261-DJUICY;BUBBLE M;0.0 productes de 869 a 857
261-DJUICY;BUBBLE M;0.0 productes de 2020 a 857
261-DJUICY;BUBBLE M;0.0 productes de 832 a 857
261-DJUICY;BUBBLE M;0.0 productes de 805 a 857
261-DJUICY;BUBBLE M;0.0 productes de 2094 a 857
261-DJUICY;BUBBLE M;Receptor 857 sin posibilidad de enviarle stock
261-DJUICY;BUBBLE M;0.0 productes de 869 a 1782
261-DJUICY;BUBBLE M;0.0 productes de 840 a 1782
261-DJUICY;BUBBLE M;0.0 productes de 832 a 1782
261-DJUICY;BUBBLE M;0.0 productes de 2020 a 1782
261-DJUICY;BUBBLE M;0.0 productes de 805 a 1782
261-DJUICY;BUBBLE M;0.0 productes de 2094 a 1782
261-DJUICY;BUBBLE M;Receptor 1782 sin posibilidad de enviarle stock
261-DAHO;CAPERS;INICIO EVALUACIÓN
261-DAHO;CAPERS;30 pares generados
261-DAHO;CAPERS;5.0 productes de 832 a 805
261-DAHO;CAPERS;Emisor 832 acceptat
261-DAHO;CAPERS;4.0 productes de 803 a 805
261-DAHO;CAPERS;Emisor 803 rebutjat. Supera cobertura máxima
261-DAHO;CAPERS;4.0 productes de 840 a 805
261-DAHO;CAPERS;Emisor 840 rebutjat. Supera cobertura máxima
261-DAHO;CAPERS;4.0 productes de 2020 a 805
261-DAHO;CAPERS;Emisor 2020 rebutjat. Supera cobertura máxima
261-DAHO;CAPERS;3.0 productes de 857 a 805
261-DAHO;CAPERS;Emisor 857 acceptat
261-DAHO;CAPERS;Cobertura máxima assolida per receptor 805
261-DAHO;CAPERS;0.0 productes de 832 a 1782
261-DAHO;CAPERS;4.0 productes de 803 a 1782
261-DAHO;CAPERS;Emisor 803 acceptat
261-DAHO;CAPERS;4.0 productes de 840 a 1782
261-DAHO;CAPERS;Emisor 840 rebutjat. Supera cobertura máxima
261-DAHO;CAPERS;4.0 productes de 2020 a 1782
261-DAHO;CAPERS;Emisor 2020 rebutjat. Supera cobertura máxima
261-DAHO;CAPERS;0.0 productes de 857 a 1782
261-DAHO;CAPERS;0.0 productes de 832 a 801
261-DAHO;CAPERS;4.0 productes de 840 a 801
261-DAHO;CAPERS;Emisor 840 acceptat
261-DAHO;CAPERS;0.0 productes de 803 a 801
261-DAHO;CAPERS;4.0 productes de 2020 a 801
261-DAHO;CAPERS;Emisor 2020 rebutjat. Supera cobertura máxima
261-DAHO;CAPERS;0.0 productes de 857 a 801
261-DAHO;CAPERS;0.0 productes de 832 a 869
261-DAHO;CAPERS;0.0 productes de 803 a 869
261-DAHO;CAPERS;0.0 productes de 840 a 869
261-DAHO;CAPERS;4.0 productes de 2020 a 869
261-DAHO;CAPERS;Emisor 2020 acceptat
261-DAHO;CAPERS;0.0 productes de 857 a 869
261-DAHO;CAPERS;0.0 productes de 832 a 806
261-DAHO;CAPERS;0.0 productes de 803 a 806
261-DAHO;CAPERS;0.0 productes de 840 a 806
261-DAHO;CAPERS;0.0 productes de 2020 a 806
261-DAHO;CAPERS;0.0 productes de 857 a 806
261-DAHO;CAPERS;Receptor 806 sin posibilidad de enviarle stock
261-DAHO;CAPERS;0.0 productes de 832 a 845
261-DAHO;CAPERS;0.0 productes de 840 a 845
261-DAHO;CAPERS;0.0 productes de 803 a 845
261-DAHO;CAPERS;0.0 productes de 2020 a 845
261-DAHO;CAPERS;0.0 productes de 857 a 845
261-DAHO;CAPERS;Receptor 845 sin posibilidad de enviarle stock
261-PCAPI.F;MYRTILLE M;INICIO EVALUACIÓN
261-PCAPI.F;MYRTILLE M;Producto estancado
261-RAYEE;PALE BANANA;INICIO EVALUACIÓN
261-RAYEE;PALE BANANA;11 pares generados
261-RAYEE;PALE BANANA;5.0 productes de 2020 a 801
261-RAYEE;PALE BANANA;Emisor 2020 acceptat
261-RAYEE;PALE BANANA;0.0 productes de 2020 a 1782
261-RAYEE;PALE BANANA;Receptor 1782 sin posibilidad de enviarle stock
261-RAYEE;PALE BANANA;0.0 productes de 2020 a 845
261-RAYEE;PALE BANANA;Receptor 845 sin posibilidad de enviarle stock
261-RAYEE;PALE BANANA;0.0 productes de 2020 a 840
261-RAYEE;PALE BANANA;Receptor 840 sin posibilidad de enviarle stock
261-RAYEE;PALE BANANA;0.0 productes de 2020 a 806
261-RAYEE;PALE BANANA;Receptor 806 sin posibilidad de enviarle stock
261-RAYEE;PALE BANANA;0.0 productes de 2020 a 869
261-RAYEE;PALE BANANA;Receptor 869 sin posibilidad de enviarle stock
261-RAYEE;PALE BANANA;0.0 productes de 2020 a 832
261-RAYEE;PALE BANANA;Receptor 832 sin posibilidad de enviarle stock
261-RAYEE;PALE BANANA;0.0 productes de 2020 a 2094
261-RAYEE;PALE BANANA;Receptor 2094 sin posibilidad de enviarle stock
261-RAYEE;PALE BANANA;0.0 productes de 2020 a 857
261-RAYEE;PALE BANANA;Receptor 857 sin posibilidad de enviarle stock
261-RAYEE;PALE BANANA;0.0 productes de 2020 a 803
261-RAYEE;PALE BANANA;Receptor 803 sin posibilidad de enviarle stock
261-RAYEE;PALE BANANA;0.0 productes de 2020 a 805
261-RAYEE;PALE BANANA;Receptor 805 sin posibilidad de enviarle stock
252-RMARMAI;HAVANE M;INICIO EVALUACIÓN
252-RMARMAI;HAVANE M;20 pares generados
252-RMARMAI;HAVANE M;5.0 productes de 806 a 805
252-RMARMAI;HAVANE M;Emisor 806 acceptat
252-RMARMAI;HAVANE M;4.0 productes de 2020 a 805
252-RMARMAI;HAVANE M;Emisor 2020 rebutjat. Supera cobertura máxima
252-RMARMAI;HAVANE M;0.0 productes de 806 a 803
252-RMARMAI;HAVANE M;4.0 productes de 2020 a 803
252-RMARMAI;HAVANE M;Emisor 2020 acceptat
252-RMARMAI;HAVANE M;0.0 productes de 806 a 2094
252-RMARMAI;HAVANE M;0.0 productes de 2020 a 2094
252-RMARMAI;HAVANE M;Receptor 2094 sin posibilidad de enviarle stock
252-RMARMAI;HAVANE M;0.0 productes de 806 a 801
252-RMARMAI;HAVANE M;0.0 productes de 2020 a 801
252-RMARMAI;HAVANE M;Receptor 801 sin posibilidad de enviarle stock
252-RMARMAI;HAVANE M;0.0 productes de 806 a 840
252-RMARMAI;HAVANE M;0.0 productes de 2020 a 840
252-RMARMAI;HAVANE M;Receptor 840 sin posibilidad de enviarle stock
252-RMARMAI;HAVANE M;0.0 productes de 806 a 832
252-RMARMAI;HAVANE M;0.0 productes de 2020 a 832
252-RMARMAI;HAVANE M;Receptor 832 sin posibilidad de enviarle stock
252-RMARMAI;HAVANE M;0.0 productes de 806 a 845
252-RMARMAI;HAVANE M;0.0 productes de 2020 a 845
252-RMARMAI;HAVANE M;Receptor 845 sin posibilidad de enviarle stock
252-RMARMAI;HAVANE M;0.0 productes de 806 a 1782
252-RMARMAI;HAVANE M;0.0 productes de 2020 a 1782
252-RMARMAI;HAVANE M;Receptor 1782 sin posibilidad de enviarle stock
252-RMARMAI;HAVANE M;0.0 productes de 806 a 857
252-RMARMAI;HAVANE M;0.0 productes de 2020 a 857
252-RMARMAI;HAVANE M;Receptor 857 sin posibilidad de enviarle stock
252-RMARMAI;HAVANE M;0.0 productes de 806 a 869
252-RMARMAI;HAVANE M;0.0 productes de 2020 a 869
252-RMARMAI;HAVANE M;Receptor 869 sin posibilidad de enviarle stock
261-DIANA;BUTTER M;INICIO EVALUACIÓN
261-DIANA;BUTTER M;35 pares generados
261-DIANA;BUTTER M;3.0 productes de 869 a 803
261-DIANA;BUTTER M;Emisor 869 acceptat
261-DIANA;BUTTER M;3.0 productes de 857 a 803
261-DIANA;BUTTER M;Emisor 857 acceptat
261-DIANA;BUTTER M;Cobertura máxima assolida per receptor 803
261-DIANA;BUTTER M;0.0 productes de 869 a 832
261-DIANA;BUTTER M;0.0 productes de 857 a 832
261-DIANA;BUTTER M;2.0 productes de 805 a 832
261-DIANA;BUTTER M;Emisor 805 acceptat
261-DIANA;BUTTER M;2.0 productes de 2020 a 832
261-DIANA;BUTTER M;Emisor 2020 rebutjat. Supera cobertura máxima
261-DIANA;BUTTER M;1.0 productes de 1782 a 832
261-DIANA;BUTTER M;Emisor 1782 acceptat
261-DIANA;BUTTER M;Cobertura máxima assolida per receptor 832
261-DIANA;BUTTER M;0.0 productes de 869 a 840
261-DIANA;BUTTER M;0.0 productes de 857 a 840
261-DIANA;BUTTER M;0.0 productes de 805 a 840
261-DIANA;BUTTER M;2.0 productes de 2020 a 840
261-DIANA;BUTTER M;Emisor 2020 acceptat
261-DIANA;BUTTER M;1.0 productes de 2094 a 840
261-DIANA;BUTTER M;Emisor 2094 acceptat
261-DIANA;BUTTER M;0.0 productes de 1782 a 840
261-DIANA;BUTTER M;1.0 productes de 845 a 840
261-DIANA;BUTTER M;Emisor 845 acceptat
261-DIANA;BUTTER M;0.0 productes de 869 a 806
261-DIANA;BUTTER M;0.0 productes de 857 a 806
261-DIANA;BUTTER M;0.0 productes de 805 a 806
261-DIANA;BUTTER M;0.0 productes de 2020 a 806
261-DIANA;BUTTER M;0.0 productes de 1782 a 806
261-DIANA;BUTTER M;0.0 productes de 2094 a 806
261-DIANA;BUTTER M;0.0 productes de 845 a 806
261-DIANA;BUTTER M;Receptor 806 sin posibilidad de enviarle stock
261-DIANA;BUTTER M;0.0 productes de 869 a 801
261-DIANA;BUTTER M;0.0 productes de 857 a 801
261-DIANA;BUTTER M;0.0 productes de 805 a 801
261-DIANA;BUTTER M;0.0 productes de 2020 a 801
261-DIANA;BUTTER M;0.0 productes de 1782 a 801
261-DIANA;BUTTER M;0.0 productes de 2094 a 801
261-DIANA;BUTTER M;0.0 productes de 845 a 801
261-DIANA;BUTTER M;Receptor 801 sin posibilidad de enviarle stock
261-DARIA;NOIR M;INICIO EVALUACIÓN
261-DARIA;NOIR M;32 pares generados
261-DARIA;NOIR M;4.0 productes de 801 a 803
261-DARIA;NOIR M;Emisor 801 acceptat
261-DARIA;NOIR M;3.0 productes de 840 a 803
261-DARIA;NOIR M;Emisor 840 acceptat
261-DARIA;NOIR M;Cobertura máxima assolida per receptor 803
261-DARIA;NOIR M;0.0 productes de 801 a 845
261-DARIA;NOIR M;0.0 productes de 840 a 845
261-DARIA;NOIR M;2.0 productes de 2020 a 845
261-DARIA;NOIR M;Emisor 2020 acceptat
261-DARIA;NOIR M;1.0 productes de 806 a 845
261-DARIA;NOIR M;Emisor 806 acceptat
261-DARIA;NOIR M;0.0 productes de 801 a 869
261-DARIA;NOIR M;0.0 productes de 840 a 869
261-DARIA;NOIR M;0.0 productes de 2020 a 869
261-DARIA;NOIR M;0.0 productes de 806 a 869
261-DARIA;NOIR M;Receptor 869 sin posibilidad de enviarle stock
261-DARIA;NOIR M;0.0 productes de 801 a 832
261-DARIA;NOIR M;0.0 productes de 840 a 832
261-DARIA;NOIR M;0.0 productes de 2020 a 832
261-DARIA;NOIR M;0.0 productes de 806 a 832
261-DARIA;NOIR M;Receptor 832 sin posibilidad de enviarle stock
261-DARIA;NOIR M;0.0 productes de 801 a 857
261-DARIA;NOIR M;0.0 productes de 840 a 857
261-DARIA;NOIR M;0.0 productes de 2020 a 857
261-DARIA;NOIR M;0.0 productes de 806 a 857
261-DARIA;NOIR M;Receptor 857 sin posibilidad de enviarle stock
261-DARIA;NOIR M;0.0 productes de 801 a 805
261-DARIA;NOIR M;0.0 productes de 840 a 805
261-DARIA;NOIR M;0.0 productes de 2020 a 805
261-DARIA;NOIR M;0.0 productes de 806 a 805
261-DARIA;NOIR M;Receptor 805 sin posibilidad de enviarle stock
261-DARIA;NOIR M;0.0 productes de 801 a 1782
261-DARIA;NOIR M;0.0 productes de 840 a 1782
261-DARIA;NOIR M;0.0 productes de 2020 a 1782
261-DARIA;NOIR M;0.0 productes de 806 a 1782
261-DARIA;NOIR M;Receptor 1782 sin posibilidad de enviarle stock
261-DARIA;NOIR M;0.0 productes de 801 a 2094
261-DARIA;NOIR M;0.0 productes de 840 a 2094
261-DARIA;NOIR M;0.0 productes de 2020 a 2094
261-DARIA;NOIR M;0.0 productes de 806 a 2094
261-DARIA;NOIR M;Receptor 2094 sin posibilidad de enviarle stock
261-CAYEL;PALE BANANA;INICIO EVALUACIÓN
261-CAYEL;PALE BANANA;32 pares generados
261-CAYEL;PALE BANANA;5.0 productes de 857 a 2094
261-CAYEL;PALE BANANA;Emisor 857 acceptat
261-CAYEL;PALE BANANA;5.0 productes de 2020 a 2094
261-CAYEL;PALE BANANA;Emisor 2020 rebutjat. Supera cobertura máxima
261-CAYEL;PALE BANANA;4.0 productes de 845 a 2094
261-CAYEL;PALE BANANA;Emisor 845 rebutjat. Supera cobertura máxima
261-CAYEL;PALE BANANA;2.0 productes de 832 a 2094
261-CAYEL;PALE BANANA;Emisor 832 acceptat
261-CAYEL;PALE BANANA;Cobertura máxima assolida per receptor 2094
261-CAYEL;PALE BANANA;0.0 productes de 857 a 806
261-CAYEL;PALE BANANA;5.0 productes de 2020 a 806
261-CAYEL;PALE BANANA;Emisor 2020 acceptat
261-CAYEL;PALE BANANA;Cobertura máxima assolida per receptor 806
261-CAYEL;PALE BANANA;0.0 productes de 857 a 801
261-CAYEL;PALE BANANA;0.0 productes de 2020 a 801
261-CAYEL;PALE BANANA;4.0 productes de 845 a 801
261-CAYEL;PALE BANANA;Emisor 845 acceptat
261-CAYEL;PALE BANANA;0.0 productes de 832 a 801
261-CAYEL;PALE BANANA;0.0 productes de 857 a 805
261-CAYEL;PALE BANANA;0.0 productes de 2020 a 805
261-CAYEL;PALE BANANA;0.0 productes de 845 a 805
261-CAYEL;PALE BANANA;0.0 productes de 832 a 805
261-CAYEL;PALE BANANA;Receptor 805 sin posibilidad de enviarle stock
261-CAYEL;PALE BANANA;0.0 productes de 857 a 803
261-CAYEL;PALE BANANA;0.0 productes de 2020 a 803
261-CAYEL;PALE BANANA;0.0 productes de 845 a 803
261-CAYEL;PALE BANANA;0.0 productes de 832 a 803
261-CAYEL;PALE BANANA;Receptor 803 sin posibilidad de enviarle stock
261-CAYEL;PALE BANANA;0.0 productes de 857 a 869
261-CAYEL;PALE BANANA;0.0 productes de 2020 a 869
261-CAYEL;PALE BANANA;0.0 productes de 845 a 869
261-CAYEL;PALE BANANA;0.0 productes de 832 a 869
261-CAYEL;PALE BANANA;Receptor 869 sin posibilidad de enviarle stock
261-CAYEL;PALE BANANA;0.0 productes de 857 a 1782
261-CAYEL;PALE BANANA;0.0 productes de 2020 a 1782
261-CAYEL;PALE BANANA;0.0 productes de 845 a 1782
261-CAYEL;PALE BANANA;0.0 productes de 832 a 1782
261-CAYEL;PALE BANANA;Receptor 1782 sin posibilidad de enviarle stock
261-CAYEL;PALE BANANA;0.0 productes de 857 a 840
261-CAYEL;PALE BANANA;0.0 productes de 2020 a 840
261-CAYEL;PALE BANANA;0.0 productes de 845 a 840
261-CAYEL;PALE BANANA;0.0 productes de 832 a 840
261-CAYEL;PALE BANANA;Receptor 840 sin posibilidad de enviarle stock
261-PAVO.F;NOIR M;INICIO EVALUACIÓN
261-PAVO.F;NOIR M;30 pares generados
261-PAVO.F;NOIR M;4.0 productes de 832 a 845
261-PAVO.F;NOIR M;Emisor 832 acceptat
261-PAVO.F;NOIR M;4.0 productes de 803 a 845
261-PAVO.F;NOIR M;Emisor 803 rebutjat. Supera cobertura máxima
261-PAVO.F;NOIR M;4.0 productes de 869 a 845
261-PAVO.F;NOIR M;Emisor 869 rebutjat. Supera cobertura máxima
261-PAVO.F;NOIR M;1.0 productes de 805 a 845
261-PAVO.F;NOIR M;Emisor 805 acceptat
261-PAVO.F;NOIR M;Cobertura máxima assolida per receptor 845
261-PAVO.F;NOIR M;0.0 productes de 832 a 840
261-PAVO.F;NOIR M;4.0 productes de 803 a 840
261-PAVO.F;NOIR M;Emisor 803 acceptat
261-PAVO.F;NOIR M;4.0 productes de 869 a 840
261-PAVO.F;NOIR M;Emisor 869 acceptat
261-PAVO.F;NOIR M;Cobertura máxima assolida per receptor 840
261-PAVO.F;NOIR M;0.0 productes de 832 a 2020
261-PAVO.F;NOIR M;0.0 productes de 803 a 2020
261-PAVO.F;NOIR M;0.0 productes de 869 a 2020
261-PAVO.F;NOIR M;1.0 productes de 806 a 2020
261-PAVO.F;NOIR M;Emisor 806 acceptat
261-PAVO.F;NOIR M;0.0 productes de 805 a 2020
261-PAVO.F;NOIR M;0.0 productes de 803 a 1782
261-PAVO.F;NOIR M;0.0 productes de 832 a 1782
261-PAVO.F;NOIR M;0.0 productes de 869 a 1782
261-PAVO.F;NOIR M;0.0 productes de 806 a 1782
261-PAVO.F;NOIR M;0.0 productes de 805 a 1782
261-PAVO.F;NOIR M;Receptor 1782 sin posibilidad de enviarle stock
261-PAVO.F;NOIR M;0.0 productes de 832 a 2094
261-PAVO.F;NOIR M;0.0 productes de 803 a 2094
261-PAVO.F;NOIR M;0.0 productes de 869 a 2094
261-PAVO.F;NOIR M;0.0 productes de 806 a 2094
261-PAVO.F;NOIR M;0.0 productes de 805 a 2094
261-PAVO.F;NOIR M;Receptor 2094 sin posibilidad de enviarle stock
261-PAVO.F;NOIR M;0.0 productes de 832 a 857
261-PAVO.F;NOIR M;0.0 productes de 803 a 857
261-PAVO.F;NOIR M;0.0 productes de 869 a 857
261-PAVO.F;NOIR M;0.0 productes de 806 a 857
261-PAVO.F;NOIR M;0.0 productes de 805 a 857
261-PAVO.F;NOIR M;Receptor 857 sin posibilidad de enviarle stock
241-ROSLI;PALE BANANA;INICIO EVALUACIÓN
241-ROSLI;PALE BANANA;9 pares generados
241-ROSLI;PALE BANANA;1.0 productes de 832 a 869
241-ROSLI;PALE BANANA;Emisor 832 acceptat
241-ROSLI;PALE BANANA;0.0 productes de 832 a 806
241-ROSLI;PALE BANANA;Receptor 806 sin posibilidad de enviarle stock
241-ROSLI;PALE BANANA;0.0 productes de 832 a 2020
241-ROSLI;PALE BANANA;Receptor 2020 sin posibilidad de enviarle stock
241-ROSLI;PALE BANANA;0.0 productes de 832 a 801
241-ROSLI;PALE BANANA;Receptor 801 sin posibilidad de enviarle stock
241-ROSLI;PALE BANANA;0.0 productes de 832 a 1782
241-ROSLI;PALE BANANA;Receptor 1782 sin posibilidad de enviarle stock
241-ROSLI;PALE BANANA;0.0 productes de 832 a 805
241-ROSLI;PALE BANANA;Receptor 805 sin posibilidad de enviarle stock
241-ROSLI;PALE BANANA;0.0 productes de 832 a 840
241-ROSLI;PALE BANANA;Receptor 840 sin posibilidad de enviarle stock
241-ROSLI;PALE BANANA;0.0 productes de 832 a 2094
241-ROSLI;PALE BANANA;Receptor 2094 sin posibilidad de enviarle stock
241-ROSLI;PALE BANANA;0.0 productes de 832 a 857
241-ROSLI;PALE BANANA;Receptor 857 sin posibilidad de enviarle stock
261-RVENICE;MAGMA M;INICIO EVALUACIÓN
261-RVENICE;MAGMA M;20 pares generados
261-RVENICE;MAGMA M;5.0 productes de 2094 a 803
261-RVENICE;MAGMA M;Emisor 2094 rebutjat. Supera cobertura máxima
261-RVENICE;MAGMA M;2.0 productes de 805 a 803
261-RVENICE;MAGMA M;Emisor 805 rebutjat. Supera cobertura máxima
261-RVENICE;MAGMA M;Receptor 803 sin posibilidad de enviarle stock
261-RVENICE;MAGMA M;5.0 productes de 2094 a 801
261-RVENICE;MAGMA M;Emisor 2094 acceptat
261-RVENICE;MAGMA M;Cobertura máxima assolida per receptor 801
261-RVENICE;MAGMA M;0.0 productes de 2094 a 869
261-RVENICE;MAGMA M;2.0 productes de 805 a 869
261-RVENICE;MAGMA M;Emisor 805 acceptat
261-RVENICE;MAGMA M;0.0 productes de 2094 a 840
261-RVENICE;MAGMA M;0.0 productes de 805 a 840
261-RVENICE;MAGMA M;Receptor 840 sin posibilidad de enviarle stock
261-RVENICE;MAGMA M;0.0 productes de 2094 a 806
261-RVENICE;MAGMA M;0.0 productes de 805 a 806
261-RVENICE;MAGMA M;Receptor 806 sin posibilidad de enviarle stock
261-RVENICE;MAGMA M;0.0 productes de 2094 a 1782
261-RVENICE;MAGMA M;0.0 productes de 805 a 1782
261-RVENICE;MAGMA M;Receptor 1782 sin posibilidad de enviarle stock
261-RVENICE;MAGMA M;0.0 productes de 2094 a 832
261-RVENICE;MAGMA M;0.0 productes de 805 a 832
261-RVENICE;MAGMA M;Receptor 832 sin posibilidad de enviarle stock
261-RVENICE;MAGMA M;0.0 productes de 2094 a 845
261-RVENICE;MAGMA M;0.0 productes de 805 a 845
261-RVENICE;MAGMA M;Receptor 845 sin posibilidad de enviarle stock
261-RVENICE;MAGMA M;0.0 productes de 2094 a 857
261-RVENICE;MAGMA M;0.0 productes de 805 a 857
261-RVENICE;MAGMA M;Receptor 857 sin posibilidad de enviarle stock
261-RVENICE;MAGMA M;0.0 productes de 2094 a 2020
261-RVENICE;MAGMA M;0.0 productes de 805 a 2020
261-RVENICE;MAGMA M;Receptor 2020 sin posibilidad de enviarle stock
261-DAINA;OFF WHITE/CARAIBE M;INICIO EVALUACIÓN
261-DAINA;OFF WHITE/CARAIBE M;12 pares generados
261-DAINA;OFF WHITE/CARAIBE M;5.0 productes de 803 a 806
261-DAINA;OFF WHITE/CARAIBE M;Emisor 803 acceptat
261-DAINA;OFF WHITE/CARAIBE M;4.0 productes de 832 a 806
261-DAINA;OFF WHITE/CARAIBE M;Emisor 832 rebutjat. Supera cobertura máxima
261-DAINA;OFF WHITE/CARAIBE M;4.0 productes de 840 a 806
261-DAINA;OFF WHITE/CARAIBE M;Emisor 840 rebutjat. Supera cobertura máxima
261-DAINA;OFF WHITE/CARAIBE M;4.0 productes de 857 a 806
261-DAINA;OFF WHITE/CARAIBE M;Emisor 857 rebutjat. Supera cobertura máxima
261-DAINA;OFF WHITE/CARAIBE M;0.0 productes de 803 a 801
261-DAINA;OFF WHITE/CARAIBE M;4.0 productes de 832 a 801
261-DAINA;OFF WHITE/CARAIBE M;Emisor 832 acceptat
261-DAINA;OFF WHITE/CARAIBE M;Cobertura máxima assolida per receptor 801
261-DAINA;OFF WHITE/CARAIBE M;0.0 productes de 803 a 869
261-DAINA;OFF WHITE/CARAIBE M;0.0 productes de 832 a 869
261-DAINA;OFF WHITE/CARAIBE M;4.0 productes de 840 a 869
261-DAINA;OFF WHITE/CARAIBE M;Emisor 840 acceptat
261-DAINA;OFF WHITE/CARAIBE M;4.0 productes de 857 a 869
261-DAINA;OFF WHITE/CARAIBE M;Emisor 857 rebutjat. Supera cobertura máxima
261-OPON;OFF WHITE M;INICIO EVALUACIÓN
261-OPON;OFF WHITE M;27 pares generados
261-OPON;OFF WHITE M;3.0 productes de 832 a 840
261-OPON;OFF WHITE M;Emisor 832 acceptat
261-OPON;OFF WHITE M;1.0 productes de 1782 a 840
261-OPON;OFF WHITE M;Emisor 1782 acceptat
261-OPON;OFF WHITE M;1.0 productes de 2020 a 840
261-OPON;OFF WHITE M;Emisor 2020 acceptat
261-OPON;OFF WHITE M;0.0 productes de 832 a 803
261-OPON;OFF WHITE M;0.0 productes de 1782 a 803
261-OPON;OFF WHITE M;0.0 productes de 2020 a 803
261-OPON;OFF WHITE M;Receptor 803 sin posibilidad de enviarle stock
261-OPON;OFF WHITE M;0.0 productes de 832 a 845
261-OPON;OFF WHITE M;0.0 productes de 1782 a 845
261-OPON;OFF WHITE M;0.0 productes de 2020 a 845
261-OPON;OFF WHITE M;Receptor 845 sin posibilidad de enviarle stock
261-OPON;OFF WHITE M;0.0 productes de 832 a 2094
261-OPON;OFF WHITE M;0.0 productes de 1782 a 2094
261-OPON;OFF WHITE M;0.0 productes de 2020 a 2094
261-OPON;OFF WHITE M;Receptor 2094 sin posibilidad de enviarle stock
261-OPON;OFF WHITE M;0.0 productes de 832 a 857
261-OPON;OFF WHITE M;0.0 productes de 2020 a 857
261-OPON;OFF WHITE M;0.0 productes de 1782 a 857
261-OPON;OFF WHITE M;Receptor 857 sin posibilidad de enviarle stock
261-OPON;OFF WHITE M;0.0 productes de 832 a 805
261-OPON;OFF WHITE M;0.0 productes de 1782 a 805
261-OPON;OFF WHITE M;0.0 productes de 2020 a 805
261-OPON;OFF WHITE M;Receptor 805 sin posibilidad de enviarle stock
261-OPON;OFF WHITE M;0.0 productes de 832 a 801
261-OPON;OFF WHITE M;0.0 productes de 1782 a 801
261-OPON;OFF WHITE M;0.0 productes de 2020 a 801
261-OPON;OFF WHITE M;Receptor 801 sin posibilidad de enviarle stock
261-OPON;OFF WHITE M;0.0 productes de 832 a 869
261-OPON;OFF WHITE M;0.0 productes de 1782 a 869
261-OPON;OFF WHITE M;0.0 productes de 2020 a 869
261-OPON;OFF WHITE M;Receptor 869 sin posibilidad de enviarle stock
261-OPON;OFF WHITE M;0.0 productes de 832 a 806
261-OPON;OFF WHITE M;0.0 productes de 1782 a 806
261-OPON;OFF WHITE M;0.0 productes de 2020 a 806
261-OPON;OFF WHITE M;Receptor 806 sin posibilidad de enviarle stock
261-RABLAI;JEAN STONE;INICIO EVALUACIÓN
261-RABLAI;JEAN STONE;27 pares generados
261-RABLAI;JEAN STONE;5.0 productes de 2094 a 832
261-RABLAI;JEAN STONE;Emisor 2094 acceptat
261-RABLAI;JEAN STONE;4.0 productes de 869 a 832
261-RABLAI;JEAN STONE;Emisor 869 rebutjat. Supera cobertura máxima
261-RABLAI;JEAN STONE;3.0 productes de 845 a 832
261-RABLAI;JEAN STONE;Emisor 845 rebutjat. Supera cobertura máxima
261-RABLAI;JEAN STONE;0.0 productes de 2094 a 806
261-RABLAI;JEAN STONE;4.0 productes de 869 a 806
261-RABLAI;JEAN STONE;Emisor 869 acceptat
261-RABLAI;JEAN STONE;3.0 productes de 845 a 806
261-RABLAI;JEAN STONE;Emisor 845 rebutjat. Supera cobertura máxima
261-RABLAI;JEAN STONE;0.0 productes de 2094 a 803
261-RABLAI;JEAN STONE;0.0 productes de 869 a 803
261-RABLAI;JEAN STONE;3.0 productes de 845 a 803
261-RABLAI;JEAN STONE;Emisor 845 rebutjat. Supera cobertura máxima
261-RABLAI;JEAN STONE;Receptor 803 sin posibilidad de enviarle stock
261-RABLAI;JEAN STONE;0.0 productes de 2094 a 840
261-RABLAI;JEAN STONE;0.0 productes de 869 a 840
261-RABLAI;JEAN STONE;3.0 productes de 845 a 840
261-RABLAI;JEAN STONE;Emisor 845 acceptat
261-RABLAI;JEAN STONE;0.0 productes de 2094 a 801
261-RABLAI;JEAN STONE;0.0 productes de 869 a 801
261-RABLAI;JEAN STONE;0.0 productes de 845 a 801
261-RABLAI;JEAN STONE;Receptor 801 sin posibilidad de enviarle stock
261-RABLAI;JEAN STONE;0.0 productes de 2094 a 2020
261-RABLAI;JEAN STONE;0.0 productes de 869 a 2020
261-RABLAI;JEAN STONE;0.0 productes de 845 a 2020
261-RABLAI;JEAN STONE;Receptor 2020 sin posibilidad de enviarle stock
261-RABLAI;JEAN STONE;0.0 productes de 2094 a 857
261-RABLAI;JEAN STONE;0.0 productes de 869 a 857
261-RABLAI;JEAN STONE;0.0 productes de 845 a 857
261-RABLAI;JEAN STONE;Receptor 857 sin posibilidad de enviarle stock
261-RABLAI;JEAN STONE;0.0 productes de 2094 a 1782
261-RABLAI;JEAN STONE;0.0 productes de 869 a 1782
261-RABLAI;JEAN STONE;0.0 productes de 845 a 1782
261-RABLAI;JEAN STONE;Receptor 1782 sin posibilidad de enviarle stock
261-RABLAI;JEAN STONE;0.0 productes de 2094 a 805
261-RABLAI;JEAN STONE;0.0 productes de 869 a 805
261-RABLAI;JEAN STONE;0.0 productes de 845 a 805
261-RABLAI;JEAN STONE;Receptor 805 sin posibilidad de enviarle stock
261-DSUNNY;OFF WHITE M;INICIO EVALUACIÓN
261-DSUNNY;OFF WHITE M;24 pares generados
261-DSUNNY;OFF WHITE M;3.0 productes de 840 a 803
261-DSUNNY;OFF WHITE M;Emisor 840 acceptat
261-DSUNNY;OFF WHITE M;2.0 productes de 1782 a 803
261-DSUNNY;OFF WHITE M;Emisor 1782 rebutjat. Supera cobertura máxima
261-DSUNNY;OFF WHITE M;2.0 productes de 805 a 803
261-DSUNNY;OFF WHITE M;Emisor 805 rebutjat. Supera cobertura máxima
261-DSUNNY;OFF WHITE M;2.0 productes de 845 a 803
261-DSUNNY;OFF WHITE M;Emisor 845 rebutjat. Supera cobertura máxima
261-DSUNNY;OFF WHITE M;2.0 productes de 857 a 803
261-DSUNNY;OFF WHITE M;Emisor 857 rebutjat. Supera cobertura máxima
261-DSUNNY;OFF WHITE M;1.0 productes de 2094 a 803
261-DSUNNY;OFF WHITE M;Emisor 2094 acceptat
261-DSUNNY;OFF WHITE M;Cobertura máxima assolida per receptor 803
261-DSUNNY;OFF WHITE M;0.0 productes de 840 a 801
261-DSUNNY;OFF WHITE M;2.0 productes de 805 a 801
261-DSUNNY;OFF WHITE M;Emisor 805 acceptat
261-DSUNNY;OFF WHITE M;2.0 productes de 1782 a 801
261-DSUNNY;OFF WHITE M;Emisor 1782 acceptat
261-DSUNNY;OFF WHITE M;2.0 productes de 845 a 801
261-DSUNNY;OFF WHITE M;Emisor 845 acceptat
261-DSUNNY;OFF WHITE M;2.0 productes de 857 a 801
261-DSUNNY;OFF WHITE M;Emisor 857 acceptat
261-DSUNNY;OFF WHITE M;Cobertura máxima assolida per receptor 801
261-DSUNNY;OFF WHITE M;0.0 productes de 840 a 2020
261-DSUNNY;OFF WHITE M;0.0 productes de 857 a 2020
261-DSUNNY;OFF WHITE M;0.0 productes de 805 a 2020
261-DSUNNY;OFF WHITE M;0.0 productes de 1782 a 2020
261-DSUNNY;OFF WHITE M;0.0 productes de 845 a 2020
261-DSUNNY;OFF WHITE M;0.0 productes de 2094 a 2020
261-DSUNNY;OFF WHITE M;Receptor 2020 sin posibilidad de enviarle stock
261-DSUNNY;OFF WHITE M;0.0 productes de 840 a 806
261-DSUNNY;OFF WHITE M;0.0 productes de 805 a 806
261-DSUNNY;OFF WHITE M;0.0 productes de 1782 a 806
261-DSUNNY;OFF WHITE M;0.0 productes de 845 a 806
261-DSUNNY;OFF WHITE M;0.0 productes de 857 a 806
261-DSUNNY;OFF WHITE M;0.0 productes de 2094 a 806
261-DSUNNY;OFF WHITE M;Receptor 806 sin posibilidad de enviarle stock
261-DIDOU1;OFF WHITE M;INICIO EVALUACIÓN
261-DIDOU1;OFF WHITE M;Producto estancado
261-OSAJE;NOIR M;INICIO EVALUACIÓN
261-OSAJE;NOIR M;14 pares generados
261-OSAJE;NOIR M;1.0 productes de 1782 a 803
261-OSAJE;NOIR M;Emisor 1782 acceptat
261-OSAJE;NOIR M;1.0 productes de 805 a 803
261-OSAJE;NOIR M;Emisor 805 acceptat
261-OSAJE;NOIR M;0.0 productes de 805 a 840
261-OSAJE;NOIR M;0.0 productes de 1782 a 840
261-OSAJE;NOIR M;Receptor 840 sin posibilidad de enviarle stock
261-OSAJE;NOIR M;0.0 productes de 805 a 806
261-OSAJE;NOIR M;0.0 productes de 1782 a 806
261-OSAJE;NOIR M;Receptor 806 sin posibilidad de enviarle stock
261-OSAJE;NOIR M;0.0 productes de 805 a 801
261-OSAJE;NOIR M;0.0 productes de 1782 a 801
261-OSAJE;NOIR M;Receptor 801 sin posibilidad de enviarle stock
261-OSAJE;NOIR M;0.0 productes de 1782 a 869
261-OSAJE;NOIR M;0.0 productes de 805 a 869
261-OSAJE;NOIR M;Receptor 869 sin posibilidad de enviarle stock
261-OSAJE;NOIR M;0.0 productes de 805 a 857
261-OSAJE;NOIR M;0.0 productes de 1782 a 857
261-OSAJE;NOIR M;Receptor 857 sin posibilidad de enviarle stock
261-OSAJE;NOIR M;0.0 productes de 805 a 832
261-OSAJE;NOIR M;0.0 productes de 1782 a 832
261-OSAJE;NOIR M;Receptor 832 sin posibilidad de enviarle stock
261-DIANA;MARINE M;INICIO EVALUACIÓN
261-DIANA;MARINE M;35 pares generados
261-DIANA;MARINE M;8.0 productes de 832 a 803
261-DIANA;MARINE M;Emisor 832 acceptat
261-DIANA;MARINE M;3.0 productes de 857 a 803
261-DIANA;MARINE M;Emisor 857 acceptat
261-DIANA;MARINE M;2.0 productes de 801 a 803
261-DIANA;MARINE M;Emisor 801 acceptat
261-DIANA;MARINE M;2.0 productes de 2094 a 803
261-DIANA;MARINE M;Emisor 2094 acceptat
261-DIANA;MARINE M;Cobertura máxima assolida per receptor 803
261-DIANA;MARINE M;0.0 productes de 832 a 805
261-DIANA;MARINE M;0.0 productes de 857 a 805
261-DIANA;MARINE M;0.0 productes de 801 a 805
261-DIANA;MARINE M;0.0 productes de 2094 a 805
261-DIANA;MARINE M;2.0 productes de 845 a 805
261-DIANA;MARINE M;Emisor 845 acceptat
261-DIANA;MARINE M;1.0 productes de 806 a 805
261-DIANA;MARINE M;Emisor 806 acceptat
261-DIANA;MARINE M;1.0 productes de 1782 a 805
261-DIANA;MARINE M;Emisor 1782 acceptat
261-DIANA;MARINE M;0.0 productes de 832 a 840
261-DIANA;MARINE M;0.0 productes de 857 a 840
261-DIANA;MARINE M;0.0 productes de 2094 a 840
261-DIANA;MARINE M;0.0 productes de 801 a 840
261-DIANA;MARINE M;0.0 productes de 845 a 840
261-DIANA;MARINE M;0.0 productes de 806 a 840
261-DIANA;MARINE M;0.0 productes de 1782 a 840
261-DIANA;MARINE M;Receptor 840 sin posibilidad de enviarle stock
261-DIANA;MARINE M;0.0 productes de 832 a 869
261-DIANA;MARINE M;0.0 productes de 857 a 869
261-DIANA;MARINE M;0.0 productes de 801 a 869
261-DIANA;MARINE M;0.0 productes de 2094 a 869
261-DIANA;MARINE M;0.0 productes de 845 a 869
261-DIANA;MARINE M;0.0 productes de 1782 a 869
261-DIANA;MARINE M;0.0 productes de 806 a 869
261-DIANA;MARINE M;Receptor 869 sin posibilidad de enviarle stock
261-DIANA;MARINE M;0.0 productes de 832 a 2020
261-DIANA;MARINE M;0.0 productes de 857 a 2020
261-DIANA;MARINE M;0.0 productes de 801 a 2020
261-DIANA;MARINE M;0.0 productes de 2094 a 2020
261-DIANA;MARINE M;0.0 productes de 845 a 2020
261-DIANA;MARINE M;0.0 productes de 806 a 2020
261-DIANA;MARINE M;0.0 productes de 1782 a 2020
261-DIANA;MARINE M;Receptor 2020 sin posibilidad de enviarle stock
261-JOVEN;BUBBLE M;INICIO EVALUACIÓN
261-JOVEN;BUBBLE M;15 pares generados
261-JOVEN;BUBBLE M;4.0 productes de 801 a 803
261-JOVEN;BUBBLE M;Emisor 801 acceptat
261-JOVEN;BUBBLE M;2.0 productes de 869 a 803
261-JOVEN;BUBBLE M;Emisor 869 acceptat
261-JOVEN;BUBBLE M;Cobertura máxima assolida per receptor 803
261-JOVEN;BUBBLE M;0.0 productes de 801 a 832
261-JOVEN;BUBBLE M;0.0 productes de 869 a 832
261-JOVEN;BUBBLE M;1.0 productes de 2020 a 832
261-JOVEN;BUBBLE M;Emisor 2020 acceptat
261-JOVEN;BUBBLE M;0.0 productes de 801 a 857
261-JOVEN;BUBBLE M;0.0 productes de 869 a 857
261-JOVEN;BUBBLE M;0.0 productes de 2020 a 857
261-JOVEN;BUBBLE M;Receptor 857 sin posibilidad de enviarle stock
261-JOVEN;BUBBLE M;0.0 productes de 801 a 840
261-JOVEN;BUBBLE M;0.0 productes de 869 a 840
261-JOVEN;BUBBLE M;0.0 productes de 2020 a 840
261-JOVEN;BUBBLE M;Receptor 840 sin posibilidad de enviarle stock
261-JOVEN;BUBBLE M;0.0 productes de 801 a 806
261-JOVEN;BUBBLE M;0.0 productes de 869 a 806
261-JOVEN;BUBBLE M;0.0 productes de 2020 a 806
261-JOVEN;BUBBLE M;Receptor 806 sin posibilidad de enviarle stock
261-ROVITA;MULTICO;INICIO EVALUACIÓN
261-ROVITA;MULTICO;24 pares generados
261-ROVITA;MULTICO;5.0 productes de 869 a 803
261-ROVITA;MULTICO;Emisor 869 acceptat
261-ROVITA;MULTICO;2.0 productes de 2020 a 803
261-ROVITA;MULTICO;Emisor 2020 rebutjat. Supera cobertura máxima
261-ROVITA;MULTICO;1.0 productes de 806 a 803
261-ROVITA;MULTICO;Emisor 806 acceptat
261-ROVITA;MULTICO;Cobertura máxima assolida per receptor 803
261-ROVITA;MULTICO;0.0 productes de 869 a 840
261-ROVITA;MULTICO;2.0 productes de 2020 a 840
261-ROVITA;MULTICO;Emisor 2020 acceptat
261-ROVITA;MULTICO;0.0 productes de 806 a 840
261-ROVITA;MULTICO;0.0 productes de 869 a 1782
261-ROVITA;MULTICO;0.0 productes de 2020 a 1782
261-ROVITA;MULTICO;0.0 productes de 806 a 1782
261-ROVITA;MULTICO;Receptor 1782 sin posibilidad de enviarle stock
261-ROVITA;MULTICO;0.0 productes de 869 a 2094
261-ROVITA;MULTICO;0.0 productes de 2020 a 2094
261-ROVITA;MULTICO;0.0 productes de 806 a 2094
261-ROVITA;MULTICO;Receptor 2094 sin posibilidad de enviarle stock
261-ROVITA;MULTICO;0.0 productes de 869 a 845
261-ROVITA;MULTICO;0.0 productes de 2020 a 845
261-ROVITA;MULTICO;0.0 productes de 806 a 845
261-ROVITA;MULTICO;Receptor 845 sin posibilidad de enviarle stock
261-ROVITA;MULTICO;0.0 productes de 869 a 832
261-ROVITA;MULTICO;0.0 productes de 2020 a 832
261-ROVITA;MULTICO;0.0 productes de 806 a 832
261-ROVITA;MULTICO;Receptor 832 sin posibilidad de enviarle stock
261-ROVITA;MULTICO;0.0 productes de 869 a 805
261-ROVITA;MULTICO;0.0 productes de 2020 a 805
261-ROVITA;MULTICO;0.0 productes de 806 a 805
261-ROVITA;MULTICO;Receptor 805 sin posibilidad de enviarle stock
261-ROVITA;MULTICO;0.0 productes de 869 a 857
261-ROVITA;MULTICO;0.0 productes de 2020 a 857
261-ROVITA;MULTICO;0.0 productes de 806 a 857
261-ROVITA;MULTICO;Receptor 857 sin posibilidad de enviarle stock
261-RLOUNA;FIG;INICIO EVALUACIÓN
261-RLOUNA;FIG;35 pares generados
261-RLOUNA;FIG;5.0 productes de 2020 a 845
261-RLOUNA;FIG;Emisor 2020 acceptat
261-RLOUNA;FIG;2.0 productes de 840 a 845
261-RLOUNA;FIG;Emisor 840 acceptat
261-RLOUNA;FIG;Cobertura máxima assolida per receptor 845
261-RLOUNA;FIG;0.0 productes de 2020 a 806
261-RLOUNA;FIG;0.0 productes de 840 a 806
261-RLOUNA;FIG;1.0 productes de 805 a 806
261-RLOUNA;FIG;Emisor 805 acceptat
261-RLOUNA;FIG;1.0 productes de 801 a 806
261-RLOUNA;FIG;Emisor 801 acceptat
261-RLOUNA;FIG;1.0 productes de 832 a 806
261-RLOUNA;FIG;Emisor 832 acceptat
261-RLOUNA;FIG;1.0 productes de 2094 a 806
261-RLOUNA;FIG;Emisor 2094 acceptat
261-RLOUNA;FIG;1.0 productes de 857 a 806
261-RLOUNA;FIG;Emisor 857 acceptat
261-RLOUNA;FIG;0.0 productes de 2020 a 803
261-RLOUNA;FIG;0.0 productes de 840 a 803
261-RLOUNA;FIG;0.0 productes de 832 a 803
261-RLOUNA;FIG;0.0 productes de 805 a 803
261-RLOUNA;FIG;0.0 productes de 801 a 803
261-RLOUNA;FIG;0.0 productes de 2094 a 803
261-RLOUNA;FIG;0.0 productes de 857 a 803
261-RLOUNA;FIG;Receptor 803 sin posibilidad de enviarle stock
261-RLOUNA;FIG;0.0 productes de 2020 a 1782
261-RLOUNA;FIG;0.0 productes de 840 a 1782
261-RLOUNA;FIG;0.0 productes de 832 a 1782
261-RLOUNA;FIG;0.0 productes de 805 a 1782
261-RLOUNA;FIG;0.0 productes de 801 a 1782
261-RLOUNA;FIG;0.0 productes de 2094 a 1782
261-RLOUNA;FIG;0.0 productes de 857 a 1782
261-RLOUNA;FIG;Receptor 1782 sin posibilidad de enviarle stock
261-RLOUNA;FIG;0.0 productes de 2020 a 869
261-RLOUNA;FIG;0.0 productes de 840 a 869
261-RLOUNA;FIG;0.0 productes de 832 a 869
261-RLOUNA;FIG;0.0 productes de 805 a 869
261-RLOUNA;FIG;0.0 productes de 801 a 869
261-RLOUNA;FIG;0.0 productes de 2094 a 869
261-RLOUNA;FIG;0.0 productes de 857 a 869
261-RLOUNA;FIG;Receptor 869 sin posibilidad de enviarle stock
261-RELOW;NOIR M;INICIO EVALUACIÓN
261-RELOW;NOIR M;11 pares generados
261-RELOW;NOIR M;5.0 productes de 2094 a 832
261-RELOW;NOIR M;Emisor 2094 acceptat
261-RELOW;NOIR M;0.0 productes de 2094 a 803
261-RELOW;NOIR M;Receptor 803 sin posibilidad de enviarle stock
261-RELOW;NOIR M;0.0 productes de 2094 a 806
261-RELOW;NOIR M;Receptor 806 sin posibilidad de enviarle stock
261-RELOW;NOIR M;0.0 productes de 2094 a 869
261-RELOW;NOIR M;Receptor 869 sin posibilidad de enviarle stock
261-RELOW;NOIR M;0.0 productes de 2094 a 840
261-RELOW;NOIR M;Receptor 840 sin posibilidad de enviarle stock
261-RELOW;NOIR M;0.0 productes de 2094 a 805
261-RELOW;NOIR M;Receptor 805 sin posibilidad de enviarle stock
261-RELOW;NOIR M;0.0 productes de 2094 a 801
261-RELOW;NOIR M;Receptor 801 sin posibilidad de enviarle stock
261-RELOW;NOIR M;0.0 productes de 2094 a 1782
261-RELOW;NOIR M;Receptor 1782 sin posibilidad de enviarle stock
261-RELOW;NOIR M;0.0 productes de 2094 a 857
261-RELOW;NOIR M;Receptor 857 sin posibilidad de enviarle stock
261-RELOW;NOIR M;0.0 productes de 2094 a 2020
261-RELOW;NOIR M;Receptor 2020 sin posibilidad de enviarle stock
261-RELOW;NOIR M;0.0 productes de 2094 a 845
261-RELOW;NOIR M;Receptor 845 sin posibilidad de enviarle stock
261-RDALA.F;MULTICO;INICIO EVALUACIÓN
261-RDALA.F;MULTICO;11 pares generados
261-RDALA.F;MULTICO;6.0 productes de 2094 a 832
261-RDALA.F;MULTICO;Emisor 2094 acceptat
261-RDALA.F;MULTICO;0.0 productes de 2094 a 803
261-RDALA.F;MULTICO;Receptor 803 sin posibilidad de enviarle stock
261-RDALA.F;MULTICO;0.0 productes de 2094 a 2020
261-RDALA.F;MULTICO;Receptor 2020 sin posibilidad de enviarle stock
261-RDALA.F;MULTICO;0.0 productes de 2094 a 801
261-RDALA.F;MULTICO;Receptor 801 sin posibilidad de enviarle stock
261-RDALA.F;MULTICO;0.0 productes de 2094 a 806
261-RDALA.F;MULTICO;Receptor 806 sin posibilidad de enviarle stock
261-RDALA.F;MULTICO;0.0 productes de 2094 a 840
261-RDALA.F;MULTICO;Receptor 840 sin posibilidad de enviarle stock
261-RDALA.F;MULTICO;0.0 productes de 2094 a 857
261-RDALA.F;MULTICO;Receptor 857 sin posibilidad de enviarle stock
261-RDALA.F;MULTICO;0.0 productes de 2094 a 805
261-RDALA.F;MULTICO;Receptor 805 sin posibilidad de enviarle stock
261-RDALA.F;MULTICO;0.0 productes de 2094 a 845
261-RDALA.F;MULTICO;Receptor 845 sin posibilidad de enviarle stock
261-RDALA.F;MULTICO;0.0 productes de 2094 a 1782
261-RDALA.F;MULTICO;Receptor 1782 sin posibilidad de enviarle stock
261-RDALA.F;MULTICO;0.0 productes de 2094 a 869
261-RDALA.F;MULTICO;Receptor 869 sin posibilidad de enviarle stock
241-DAGA;PALE BANANA;INICIO EVALUACIÓN
241-DAGA;PALE BANANA;20 pares generados
241-DAGA;PALE BANANA;2.0 productes de 2094 a 832
241-DAGA;PALE BANANA;Emisor 2094 acceptat
241-DAGA;PALE BANANA;2.0 productes de 869 a 832
241-DAGA;PALE BANANA;Emisor 869 acceptat
241-DAGA;PALE BANANA;0.0 productes de 2094 a 803
241-DAGA;PALE BANANA;0.0 productes de 869 a 803
241-DAGA;PALE BANANA;Receptor 803 sin posibilidad de enviarle stock
241-DAGA;PALE BANANA;0.0 productes de 2094 a 840
241-DAGA;PALE BANANA;0.0 productes de 869 a 840
241-DAGA;PALE BANANA;Receptor 840 sin posibilidad de enviarle stock
241-DAGA;PALE BANANA;0.0 productes de 2094 a 1782
241-DAGA;PALE BANANA;0.0 productes de 869 a 1782
241-DAGA;PALE BANANA;Receptor 1782 sin posibilidad de enviarle stock
241-DAGA;PALE BANANA;0.0 productes de 2094 a 805
241-DAGA;PALE BANANA;0.0 productes de 869 a 805
241-DAGA;PALE BANANA;Receptor 805 sin posibilidad de enviarle stock
241-DAGA;PALE BANANA;0.0 productes de 2094 a 801
241-DAGA;PALE BANANA;0.0 productes de 869 a 801
241-DAGA;PALE BANANA;Receptor 801 sin posibilidad de enviarle stock
241-DAGA;PALE BANANA;0.0 productes de 2094 a 806
241-DAGA;PALE BANANA;0.0 productes de 869 a 806
241-DAGA;PALE BANANA;Receptor 806 sin posibilidad de enviarle stock
241-DAGA;PALE BANANA;0.0 productes de 2094 a 845
241-DAGA;PALE BANANA;0.0 productes de 869 a 845
241-DAGA;PALE BANANA;Receptor 845 sin posibilidad de enviarle stock
241-DAGA;PALE BANANA;0.0 productes de 2094 a 857
241-DAGA;PALE BANANA;0.0 productes de 869 a 857
241-DAGA;PALE BANANA;Receptor 857 sin posibilidad de enviarle stock
241-DAGA;PALE BANANA;0.0 productes de 2094 a 2020
241-DAGA;PALE BANANA;0.0 productes de 869 a 2020
241-DAGA;PALE BANANA;Receptor 2020 sin posibilidad de enviarle stock
261-DSET;MULTICO;INICIO EVALUACIÓN
261-DSET;MULTICO;6 pares generados
261-DSET;MULTICO;4.0 productes de 840 a 803
261-DSET;MULTICO;Emisor 840 acceptat
261-DSET;MULTICO;0.0 productes de 840 a 857
261-DSET;MULTICO;Receptor 857 sin posibilidad de enviarle stock
261-DSET;MULTICO;0.0 productes de 840 a 801
261-DSET;MULTICO;Receptor 801 sin posibilidad de enviarle stock
261-DSET;MULTICO;0.0 productes de 840 a 832
261-DSET;MULTICO;Receptor 832 sin posibilidad de enviarle stock
261-DSET;MULTICO;0.0 productes de 840 a 869
261-DSET;MULTICO;Receptor 869 sin posibilidad de enviarle stock
261-DSET;MULTICO;0.0 productes de 840 a 806
261-DSET;MULTICO;Receptor 806 sin posibilidad de enviarle stock
261-MCARDI;OFF WHITE M;INICIO EVALUACIÓN
261-MCARDI;OFF WHITE M;36 pares generados
261-MCARDI;OFF WHITE M;5.0 productes de 801 a 806
261-MCARDI;OFF WHITE M;Emisor 801 acceptat
261-MCARDI;OFF WHITE M;4.0 productes de 1782 a 806
261-MCARDI;OFF WHITE M;Emisor 1782 rebutjat. Supera cobertura máxima
261-MCARDI;OFF WHITE M;4.0 productes de 2094 a 806
261-MCARDI;OFF WHITE M;Emisor 2094 rebutjat. Supera cobertura máxima
261-MCARDI;OFF WHITE M;3.0 productes de 805 a 806
261-MCARDI;OFF WHITE M;Emisor 805 rebutjat. Supera cobertura máxima
261-MCARDI;OFF WHITE M;3.0 productes de 869 a 806
261-MCARDI;OFF WHITE M;Emisor 869 rebutjat. Supera cobertura máxima
261-MCARDI;OFF WHITE M;2.0 productes de 857 a 806
261-MCARDI;OFF WHITE M;Emisor 857 rebutjat. Supera cobertura máxima
261-MCARDI;OFF WHITE M;0.0 productes de 801 a 803
261-MCARDI;OFF WHITE M;4.0 productes de 1782 a 803
261-MCARDI;OFF WHITE M;Emisor 1782 acceptat
261-MCARDI;OFF WHITE M;Cobertura máxima assolida per receptor 803
261-MCARDI;OFF WHITE M;0.0 productes de 801 a 840
261-MCARDI;OFF WHITE M;4.0 productes de 2094 a 840
261-MCARDI;OFF WHITE M;Emisor 2094 acceptat
261-MCARDI;OFF WHITE M;0.0 productes de 1782 a 840
261-MCARDI;OFF WHITE M;3.0 productes de 805 a 840
261-MCARDI;OFF WHITE M;Emisor 805 rebutjat. Supera cobertura máxima
261-MCARDI;OFF WHITE M;3.0 productes de 869 a 840
261-MCARDI;OFF WHITE M;Emisor 869 rebutjat. Supera cobertura máxima
261-MCARDI;OFF WHITE M;2.0 productes de 857 a 840
261-MCARDI;OFF WHITE M;Emisor 857 acceptat
261-MCARDI;OFF WHITE M;Cobertura máxima assolida per receptor 840
261-MCARDI;OFF WHITE M;0.0 productes de 801 a 845
261-MCARDI;OFF WHITE M;0.0 productes de 2094 a 845
261-MCARDI;OFF WHITE M;0.0 productes de 1782 a 845
261-MCARDI;OFF WHITE M;3.0 productes de 805 a 845
261-MCARDI;OFF WHITE M;Emisor 805 acceptat
261-MCARDI;OFF WHITE M;3.0 productes de 869 a 845
261-MCARDI;OFF WHITE M;Emisor 869 acceptat
261-MCARDI;OFF WHITE M;Cobertura máxima assolida per receptor 845
261-MCARDI;OFF WHITE M;0.0 productes de 801 a 2020
261-MCARDI;OFF WHITE M;0.0 productes de 2094 a 2020
261-MCARDI;OFF WHITE M;0.0 productes de 1782 a 2020
261-MCARDI;OFF WHITE M;0.0 productes de 805 a 2020
261-MCARDI;OFF WHITE M;0.0 productes de 869 a 2020
261-MCARDI;OFF WHITE M;0.0 productes de 857 a 2020
261-MCARDI;OFF WHITE M;Receptor 2020 sin posibilidad de enviarle stock
261-MCARDI;OFF WHITE M;0.0 productes de 801 a 832
261-MCARDI;OFF WHITE M;0.0 productes de 1782 a 832
261-MCARDI;OFF WHITE M;0.0 productes de 2094 a 832
261-MCARDI;OFF WHITE M;0.0 productes de 805 a 832
261-MCARDI;OFF WHITE M;0.0 productes de 869 a 832
261-MCARDI;OFF WHITE M;0.0 productes de 857 a 832
261-MCARDI;OFF WHITE M;Receptor 832 sin posibilidad de enviarle stock
251-DMATY;OFF WHITE M;INICIO EVALUACIÓN
251-DMATY;OFF WHITE M;24 pares generados
251-DMATY;OFF WHITE M;3.0 productes de 840 a 806
251-DMATY;OFF WHITE M;Emisor 840 acceptat
251-DMATY;OFF WHITE M;2.0 productes de 803 a 806
251-DMATY;OFF WHITE M;Emisor 803 acceptat
251-DMATY;OFF WHITE M;1.0 productes de 801 a 806
251-DMATY;OFF WHITE M;Emisor 801 acceptat
251-DMATY;OFF WHITE M;Cobertura máxima assolida per receptor 806
251-DMATY;OFF WHITE M;0.0 productes de 840 a 845
251-DMATY;OFF WHITE M;0.0 productes de 803 a 845
251-DMATY;OFF WHITE M;0.0 productes de 801 a 845
251-DMATY;OFF WHITE M;1.0 productes de 857 a 845
251-DMATY;OFF WHITE M;Emisor 857 acceptat
251-DMATY;OFF WHITE M;0.0 productes de 840 a 2094
251-DMATY;OFF WHITE M;0.0 productes de 803 a 2094
251-DMATY;OFF WHITE M;0.0 productes de 801 a 2094
251-DMATY;OFF WHITE M;0.0 productes de 857 a 2094
251-DMATY;OFF WHITE M;Receptor 2094 sin posibilidad de enviarle stock
251-DMATY;OFF WHITE M;0.0 productes de 840 a 805
251-DMATY;OFF WHITE M;0.0 productes de 803 a 805
251-DMATY;OFF WHITE M;0.0 productes de 801 a 805
251-DMATY;OFF WHITE M;0.0 productes de 857 a 805
251-DMATY;OFF WHITE M;Receptor 805 sin posibilidad de enviarle stock
251-DMATY;OFF WHITE M;0.0 productes de 840 a 2020
251-DMATY;OFF WHITE M;0.0 productes de 803 a 2020
251-DMATY;OFF WHITE M;0.0 productes de 857 a 2020
251-DMATY;OFF WHITE M;0.0 productes de 801 a 2020
251-DMATY;OFF WHITE M;Receptor 2020 sin posibilidad de enviarle stock
251-DMATY;OFF WHITE M;0.0 productes de 840 a 832
251-DMATY;OFF WHITE M;0.0 productes de 803 a 832
251-DMATY;OFF WHITE M;0.0 productes de 801 a 832
251-DMATY;OFF WHITE M;0.0 productes de 857 a 832
251-DMATY;OFF WHITE M;Receptor 832 sin posibilidad de enviarle stock
251-DALBA;BUBBLE M;INICIO EVALUACIÓN
251-DALBA;BUBBLE M;35 pares generados
251-DALBA;BUBBLE M;6.0 productes de 869 a 832
251-DALBA;BUBBLE M;Emisor 869 acceptat
251-DALBA;BUBBLE M;Cobertura máxima assolida per receptor 832
251-DALBA;BUBBLE M;0.0 productes de 869 a 803
251-DALBA;BUBBLE M;4.0 productes de 805 a 803
251-DALBA;BUBBLE M;Emisor 805 acceptat
251-DALBA;BUBBLE M;Cobertura máxima assolida per receptor 803
251-DALBA;BUBBLE M;0.0 productes de 869 a 840
251-DALBA;BUBBLE M;0.0 productes de 805 a 840
251-DALBA;BUBBLE M;4.0 productes de 845 a 840
251-DALBA;BUBBLE M;Emisor 845 rebutjat. Supera cobertura máxima
251-DALBA;BUBBLE M;1.0 productes de 2094 a 840
251-DALBA;BUBBLE M;Emisor 2094 acceptat
251-DALBA;BUBBLE M;1.0 productes de 2020 a 840
251-DALBA;BUBBLE M;Emisor 2020 acceptat
251-DALBA;BUBBLE M;0.0 productes de 869 a 806
251-DALBA;BUBBLE M;0.0 productes de 805 a 806
251-DALBA;BUBBLE M;4.0 productes de 845 a 806
251-DALBA;BUBBLE M;Emisor 845 acceptat
251-DALBA;BUBBLE M;0.0 productes de 2094 a 806
251-DALBA;BUBBLE M;0.0 productes de 2020 a 806
251-DALBA;BUBBLE M;0.0 productes de 869 a 801
251-DALBA;BUBBLE M;0.0 productes de 805 a 801
251-DALBA;BUBBLE M;0.0 productes de 845 a 801
251-DALBA;BUBBLE M;0.0 productes de 2094 a 801
251-DALBA;BUBBLE M;0.0 productes de 2020 a 801
251-DALBA;BUBBLE M;Receptor 801 sin posibilidad de enviarle stock
251-DALBA;BUBBLE M;0.0 productes de 869 a 1782
251-DALBA;BUBBLE M;0.0 productes de 805 a 1782
251-DALBA;BUBBLE M;0.0 productes de 845 a 1782
251-DALBA;BUBBLE M;0.0 productes de 2094 a 1782
251-DALBA;BUBBLE M;0.0 productes de 2020 a 1782
251-DALBA;BUBBLE M;Receptor 1782 sin posibilidad de enviarle stock
251-DALBA;BUBBLE M;0.0 productes de 869 a 857
251-DALBA;BUBBLE M;0.0 productes de 805 a 857
251-DALBA;BUBBLE M;0.0 productes de 845 a 857
251-DALBA;BUBBLE M;0.0 productes de 2020 a 857
251-DALBA;BUBBLE M;0.0 productes de 2094 a 857
251-DALBA;BUBBLE M;Receptor 857 sin posibilidad de enviarle stock
261-DIVA;MARINE/OFF WHITE;INICIO EVALUACIÓN
261-DIVA;MARINE/OFF WHITE;28 pares generados
261-DIVA;MARINE/OFF WHITE;5.0 productes de 801 a 2094
261-DIVA;MARINE/OFF WHITE;Emisor 801 acceptat
261-DIVA;MARINE/OFF WHITE;4.0 productes de 845 a 2094
261-DIVA;MARINE/OFF WHITE;Emisor 845 rebutjat. Supera cobertura máxima
261-DIVA;MARINE/OFF WHITE;4.0 productes de 805 a 2094
261-DIVA;MARINE/OFF WHITE;Emisor 805 rebutjat. Supera cobertura máxima
261-DIVA;MARINE/OFF WHITE;4.0 productes de 1782 a 2094
261-DIVA;MARINE/OFF WHITE;Emisor 1782 rebutjat. Supera cobertura máxima
261-DIVA;MARINE/OFF WHITE;4.0 productes de 803 a 2094
261-DIVA;MARINE/OFF WHITE;Emisor 803 rebutjat. Supera cobertura máxima
261-DIVA;MARINE/OFF WHITE;2.0 productes de 869 a 2094
261-DIVA;MARINE/OFF WHITE;Emisor 869 acceptat
261-DIVA;MARINE/OFF WHITE;2.0 productes de 2020 a 2094
261-DIVA;MARINE/OFF WHITE;Emisor 2020 rebutjat. Supera cobertura máxima
261-DIVA;MARINE/OFF WHITE;0.0 productes de 801 a 840
261-DIVA;MARINE/OFF WHITE;4.0 productes de 805 a 840
261-DIVA;MARINE/OFF WHITE;Emisor 805 acceptat
261-DIVA;MARINE/OFF WHITE;4.0 productes de 1782 a 840
261-DIVA;MARINE/OFF WHITE;Emisor 1782 rebutjat. Supera cobertura máxima
261-DIVA;MARINE/OFF WHITE;4.0 productes de 803 a 840
261-DIVA;MARINE/OFF WHITE;Emisor 803 rebutjat. Supera cobertura máxima
261-DIVA;MARINE/OFF WHITE;4.0 productes de 845 a 840
261-DIVA;MARINE/OFF WHITE;Emisor 845 rebutjat. Supera cobertura máxima
261-DIVA;MARINE/OFF WHITE;0.0 productes de 869 a 840
261-DIVA;MARINE/OFF WHITE;2.0 productes de 2020 a 840
261-DIVA;MARINE/OFF WHITE;Emisor 2020 acceptat
261-DIVA;MARINE/OFF WHITE;0.0 productes de 801 a 857
261-DIVA;MARINE/OFF WHITE;0.0 productes de 805 a 857
261-DIVA;MARINE/OFF WHITE;4.0 productes de 803 a 857
261-DIVA;MARINE/OFF WHITE;Emisor 803 acceptat
261-DIVA;MARINE/OFF WHITE;Cobertura máxima assolida per receptor 857
261-DIVA;MARINE/OFF WHITE;0.0 productes de 801 a 832
261-DIVA;MARINE/OFF WHITE;0.0 productes de 805 a 832
261-DIVA;MARINE/OFF WHITE;4.0 productes de 1782 a 832
261-DIVA;MARINE/OFF WHITE;Emisor 1782 rebutjat. Supera cobertura máxima
261-DIVA;MARINE/OFF WHITE;0.0 productes de 803 a 832
261-DIVA;MARINE/OFF WHITE;4.0 productes de 845 a 832
261-DIVA;MARINE/OFF WHITE;Emisor 845 rebutjat. Supera cobertura máxima
261-DIVA;MARINE/OFF WHITE;0.0 productes de 869 a 832
261-DIVA;MARINE/OFF WHITE;0.0 productes de 2020 a 832
261-DIVA;MARINE/OFF WHITE;Receptor 832 sin posibilidad de enviarle stock
261-RFLAM;WARM TAUPE;INICIO EVALUACIÓN
261-RFLAM;WARM TAUPE;28 pares generados
261-RFLAM;WARM TAUPE;4.0 productes de 869 a 806
261-RFLAM;WARM TAUPE;Emisor 869 rebutjat. Supera cobertura máxima
261-RFLAM;WARM TAUPE;4.0 productes de 857 a 806
261-RFLAM;WARM TAUPE;Emisor 857 rebutjat. Supera cobertura máxima
261-RFLAM;WARM TAUPE;3.0 productes de 1782 a 806
261-RFLAM;WARM TAUPE;Emisor 1782 rebutjat. Supera cobertura máxima
261-RFLAM;WARM TAUPE;2.0 productes de 805 a 806
261-RFLAM;WARM TAUPE;Emisor 805 rebutjat. Supera cobertura máxima
261-RFLAM;WARM TAUPE;2.0 productes de 832 a 806
261-RFLAM;WARM TAUPE;Emisor 832 rebutjat. Supera cobertura máxima
261-RFLAM;WARM TAUPE;1.0 productes de 801 a 806
261-RFLAM;WARM TAUPE;Emisor 801 acceptat
261-RFLAM;WARM TAUPE;Cobertura máxima assolida per receptor 806
261-RFLAM;WARM TAUPE;4.0 productes de 869 a 803
261-RFLAM;WARM TAUPE;Emisor 869 acceptat
261-RFLAM;WARM TAUPE;4.0 productes de 857 a 803
261-RFLAM;WARM TAUPE;Emisor 857 rebutjat. Supera cobertura máxima
261-RFLAM;WARM TAUPE;3.0 productes de 1782 a 803
261-RFLAM;WARM TAUPE;Emisor 1782 rebutjat. Supera cobertura máxima
261-RFLAM;WARM TAUPE;2.0 productes de 832 a 803
261-RFLAM;WARM TAUPE;Emisor 832 acceptat
261-RFLAM;WARM TAUPE;Cobertura máxima assolida per receptor 803
261-RFLAM;WARM TAUPE;0.0 productes de 869 a 840
261-RFLAM;WARM TAUPE;4.0 productes de 857 a 840
261-RFLAM;WARM TAUPE;Emisor 857 acceptat
261-RFLAM;WARM TAUPE;3.0 productes de 1782 a 840
261-RFLAM;WARM TAUPE;Emisor 1782 rebutjat. Supera cobertura máxima
261-RFLAM;WARM TAUPE;0.0 productes de 832 a 840
261-RFLAM;WARM TAUPE;2.0 productes de 805 a 840
261-RFLAM;WARM TAUPE;Emisor 805 acceptat
261-RFLAM;WARM TAUPE;Cobertura máxima assolida per receptor 840
261-RFLAM;WARM TAUPE;0.0 productes de 869 a 2094
261-RFLAM;WARM TAUPE;0.0 productes de 857 a 2094
261-RFLAM;WARM TAUPE;3.0 productes de 1782 a 2094
261-RFLAM;WARM TAUPE;Emisor 1782 acceptat
261-RFLAM;WARM TAUPE;0.0 productes de 832 a 2094
261-RFLAM;WARM TAUPE;0.0 productes de 805 a 2094
261-RFLAM;WARM TAUPE;0.0 productes de 801 a 2094
261-RFLAM;WARM TAUPE;1.0 productes de 2020 a 2094
261-RFLAM;WARM TAUPE;Emisor 2020 acceptat
261-POMA.F;OFF WHITE M;INICIO EVALUACIÓN
261-POMA.F;OFF WHITE M;6 pares generados
261-POMA.F;OFF WHITE M;6.0 productes de 801 a 803
261-POMA.F;OFF WHITE M;Emisor 801 acceptat
261-POMA.F;OFF WHITE M;Cobertura máxima assolida per receptor 803
261-POMA.F;OFF WHITE M;0.0 productes de 801 a 840
261-POMA.F;OFF WHITE M;Receptor 840 sin posibilidad de enviarle stock
261-POMA.F;OFF WHITE M;0.0 productes de 801 a 869
261-POMA.F;OFF WHITE M;Receptor 869 sin posibilidad de enviarle stock
261-POMA.F;OFF WHITE M;0.0 productes de 801 a 857
261-POMA.F;OFF WHITE M;Receptor 857 sin posibilidad de enviarle stock
261-POMA.F;OFF WHITE M;0.0 productes de 801 a 832
261-POMA.F;OFF WHITE M;Receptor 832 sin posibilidad de enviarle stock
261-POMA.F;OFF WHITE M;0.0 productes de 801 a 806
261-POMA.F;OFF WHITE M;Receptor 806 sin posibilidad de enviarle stock
261-RSOAN;MULTICO;INICIO EVALUACIÓN
261-RSOAN;MULTICO;24 pares generados
261-RSOAN;MULTICO;3.0 productes de 857 a 803
261-RSOAN;MULTICO;Emisor 857 acceptat
261-RSOAN;MULTICO;3.0 productes de 2020 a 803
261-RSOAN;MULTICO;Emisor 2020 acceptat
261-RSOAN;MULTICO;2.0 productes de 1782 a 803
261-RSOAN;MULTICO;Emisor 1782 acceptat
261-RSOAN;MULTICO;0.0 productes de 857 a 801
261-RSOAN;MULTICO;0.0 productes de 2020 a 801
261-RSOAN;MULTICO;0.0 productes de 1782 a 801
261-RSOAN;MULTICO;Receptor 801 sin posibilidad de enviarle stock
261-RSOAN;MULTICO;0.0 productes de 857 a 832
261-RSOAN;MULTICO;0.0 productes de 2020 a 832
261-RSOAN;MULTICO;0.0 productes de 1782 a 832
261-RSOAN;MULTICO;Receptor 832 sin posibilidad de enviarle stock
261-RSOAN;MULTICO;0.0 productes de 857 a 806
261-RSOAN;MULTICO;0.0 productes de 2020 a 806
261-RSOAN;MULTICO;0.0 productes de 1782 a 806
261-RSOAN;MULTICO;Receptor 806 sin posibilidad de enviarle stock
261-RSOAN;MULTICO;0.0 productes de 857 a 2094
261-RSOAN;MULTICO;0.0 productes de 2020 a 2094
261-RSOAN;MULTICO;0.0 productes de 1782 a 2094
261-RSOAN;MULTICO;Receptor 2094 sin posibilidad de enviarle stock
261-RSOAN;MULTICO;0.0 productes de 857 a 805
261-RSOAN;MULTICO;0.0 productes de 2020 a 805
261-RSOAN;MULTICO;0.0 productes de 1782 a 805
261-RSOAN;MULTICO;Receptor 805 sin posibilidad de enviarle stock
261-RSOAN;MULTICO;0.0 productes de 857 a 869
261-RSOAN;MULTICO;0.0 productes de 2020 a 869
261-RSOAN;MULTICO;0.0 productes de 1782 a 869
261-RSOAN;MULTICO;Receptor 869 sin posibilidad de enviarle stock
261-RSOAN;MULTICO;0.0 productes de 857 a 840
261-RSOAN;MULTICO;0.0 productes de 2020 a 840
261-RSOAN;MULTICO;0.0 productes de 1782 a 840
261-RSOAN;MULTICO;Receptor 840 sin posibilidad de enviarle stock
261-RMAGO;NOIR M;INICIO EVALUACIÓN
261-RMAGO;NOIR M;Producto estancado
251-DOMANI;IVOIRE;INICIO EVALUACIÓN
251-DOMANI;IVOIRE;32 pares generados
251-DOMANI;IVOIRE;3.0 productes de 840 a 2094
251-DOMANI;IVOIRE;Emisor 840 acceptat
251-DOMANI;IVOIRE;3.0 productes de 832 a 2094
251-DOMANI;IVOIRE;Emisor 832 acceptat
251-DOMANI;IVOIRE;3.0 productes de 805 a 2094
251-DOMANI;IVOIRE;Emisor 805 rebutjat. Supera cobertura máxima
251-DOMANI;IVOIRE;3.0 productes de 803 a 2094
251-DOMANI;IVOIRE;Emisor 803 rebutjat. Supera cobertura máxima
251-DOMANI;IVOIRE;2.0 productes de 845 a 2094
251-DOMANI;IVOIRE;Emisor 845 rebutjat. Supera cobertura máxima
251-DOMANI;IVOIRE;2.0 productes de 801 a 2094
251-DOMANI;IVOIRE;Emisor 801 rebutjat. Supera cobertura máxima
251-DOMANI;IVOIRE;2.0 productes de 869 a 2094
251-DOMANI;IVOIRE;Emisor 869 rebutjat. Supera cobertura máxima
251-DOMANI;IVOIRE;1.0 productes de 806 a 2094
251-DOMANI;IVOIRE;Emisor 806 acceptat
251-DOMANI;IVOIRE;Cobertura máxima assolida per receptor 2094
251-DOMANI;IVOIRE;3.0 productes de 805 a 857
251-DOMANI;IVOIRE;Emisor 805 acceptat
251-DOMANI;IVOIRE;0.0 productes de 832 a 857
251-DOMANI;IVOIRE;3.0 productes de 803 a 857
251-DOMANI;IVOIRE;Emisor 803 acceptat
251-DOMANI;IVOIRE;0.0 productes de 840 a 857
251-DOMANI;IVOIRE;2.0 productes de 801 a 857
251-DOMANI;IVOIRE;Emisor 801 rebutjat. Supera cobertura máxima
251-DOMANI;IVOIRE;2.0 productes de 845 a 857
251-DOMANI;IVOIRE;Emisor 845 rebutjat. Supera cobertura máxima
251-DOMANI;IVOIRE;2.0 productes de 869 a 857
251-DOMANI;IVOIRE;Emisor 869 rebutjat. Supera cobertura máxima
251-DOMANI;IVOIRE;0.0 productes de 806 a 857
251-DOMANI;IVOIRE;0.0 productes de 803 a 1782
251-DOMANI;IVOIRE;0.0 productes de 832 a 1782
251-DOMANI;IVOIRE;0.0 productes de 805 a 1782
251-DOMANI;IVOIRE;0.0 productes de 840 a 1782
251-DOMANI;IVOIRE;2.0 productes de 801 a 1782
251-DOMANI;IVOIRE;Emisor 801 acceptat
251-DOMANI;IVOIRE;2.0 productes de 869 a 1782
251-DOMANI;IVOIRE;Emisor 869 acceptat
251-DOMANI;IVOIRE;2.0 productes de 845 a 1782
251-DOMANI;IVOIRE;Emisor 845 acceptat
251-DOMANI;IVOIRE;Cobertura máxima assolida per receptor 1782
251-DOMANI;IVOIRE;0.0 productes de 805 a 2020
251-DOMANI;IVOIRE;0.0 productes de 832 a 2020
251-DOMANI;IVOIRE;0.0 productes de 803 a 2020
251-DOMANI;IVOIRE;0.0 productes de 840 a 2020
251-DOMANI;IVOIRE;0.0 productes de 801 a 2020
251-DOMANI;IVOIRE;0.0 productes de 845 a 2020
251-DOMANI;IVOIRE;0.0 productes de 869 a 2020
251-DOMANI;IVOIRE;0.0 productes de 806 a 2020
251-DOMANI;IVOIRE;Receptor 2020 sin posibilidad de enviarle stock
251-VCHARME;JEAN DOUBLE STONE;INICIO EVALUACIÓN
251-VCHARME;JEAN DOUBLE STONE;32 pares generados
251-VCHARME;JEAN DOUBLE STONE;8.0 productes de 803 a 869
251-VCHARME;JEAN DOUBLE STONE;Emisor 803 rebutjat. Supera cobertura máxima
251-VCHARME;JEAN DOUBLE STONE;4.0 productes de 832 a 869
251-VCHARME;JEAN DOUBLE STONE;Emisor 832 rebutjat. Supera cobertura máxima
251-VCHARME;JEAN DOUBLE STONE;4.0 productes de 801 a 869
251-VCHARME;JEAN DOUBLE STONE;Emisor 801 rebutjat. Supera cobertura máxima
251-VCHARME;JEAN DOUBLE STONE;3.0 productes de 805 a 869
251-VCHARME;JEAN DOUBLE STONE;Emisor 805 acceptat
251-VCHARME;JEAN DOUBLE STONE;Cobertura máxima assolida per receptor 869
251-VCHARME;JEAN DOUBLE STONE;8.0 productes de 803 a 806
251-VCHARME;JEAN DOUBLE STONE;Emisor 803 rebutjat. Supera cobertura máxima
251-VCHARME;JEAN DOUBLE STONE;4.0 productes de 801 a 806
251-VCHARME;JEAN DOUBLE STONE;Emisor 801 acceptat
251-VCHARME;JEAN DOUBLE STONE;4.0 productes de 832 a 806
251-VCHARME;JEAN DOUBLE STONE;Emisor 832 rebutjat. Supera cobertura máxima
251-VCHARME;JEAN DOUBLE STONE;0.0 productes de 805 a 806
251-VCHARME;JEAN DOUBLE STONE;3.0 productes de 840 a 806
251-VCHARME;JEAN DOUBLE STONE;Emisor 840 acceptat
251-VCHARME;JEAN DOUBLE STONE;Cobertura máxima assolida per receptor 806
251-VCHARME;JEAN DOUBLE STONE;8.0 productes de 803 a 2094
251-VCHARME;JEAN DOUBLE STONE;Emisor 803 rebutjat. Supera cobertura máxima
251-VCHARME;JEAN DOUBLE STONE;0.0 productes de 801 a 2094
251-VCHARME;JEAN DOUBLE STONE;4.0 productes de 832 a 2094
251-VCHARME;JEAN DOUBLE STONE;Emisor 832 acceptat
251-VCHARME;JEAN DOUBLE STONE;0.0 productes de 840 a 2094
251-VCHARME;JEAN DOUBLE STONE;0.0 productes de 805 a 2094
251-VCHARME;JEAN DOUBLE STONE;3.0 productes de 857 a 2094
251-VCHARME;JEAN DOUBLE STONE;Emisor 857 rebutjat. Supera cobertura máxima
251-VCHARME;JEAN DOUBLE STONE;3.0 productes de 2020 a 2094
251-VCHARME;JEAN DOUBLE STONE;Emisor 2020 rebutjat. Supera cobertura máxima
251-VCHARME;JEAN DOUBLE STONE;2.0 productes de 845 a 2094
251-VCHARME;JEAN DOUBLE STONE;Emisor 845 acceptat
251-VCHARME;JEAN DOUBLE STONE;Cobertura máxima assolida per receptor 2094
251-VCHARME;JEAN DOUBLE STONE;8.0 productes de 803 a 1782
251-VCHARME;JEAN DOUBLE STONE;Emisor 803 rebutjat. Supera cobertura máxima
251-VCHARME;JEAN DOUBLE STONE;0.0 productes de 832 a 1782
251-VCHARME;JEAN DOUBLE STONE;0.0 productes de 801 a 1782
251-VCHARME;JEAN DOUBLE STONE;0.0 productes de 805 a 1782
251-VCHARME;JEAN DOUBLE STONE;0.0 productes de 840 a 1782
251-VCHARME;JEAN DOUBLE STONE;3.0 productes de 857 a 1782
251-VCHARME;JEAN DOUBLE STONE;Emisor 857 acceptat
251-VCHARME;JEAN DOUBLE STONE;3.0 productes de 2020 a 1782
251-VCHARME;JEAN DOUBLE STONE;Emisor 2020 rebutjat. Supera cobertura máxima
251-VCHARME;JEAN DOUBLE STONE;0.0 productes de 845 a 1782
261-RMARIUS;BUTTER M;INICIO EVALUACIÓN
261-RMARIUS;BUTTER M;11 pares generados
261-RMARIUS;BUTTER M;7.0 productes de 857 a 806
261-RMARIUS;BUTTER M;Emisor 857 acceptat
261-RMARIUS;BUTTER M;Cobertura máxima assolida per receptor 806
261-RMARIUS;BUTTER M;0.0 productes de 857 a 801
261-RMARIUS;BUTTER M;Receptor 801 sin posibilidad de enviarle stock
261-RMARIUS;BUTTER M;0.0 productes de 857 a 845
261-RMARIUS;BUTTER M;Receptor 845 sin posibilidad de enviarle stock
261-RMARIUS;BUTTER M;0.0 productes de 857 a 832
261-RMARIUS;BUTTER M;Receptor 832 sin posibilidad de enviarle stock
261-RMARIUS;BUTTER M;0.0 productes de 857 a 840
261-RMARIUS;BUTTER M;Receptor 840 sin posibilidad de enviarle stock
261-RMARIUS;BUTTER M;0.0 productes de 857 a 869
261-RMARIUS;BUTTER M;Receptor 869 sin posibilidad de enviarle stock
261-RMARIUS;BUTTER M;0.0 productes de 857 a 803
261-RMARIUS;BUTTER M;Receptor 803 sin posibilidad de enviarle stock
261-RMARIUS;BUTTER M;0.0 productes de 857 a 2094
261-RMARIUS;BUTTER M;Receptor 2094 sin posibilidad de enviarle stock
261-RMARIUS;BUTTER M;0.0 productes de 857 a 1782
261-RMARIUS;BUTTER M;Receptor 1782 sin posibilidad de enviarle stock
261-RMARIUS;BUTTER M;0.0 productes de 857 a 805
261-RMARIUS;BUTTER M;Receptor 805 sin posibilidad de enviarle stock
261-RMARIUS;BUTTER M;0.0 productes de 857 a 2020
261-RMARIUS;BUTTER M;Receptor 2020 sin posibilidad de enviarle stock
251-DMATY;BUBBLE M;INICIO EVALUACIÓN
251-DMATY;BUBBLE M;28 pares generados
251-DMATY;BUBBLE M;2.0 productes de 803 a 2094
251-DMATY;BUBBLE M;Emisor 803 acceptat
251-DMATY;BUBBLE M;1.0 productes de 806 a 2094
251-DMATY;BUBBLE M;Emisor 806 acceptat
251-DMATY;BUBBLE M;1.0 productes de 1782 a 2094
251-DMATY;BUBBLE M;Emisor 1782 acceptat
251-DMATY;BUBBLE M;1.0 productes de 857 a 2094
251-DMATY;BUBBLE M;Emisor 857 acceptat
251-DMATY;BUBBLE M;Cobertura máxima assolida per receptor 2094
251-DMATY;BUBBLE M;0.0 productes de 803 a 805
251-DMATY;BUBBLE M;0.0 productes de 806 a 805
251-DMATY;BUBBLE M;0.0 productes de 1782 a 805
251-DMATY;BUBBLE M;0.0 productes de 857 a 805
251-DMATY;BUBBLE M;Receptor 805 sin posibilidad de enviarle stock
251-DMATY;BUBBLE M;0.0 productes de 803 a 832
251-DMATY;BUBBLE M;0.0 productes de 806 a 832
251-DMATY;BUBBLE M;0.0 productes de 1782 a 832
251-DMATY;BUBBLE M;0.0 productes de 857 a 832
251-DMATY;BUBBLE M;Receptor 832 sin posibilidad de enviarle stock
251-DMATY;BUBBLE M;0.0 productes de 803 a 801
251-DMATY;BUBBLE M;0.0 productes de 806 a 801
251-DMATY;BUBBLE M;0.0 productes de 1782 a 801
251-DMATY;BUBBLE M;0.0 productes de 857 a 801
251-DMATY;BUBBLE M;Receptor 801 sin posibilidad de enviarle stock
251-DMATY;BUBBLE M;0.0 productes de 803 a 2020
251-DMATY;BUBBLE M;0.0 productes de 857 a 2020
251-DMATY;BUBBLE M;0.0 productes de 806 a 2020
251-DMATY;BUBBLE M;0.0 productes de 1782 a 2020
251-DMATY;BUBBLE M;Receptor 2020 sin posibilidad de enviarle stock
251-DMATY;BUBBLE M;0.0 productes de 803 a 840
251-DMATY;BUBBLE M;0.0 productes de 806 a 840
251-DMATY;BUBBLE M;0.0 productes de 1782 a 840
251-DMATY;BUBBLE M;0.0 productes de 857 a 840
251-DMATY;BUBBLE M;Receptor 840 sin posibilidad de enviarle stock
251-DMATY;BUBBLE M;0.0 productes de 803 a 845
251-DMATY;BUBBLE M;0.0 productes de 806 a 845
251-DMATY;BUBBLE M;0.0 productes de 1782 a 845
251-DMATY;BUBBLE M;0.0 productes de 857 a 845
251-DMATY;BUBBLE M;Receptor 845 sin posibilidad de enviarle stock
261-DICLA;OFF WHITE M;INICIO EVALUACIÓN
261-DICLA;OFF WHITE M;27 pares generados
261-DICLA;OFF WHITE M;7.0 productes de 801 a 803
261-DICLA;OFF WHITE M;Emisor 801 rebutjat. Supera cobertura máxima
261-DICLA;OFF WHITE M;2.0 productes de 832 a 803
261-DICLA;OFF WHITE M;Emisor 832 acceptat
261-DICLA;OFF WHITE M;Cobertura máxima assolida per receptor 803
261-DICLA;OFF WHITE M;7.0 productes de 801 a 857
261-DICLA;OFF WHITE M;Emisor 801 acceptat
261-DICLA;OFF WHITE M;2.0 productes de 2020 a 857
261-DICLA;OFF WHITE M;Emisor 2020 rebutjat. Supera cobertura máxima
261-DICLA;OFF WHITE M;2.0 productes de 2094 a 857
261-DICLA;OFF WHITE M;Emisor 2094 rebutjat. Supera cobertura máxima
261-DICLA;OFF WHITE M;0.0 productes de 832 a 857
261-DICLA;OFF WHITE M;2.0 productes de 840 a 857
261-DICLA;OFF WHITE M;Emisor 840 rebutjat. Supera cobertura máxima
261-DICLA;OFF WHITE M;1.0 productes de 806 a 857
261-DICLA;OFF WHITE M;Emisor 806 acceptat
261-DICLA;OFF WHITE M;Cobertura máxima assolida per receptor 857
261-DICLA;OFF WHITE M;0.0 productes de 801 a 869
261-DICLA;OFF WHITE M;0.0 productes de 832 a 869
261-DICLA;OFF WHITE M;2.0 productes de 840 a 869
261-DICLA;OFF WHITE M;Emisor 840 acceptat
261-DICLA;OFF WHITE M;2.0 productes de 2094 a 869
261-DICLA;OFF WHITE M;Emisor 2094 acceptat
261-DICLA;OFF WHITE M;2.0 productes de 2020 a 869
261-DICLA;OFF WHITE M;Emisor 2020 acceptat
261-DICLA;OFF WHITE M;1.0 productes de 1782 a 869
261-DICLA;OFF WHITE M;Emisor 1782 acceptat
261-DICLA;OFF WHITE M;Cobertura máxima assolida per receptor 869
261-DOOTHY;NOIR M;INICIO EVALUACIÓN
261-DOOTHY;NOIR M;27 pares generados
261-DOOTHY;NOIR M;7.0 productes de 832 a 840
261-DOOTHY;NOIR M;Emisor 832 acceptat
261-DOOTHY;NOIR M;Cobertura máxima assolida per receptor 840
261-DOOTHY;NOIR M;0.0 productes de 832 a 801
261-DOOTHY;NOIR M;2.0 productes de 2020 a 801
261-DOOTHY;NOIR M;Emisor 2020 acceptat
261-DOOTHY;NOIR M;1.0 productes de 845 a 801
261-DOOTHY;NOIR M;Emisor 845 acceptat
261-DOOTHY;NOIR M;0.0 productes de 832 a 869
261-DOOTHY;NOIR M;0.0 productes de 2020 a 869
261-DOOTHY;NOIR M;0.0 productes de 845 a 869
261-DOOTHY;NOIR M;Receptor 869 sin posibilidad de enviarle stock
261-DOOTHY;NOIR M;0.0 productes de 832 a 806
261-DOOTHY;NOIR M;0.0 productes de 2020 a 806
261-DOOTHY;NOIR M;0.0 productes de 845 a 806
261-DOOTHY;NOIR M;Receptor 806 sin posibilidad de enviarle stock
261-DOOTHY;NOIR M;0.0 productes de 832 a 857
261-DOOTHY;NOIR M;0.0 productes de 2020 a 857
261-DOOTHY;NOIR M;0.0 productes de 845 a 857
261-DOOTHY;NOIR M;Receptor 857 sin posibilidad de enviarle stock
261-DOOTHY;NOIR M;0.0 productes de 832 a 803
261-DOOTHY;NOIR M;0.0 productes de 2020 a 803
261-DOOTHY;NOIR M;0.0 productes de 845 a 803
261-DOOTHY;NOIR M;Receptor 803 sin posibilidad de enviarle stock
261-DOOTHY;NOIR M;0.0 productes de 832 a 2094
261-DOOTHY;NOIR M;0.0 productes de 2020 a 2094
261-DOOTHY;NOIR M;0.0 productes de 845 a 2094
261-DOOTHY;NOIR M;Receptor 2094 sin posibilidad de enviarle stock
261-DOOTHY;NOIR M;0.0 productes de 832 a 805
261-DOOTHY;NOIR M;0.0 productes de 2020 a 805
261-DOOTHY;NOIR M;0.0 productes de 845 a 805
261-DOOTHY;NOIR M;Receptor 805 sin posibilidad de enviarle stock
261-DOOTHY;NOIR M;0.0 productes de 832 a 1782
261-DOOTHY;NOIR M;0.0 productes de 2020 a 1782
261-DOOTHY;NOIR M;0.0 productes de 845 a 1782
261-DOOTHY;NOIR M;Receptor 1782 sin posibilidad de enviarle stock
261-POPA;NOIR M;INICIO EVALUACIÓN
261-POPA;NOIR M;Producto estancado
261-RDADOU;FIG;INICIO EVALUACIÓN
261-RDADOU;FIG;32 pares generados
261-RDADOU;FIG;3.0 productes de 803 a 2094
261-RDADOU;FIG;Emisor 803 acceptat
261-RDADOU;FIG;3.0 productes de 869 a 2094
261-RDADOU;FIG;Emisor 869 acceptat
261-RDADOU;FIG;3.0 productes de 857 a 2094
261-RDADOU;FIG;Emisor 857 rebutjat. Supera cobertura máxima
261-RDADOU;FIG;3.0 productes de 2020 a 2094
261-RDADOU;FIG;Emisor 2020 rebutjat. Supera cobertura máxima
261-RDADOU;FIG;2.0 productes de 845 a 2094
261-RDADOU;FIG;Emisor 845 acceptat
261-RDADOU;FIG;Cobertura máxima assolida per receptor 2094
261-RDADOU;FIG;0.0 productes de 803 a 1782
261-RDADOU;FIG;0.0 productes de 869 a 1782
261-RDADOU;FIG;3.0 productes de 857 a 1782
261-RDADOU;FIG;Emisor 857 acceptat
261-RDADOU;FIG;3.0 productes de 2020 a 1782
261-RDADOU;FIG;Emisor 2020 acceptat
261-RDADOU;FIG;Cobertura máxima assolida per receptor 1782
261-RDADOU;FIG;0.0 productes de 803 a 805
261-RDADOU;FIG;0.0 productes de 869 a 805
261-RDADOU;FIG;0.0 productes de 857 a 805
261-RDADOU;FIG;0.0 productes de 2020 a 805
261-RDADOU;FIG;2.0 productes de 801 a 805
261-RDADOU;FIG;Emisor 801 acceptat
261-RDADOU;FIG;2.0 productes de 832 a 805
261-RDADOU;FIG;Emisor 832 acceptat
261-RDADOU;FIG;2.0 productes de 806 a 805
261-RDADOU;FIG;Emisor 806 acceptat
261-RDADOU;FIG;0.0 productes de 845 a 805
261-RDADOU;FIG;0.0 productes de 803 a 840
261-RDADOU;FIG;0.0 productes de 869 a 840
261-RDADOU;FIG;0.0 productes de 857 a 840
261-RDADOU;FIG;0.0 productes de 2020 a 840
261-RDADOU;FIG;0.0 productes de 832 a 840
261-RDADOU;FIG;0.0 productes de 801 a 840
261-RDADOU;FIG;0.0 productes de 806 a 840
261-RDADOU;FIG;0.0 productes de 845 a 840
261-RDADOU;FIG;Receptor 840 sin posibilidad de enviarle stock
251-DELI;MAGMA M;INICIO EVALUACIÓN
251-DELI;MAGMA M;32 pares generados
251-DELI;MAGMA M;5.0 productes de 1782 a 805
251-DELI;MAGMA M;Emisor 1782 acceptat
251-DELI;MAGMA M;4.0 productes de 803 a 805
251-DELI;MAGMA M;Emisor 803 rebutjat. Supera cobertura máxima
251-DELI;MAGMA M;3.0 productes de 801 a 805
251-DELI;MAGMA M;Emisor 801 rebutjat. Supera cobertura máxima
251-DELI;MAGMA M;3.0 productes de 806 a 805
251-DELI;MAGMA M;Emisor 806 rebutjat. Supera cobertura máxima
251-DELI;MAGMA M;2.0 productes de 832 a 805
251-DELI;MAGMA M;Emisor 832 rebutjat. Supera cobertura máxima
251-DELI;MAGMA M;2.0 productes de 840 a 805
251-DELI;MAGMA M;Emisor 840 rebutjat. Supera cobertura máxima
251-DELI;MAGMA M;2.0 productes de 869 a 805
251-DELI;MAGMA M;Emisor 869 rebutjat. Supera cobertura máxima
251-DELI;MAGMA M;2.0 productes de 857 a 805
251-DELI;MAGMA M;Emisor 857 rebutjat. Supera cobertura máxima
251-DELI;MAGMA M;0.0 productes de 1782 a 2094
251-DELI;MAGMA M;4.0 productes de 803 a 2094
251-DELI;MAGMA M;Emisor 803 acceptat
251-DELI;MAGMA M;3.0 productes de 801 a 2094
251-DELI;MAGMA M;Emisor 801 acceptat
251-DELI;MAGMA M;Cobertura máxima assolida per receptor 2094
251-DELI;MAGMA M;0.0 productes de 1782 a 845
251-DELI;MAGMA M;0.0 productes de 803 a 845
251-DELI;MAGMA M;0.0 productes de 801 a 845
251-DELI;MAGMA M;3.0 productes de 806 a 845
251-DELI;MAGMA M;Emisor 806 acceptat
251-DELI;MAGMA M;2.0 productes de 840 a 845
251-DELI;MAGMA M;Emisor 840 acceptat
251-DELI;MAGMA M;2.0 productes de 832 a 845
251-DELI;MAGMA M;Emisor 832 acceptat
251-DELI;MAGMA M;Cobertura máxima assolida per receptor 845
251-DELI;MAGMA M;0.0 productes de 1782 a 2020
251-DELI;MAGMA M;0.0 productes de 803 a 2020
251-DELI;MAGMA M;0.0 productes de 806 a 2020
251-DELI;MAGMA M;0.0 productes de 801 a 2020
251-DELI;MAGMA M;2.0 productes de 857 a 2020
251-DELI;MAGMA M;Emisor 857 acceptat
251-DELI;MAGMA M;0.0 productes de 832 a 2020
251-DELI;MAGMA M;0.0 productes de 840 a 2020
251-DELI;MAGMA M;2.0 productes de 869 a 2020
251-DELI;MAGMA M;Emisor 869 acceptat
261-DIANA;PIVOINE M;INICIO EVALUACIÓN
261-DIANA;PIVOINE M;30 pares generados
261-DIANA;PIVOINE M;4.0 productes de 801 a 869
261-DIANA;PIVOINE M;Emisor 801 acceptat
261-DIANA;PIVOINE M;3.0 productes de 803 a 869
261-DIANA;PIVOINE M;Emisor 803 acceptat
261-DIANA;PIVOINE M;Cobertura máxima assolida per receptor 869
261-DIANA;PIVOINE M;0.0 productes de 801 a 832
261-DIANA;PIVOINE M;0.0 productes de 803 a 832
261-DIANA;PIVOINE M;3.0 productes de 2020 a 832
261-DIANA;PIVOINE M;Emisor 2020 acceptat
261-DIANA;PIVOINE M;2.0 productes de 805 a 832
261-DIANA;PIVOINE M;Emisor 805 acceptat
261-DIANA;PIVOINE M;2.0 productes de 1782 a 832
261-DIANA;PIVOINE M;Emisor 1782 rebutjat. Supera cobertura máxima
261-DIANA;PIVOINE M;0.0 productes de 801 a 2094
261-DIANA;PIVOINE M;0.0 productes de 803 a 2094
261-DIANA;PIVOINE M;0.0 productes de 2020 a 2094
261-DIANA;PIVOINE M;0.0 productes de 805 a 2094
261-DIANA;PIVOINE M;2.0 productes de 1782 a 2094
261-DIANA;PIVOINE M;Emisor 1782 acceptat
261-DIANA;PIVOINE M;0.0 productes de 801 a 845
261-DIANA;PIVOINE M;0.0 productes de 803 a 845
261-DIANA;PIVOINE M;0.0 productes de 2020 a 845
261-DIANA;PIVOINE M;0.0 productes de 805 a 845
261-DIANA;PIVOINE M;0.0 productes de 1782 a 845
261-DIANA;PIVOINE M;Receptor 845 sin posibilidad de enviarle stock
261-DIANA;PIVOINE M;0.0 productes de 801 a 857
261-DIANA;PIVOINE M;0.0 productes de 2020 a 857
261-DIANA;PIVOINE M;0.0 productes de 803 a 857
261-DIANA;PIVOINE M;0.0 productes de 805 a 857
261-DIANA;PIVOINE M;0.0 productes de 1782 a 857
261-DIANA;PIVOINE M;Receptor 857 sin posibilidad de enviarle stock
261-DIANA;PIVOINE M;0.0 productes de 801 a 840
261-DIANA;PIVOINE M;0.0 productes de 803 a 840
261-DIANA;PIVOINE M;0.0 productes de 2020 a 840
261-DIANA;PIVOINE M;0.0 productes de 805 a 840
261-DIANA;PIVOINE M;0.0 productes de 1782 a 840
261-DIANA;PIVOINE M;Receptor 840 sin posibilidad de enviarle stock
262-REVIDA;CHOCO M;INICIO EVALUACIÓN
262-REVIDA;CHOCO M;27 pares generados
262-REVIDA;CHOCO M;5.0 productes de 1782 a 803
262-REVIDA;CHOCO M;Emisor 1782 acceptat
262-REVIDA;CHOCO M;5.0 productes de 2094 a 803
262-REVIDA;CHOCO M;Emisor 2094 acceptat
262-REVIDA;CHOCO M;Cobertura máxima assolida per receptor 803
262-REVIDA;CHOCO M;0.0 productes de 1782 a 806
262-REVIDA;CHOCO M;0.0 productes de 2094 a 806
262-REVIDA;CHOCO M;5.0 productes de 857 a 806
262-REVIDA;CHOCO M;Emisor 857 acceptat
262-REVIDA;CHOCO M;Cobertura máxima assolida per receptor 806
262-REVIDA;CHOCO M;0.0 productes de 1782 a 832
262-REVIDA;CHOCO M;0.0 productes de 2094 a 832
262-REVIDA;CHOCO M;0.0 productes de 857 a 832
262-REVIDA;CHOCO M;Receptor 832 sin posibilidad de enviarle stock
262-REVIDA;CHOCO M;0.0 productes de 2094 a 840
262-REVIDA;CHOCO M;0.0 productes de 1782 a 840
262-REVIDA;CHOCO M;0.0 productes de 857 a 840
262-REVIDA;CHOCO M;Receptor 840 sin posibilidad de enviarle stock
262-REVIDA;CHOCO M;0.0 productes de 1782 a 869
262-REVIDA;CHOCO M;0.0 productes de 2094 a 869
262-REVIDA;CHOCO M;0.0 productes de 857 a 869
262-REVIDA;CHOCO M;Receptor 869 sin posibilidad de enviarle stock
262-REVIDA;CHOCO M;0.0 productes de 2094 a 845
262-REVIDA;CHOCO M;0.0 productes de 1782 a 845
262-REVIDA;CHOCO M;0.0 productes de 857 a 845
262-REVIDA;CHOCO M;Receptor 845 sin posibilidad de enviarle stock
262-REVIDA;CHOCO M;0.0 productes de 1782 a 801
262-REVIDA;CHOCO M;0.0 productes de 2094 a 801
262-REVIDA;CHOCO M;0.0 productes de 857 a 801
262-REVIDA;CHOCO M;Receptor 801 sin posibilidad de enviarle stock
262-REVIDA;CHOCO M;0.0 productes de 857 a 2020
262-REVIDA;CHOCO M;0.0 productes de 2094 a 2020
262-REVIDA;CHOCO M;0.0 productes de 1782 a 2020
262-REVIDA;CHOCO M;Receptor 2020 sin posibilidad de enviarle stock
262-REVIDA;CHOCO M;0.0 productes de 1782 a 805
262-REVIDA;CHOCO M;0.0 productes de 2094 a 805
262-REVIDA;CHOCO M;0.0 productes de 857 a 805
262-REVIDA;CHOCO M;Receptor 805 sin posibilidad de enviarle stock
262-POCOTE;CHOCO M;INICIO EVALUACIÓN
262-POCOTE;CHOCO M;24 pares generados
262-POCOTE;CHOCO M;5.0 productes de 2094 a 840
262-POCOTE;CHOCO M;Emisor 2094 acceptat
262-POCOTE;CHOCO M;Cobertura máxima assolida per receptor 840
262-POCOTE;CHOCO M;0.0 productes de 2094 a 832
262-POCOTE;CHOCO M;5.0 productes de 857 a 832
262-POCOTE;CHOCO M;Emisor 857 acceptat
262-POCOTE;CHOCO M;Cobertura máxima assolida per receptor 832
262-POCOTE;CHOCO M;0.0 productes de 2094 a 803
262-POCOTE;CHOCO M;0.0 productes de 857 a 803
262-POCOTE;CHOCO M;5.0 productes de 2020 a 803
262-POCOTE;CHOCO M;Emisor 2020 rebutjat. Supera cobertura máxima
262-POCOTE;CHOCO M;Receptor 803 sin posibilidad de enviarle stock
262-POCOTE;CHOCO M;0.0 productes de 2094 a 845
262-POCOTE;CHOCO M;0.0 productes de 857 a 845
262-POCOTE;CHOCO M;5.0 productes de 2020 a 845
262-POCOTE;CHOCO M;Emisor 2020 acceptat
262-POCOTE;CHOCO M;Cobertura máxima assolida per receptor 845
262-POCOTE;CHOCO M;0.0 productes de 2094 a 869
262-POCOTE;CHOCO M;0.0 productes de 857 a 869
262-POCOTE;CHOCO M;0.0 productes de 2020 a 869
262-POCOTE;CHOCO M;Receptor 869 sin posibilidad de enviarle stock
262-POCOTE;CHOCO M;0.0 productes de 2094 a 801
262-POCOTE;CHOCO M;0.0 productes de 857 a 801
262-POCOTE;CHOCO M;0.0 productes de 2020 a 801
262-POCOTE;CHOCO M;Receptor 801 sin posibilidad de enviarle stock
262-POCOTE;CHOCO M;0.0 productes de 2094 a 806
262-POCOTE;CHOCO M;0.0 productes de 857 a 806
262-POCOTE;CHOCO M;0.0 productes de 2020 a 806
262-POCOTE;CHOCO M;Receptor 806 sin posibilidad de enviarle stock
262-POCOTE;CHOCO M;0.0 productes de 2094 a 805
262-POCOTE;CHOCO M;0.0 productes de 857 a 805
262-POCOTE;CHOCO M;0.0 productes de 2020 a 805
262-POCOTE;CHOCO M;Receptor 805 sin posibilidad de enviarle stock
262-JITTA;CHOCO M;INICIO EVALUACIÓN
262-JITTA;CHOCO M;27 pares generados
262-JITTA;CHOCO M;6.0 productes de 832 a 803
262-JITTA;CHOCO M;Emisor 832 rebutjat. Supera cobertura máxima
262-JITTA;CHOCO M;5.0 productes de 2094 a 803
262-JITTA;CHOCO M;Emisor 2094 rebutjat. Supera cobertura máxima
262-JITTA;CHOCO M;5.0 productes de 2020 a 803
262-JITTA;CHOCO M;Emisor 2020 rebutjat. Supera cobertura máxima
262-JITTA;CHOCO M;Receptor 803 sin posibilidad de enviarle stock
262-JITTA;CHOCO M;6.0 productes de 832 a 801
262-JITTA;CHOCO M;Emisor 832 rebutjat. Supera cobertura máxima
262-JITTA;CHOCO M;5.0 productes de 2094 a 801
262-JITTA;CHOCO M;Emisor 2094 rebutjat. Supera cobertura máxima
262-JITTA;CHOCO M;5.0 productes de 2020 a 801
262-JITTA;CHOCO M;Emisor 2020 rebutjat. Supera cobertura máxima
262-JITTA;CHOCO M;Receptor 801 sin posibilidad de enviarle stock
262-JITTA;CHOCO M;6.0 productes de 832 a 869
262-JITTA;CHOCO M;Emisor 832 rebutjat. Supera cobertura máxima
262-JITTA;CHOCO M;5.0 productes de 2094 a 869
262-JITTA;CHOCO M;Emisor 2094 rebutjat. Supera cobertura máxima
262-JITTA;CHOCO M;5.0 productes de 2020 a 869
262-JITTA;CHOCO M;Emisor 2020 rebutjat. Supera cobertura máxima
262-JITTA;CHOCO M;Receptor 869 sin posibilidad de enviarle stock
262-JITTA;CHOCO M;6.0 productes de 832 a 840
262-JITTA;CHOCO M;Emisor 832 rebutjat. Supera cobertura máxima
262-JITTA;CHOCO M;5.0 productes de 2094 a 840
262-JITTA;CHOCO M;Emisor 2094 rebutjat. Supera cobertura máxima
262-JITTA;CHOCO M;5.0 productes de 2020 a 840
262-JITTA;CHOCO M;Emisor 2020 rebutjat. Supera cobertura máxima
262-JITTA;CHOCO M;Receptor 840 sin posibilidad de enviarle stock
262-JITTA;CHOCO M;6.0 productes de 832 a 845
262-JITTA;CHOCO M;Emisor 832 rebutjat. Supera cobertura máxima
262-JITTA;CHOCO M;5.0 productes de 2094 a 845
262-JITTA;CHOCO M;Emisor 2094 acceptat
262-JITTA;CHOCO M;Cobertura máxima assolida per receptor 845
262-JITTA;CHOCO M;6.0 productes de 832 a 857
262-JITTA;CHOCO M;Emisor 832 rebutjat. Supera cobertura máxima
262-JITTA;CHOCO M;5.0 productes de 2020 a 857
262-JITTA;CHOCO M;Emisor 2020 rebutjat. Supera cobertura máxima
262-JITTA;CHOCO M;0.0 productes de 2094 a 857
262-JITTA;CHOCO M;Receptor 857 sin posibilidad de enviarle stock
262-JITTA;CHOCO M;6.0 productes de 832 a 805
262-JITTA;CHOCO M;Emisor 832 rebutjat. Supera cobertura máxima
262-JITTA;CHOCO M;0.0 productes de 2094 a 805
262-JITTA;CHOCO M;5.0 productes de 2020 a 805
262-JITTA;CHOCO M;Emisor 2020 rebutjat. Supera cobertura máxima
262-JITTA;CHOCO M;Receptor 805 sin posibilidad de enviarle stock
262-JITTA;CHOCO M;6.0 productes de 832 a 1782
262-JITTA;CHOCO M;Emisor 832 rebutjat. Supera cobertura máxima
262-JITTA;CHOCO M;0.0 productes de 2094 a 1782
262-JITTA;CHOCO M;5.0 productes de 2020 a 1782
262-JITTA;CHOCO M;Emisor 2020 rebutjat. Supera cobertura máxima
262-JITTA;CHOCO M;Receptor 1782 sin posibilidad de enviarle stock
262-JITTA;CHOCO M;6.0 productes de 832 a 806
262-JITTA;CHOCO M;Emisor 832 rebutjat. Supera cobertura máxima
262-JITTA;CHOCO M;0.0 productes de 2094 a 806
262-JITTA;CHOCO M;5.0 productes de 2020 a 806
262-JITTA;CHOCO M;Emisor 2020 rebutjat. Supera cobertura máxima
262-JITTA;CHOCO M;Receptor 806 sin posibilidad de enviarle stock
262-DMARTEL;CORDE M;INICIO EVALUACIÓN
262-DMARTEL;CORDE M;32 pares generados
262-DMARTEL;CORDE M;4.0 productes de 1782 a 869
262-DMARTEL;CORDE M;Emisor 1782 acceptat
262-DMARTEL;CORDE M;Cobertura máxima assolida per receptor 869
262-DMARTEL;CORDE M;4.0 productes de 805 a 832
262-DMARTEL;CORDE M;Emisor 805 acceptat
262-DMARTEL;CORDE M;4.0 productes de 801 a 832
262-DMARTEL;CORDE M;Emisor 801 rebutjat. Supera cobertura máxima
262-DMARTEL;CORDE M;0.0 productes de 1782 a 832
262-DMARTEL;CORDE M;4.0 productes de 2094 a 832
262-DMARTEL;CORDE M;Emisor 2094 rebutjat. Supera cobertura máxima
262-DMARTEL;CORDE M;0.0 productes de 805 a 806
262-DMARTEL;CORDE M;4.0 productes de 801 a 806
262-DMARTEL;CORDE M;Emisor 801 acceptat
262-DMARTEL;CORDE M;Cobertura máxima assolida per receptor 806
262-DMARTEL;CORDE M;4.0 productes de 2094 a 845
262-DMARTEL;CORDE M;Emisor 2094 acceptat
262-DMARTEL;CORDE M;0.0 productes de 801 a 845
262-DMARTEL;CORDE M;0.0 productes de 805 a 845
262-DMARTEL;CORDE M;0.0 productes de 1782 a 845
262-DMARTEL;CORDE M;0.0 productes de 1782 a 803
262-DMARTEL;CORDE M;0.0 productes de 805 a 803
262-DMARTEL;CORDE M;0.0 productes de 801 a 803
262-DMARTEL;CORDE M;0.0 productes de 2094 a 803
262-DMARTEL;CORDE M;Receptor 803 sin posibilidad de enviarle stock
262-DMARTEL;CORDE M;0.0 productes de 805 a 857
262-DMARTEL;CORDE M;0.0 productes de 801 a 857
262-DMARTEL;CORDE M;0.0 productes de 2094 a 857
262-DMARTEL;CORDE M;0.0 productes de 1782 a 857
262-DMARTEL;CORDE M;Receptor 857 sin posibilidad de enviarle stock
262-DMARTEL;CORDE M;0.0 productes de 2094 a 840
262-DMARTEL;CORDE M;0.0 productes de 801 a 840
262-DMARTEL;CORDE M;0.0 productes de 805 a 840
262-DMARTEL;CORDE M;0.0 productes de 1782 a 840
262-DMARTEL;CORDE M;Receptor 840 sin posibilidad de enviarle stock
262-DMARTEL;CORDE M;0.0 productes de 805 a 2020
262-DMARTEL;CORDE M;0.0 productes de 801 a 2020
262-DMARTEL;CORDE M;0.0 productes de 2094 a 2020
262-DMARTEL;CORDE M;0.0 productes de 1782 a 2020
262-DMARTEL;CORDE M;Receptor 2020 sin posibilidad de enviarle stock
262-PRIL.F;MULTICO;INICIO EVALUACIÓN
262-PRIL.F;MULTICO;36 pares generados
262-PRIL.F;MULTICO;6.0 productes de 845 a 806
262-PRIL.F;MULTICO;Emisor 845 rebutjat. Supera cobertura máxima
262-PRIL.F;MULTICO;6.0 productes de 857 a 806
262-PRIL.F;MULTICO;Emisor 857 rebutjat. Supera cobertura máxima
262-PRIL.F;MULTICO;5.0 productes de 801 a 806
262-PRIL.F;MULTICO;Emisor 801 rebutjat. Supera cobertura máxima
262-PRIL.F;MULTICO;5.0 productes de 840 a 806
262-PRIL.F;MULTICO;Emisor 840 rebutjat. Supera cobertura máxima
262-PRIL.F;MULTICO;5.0 productes de 2094 a 806
262-PRIL.F;MULTICO;Emisor 2094 rebutjat. Supera cobertura máxima
262-PRIL.F;MULTICO;5.0 productes de 2020 a 806
262-PRIL.F;MULTICO;Emisor 2020 rebutjat. Supera cobertura máxima
262-PRIL.F;MULTICO;Receptor 806 sin posibilidad de enviarle stock
262-PRIL.F;MULTICO;6.0 productes de 845 a 832
262-PRIL.F;MULTICO;Emisor 845 rebutjat. Supera cobertura máxima
262-PRIL.F;MULTICO;6.0 productes de 857 a 832
262-PRIL.F;MULTICO;Emisor 857 rebutjat. Supera cobertura máxima
262-PRIL.F;MULTICO;5.0 productes de 801 a 832
262-PRIL.F;MULTICO;Emisor 801 acceptat
262-PRIL.F;MULTICO;Cobertura máxima assolida per receptor 832
262-PRIL.F;MULTICO;6.0 productes de 845 a 805
262-PRIL.F;MULTICO;Emisor 845 rebutjat. Supera cobertura máxima
262-PRIL.F;MULTICO;6.0 productes de 857 a 805
262-PRIL.F;MULTICO;Emisor 857 rebutjat. Supera cobertura máxima
262-PRIL.F;MULTICO;0.0 productes de 801 a 805
262-PRIL.F;MULTICO;5.0 productes de 840 a 805
262-PRIL.F;MULTICO;Emisor 840 rebutjat. Supera cobertura máxima
262-PRIL.F;MULTICO;5.0 productes de 2094 a 805
262-PRIL.F;MULTICO;Emisor 2094 rebutjat. Supera cobertura máxima
262-PRIL.F;MULTICO;5.0 productes de 2020 a 805
262-PRIL.F;MULTICO;Emisor 2020 rebutjat. Supera cobertura máxima
262-PRIL.F;MULTICO;Receptor 805 sin posibilidad de enviarle stock
262-PRIL.F;MULTICO;6.0 productes de 845 a 1782
262-PRIL.F;MULTICO;Emisor 845 rebutjat. Supera cobertura máxima
262-PRIL.F;MULTICO;6.0 productes de 857 a 1782
262-PRIL.F;MULTICO;Emisor 857 rebutjat. Supera cobertura máxima
262-PRIL.F;MULTICO;0.0 productes de 801 a 1782
262-PRIL.F;MULTICO;5.0 productes de 2094 a 1782
262-PRIL.F;MULTICO;Emisor 2094 rebutjat. Supera cobertura máxima
262-PRIL.F;MULTICO;5.0 productes de 840 a 1782
262-PRIL.F;MULTICO;Emisor 840 rebutjat. Supera cobertura máxima
262-PRIL.F;MULTICO;5.0 productes de 2020 a 1782
262-PRIL.F;MULTICO;Emisor 2020 rebutjat. Supera cobertura máxima
262-PRIL.F;MULTICO;Receptor 1782 sin posibilidad de enviarle stock
262-PRIL.F;MULTICO;6.0 productes de 845 a 869
262-PRIL.F;MULTICO;Emisor 845 rebutjat. Supera cobertura máxima
262-PRIL.F;MULTICO;6.0 productes de 857 a 869
262-PRIL.F;MULTICO;Emisor 857 rebutjat. Supera cobertura máxima
262-PRIL.F;MULTICO;0.0 productes de 801 a 869
262-PRIL.F;MULTICO;5.0 productes de 840 a 869
262-PRIL.F;MULTICO;Emisor 840 rebutjat. Supera cobertura máxima
262-PRIL.F;MULTICO;5.0 productes de 2094 a 869
262-PRIL.F;MULTICO;Emisor 2094 rebutjat. Supera cobertura máxima
262-PRIL.F;MULTICO;5.0 productes de 2020 a 869
262-PRIL.F;MULTICO;Emisor 2020 rebutjat. Supera cobertura máxima
262-PRIL.F;MULTICO;Receptor 869 sin posibilidad de enviarle stock
262-PRIL.F;MULTICO;6.0 productes de 845 a 803
262-PRIL.F;MULTICO;Emisor 845 rebutjat. Supera cobertura máxima
262-PRIL.F;MULTICO;6.0 productes de 857 a 803
262-PRIL.F;MULTICO;Emisor 857 rebutjat. Supera cobertura máxima
262-PRIL.F;MULTICO;0.0 productes de 801 a 803
262-PRIL.F;MULTICO;5.0 productes de 840 a 803
262-PRIL.F;MULTICO;Emisor 840 rebutjat. Supera cobertura máxima
262-PRIL.F;MULTICO;5.0 productes de 2094 a 803
262-PRIL.F;MULTICO;Emisor 2094 rebutjat. Supera cobertura máxima
262-PRIL.F;MULTICO;5.0 productes de 2020 a 803
262-PRIL.F;MULTICO;Emisor 2020 rebutjat. Supera cobertura máxima
262-PRIL.F;MULTICO;Receptor 803 sin posibilidad de enviarle stock
262-DCAROLA;NOIR M;INICIO EVALUACIÓN
262-DCAROLA;NOIR M;6 pares generados
262-DCAROLA;NOIR M;7.0 productes de 801 a 806
262-DCAROLA;NOIR M;Emisor 801 rebutjat. Supera cobertura máxima
262-DCAROLA;NOIR M;7.0 productes de 832 a 806
262-DCAROLA;NOIR M;Emisor 832 rebutjat. Supera cobertura máxima
262-DCAROLA;NOIR M;7.0 productes de 803 a 806
262-DCAROLA;NOIR M;Emisor 803 rebutjat. Supera cobertura máxima
262-DCAROLA;NOIR M;Receptor 806 sin posibilidad de enviarle stock
262-DCAROLA;NOIR M;7.0 productes de 801 a 857
262-DCAROLA;NOIR M;Emisor 801 rebutjat. Supera cobertura máxima
262-DCAROLA;NOIR M;7.0 productes de 832 a 857
262-DCAROLA;NOIR M;Emisor 832 rebutjat. Supera cobertura máxima
262-DCAROLA;NOIR M;7.0 productes de 803 a 857
262-DCAROLA;NOIR M;Emisor 803 rebutjat. Supera cobertura máxima
262-DCAROLA;NOIR M;Receptor 857 sin posibilidad de enviarle stock
252-VSTRIPE;MULTICO;INICIO EVALUACIÓN
252-VSTRIPE;MULTICO;6 pares generados
252-VSTRIPE;MULTICO;9.0 productes de 832 a 806
252-VSTRIPE;MULTICO;Emisor 832 acceptat
252-VSTRIPE;MULTICO;9.0 productes de 803 a 806
252-VSTRIPE;MULTICO;Emisor 803 rebutjat. Supera cobertura máxima
252-VSTRIPE;MULTICO;5.0 productes de 857 a 806
252-VSTRIPE;MULTICO;Emisor 857 rebutjat. Supera cobertura máxima
252-VSTRIPE;MULTICO;0.0 productes de 832 a 801
252-VSTRIPE;MULTICO;9.0 productes de 803 a 801
252-VSTRIPE;MULTICO;Emisor 803 rebutjat. Supera cobertura máxima
252-VSTRIPE;MULTICO;5.0 productes de 857 a 801
252-VSTRIPE;MULTICO;Emisor 857 rebutjat. Supera cobertura máxima
252-VSTRIPE;MULTICO;Receptor 801 sin posibilidad de enviarle stock
262-RMSEA;IVOIRE M;INICIO EVALUACIÓN
262-RMSEA;IVOIRE M;6 pares generados
262-RMSEA;IVOIRE M;4.0 productes de 832 a 803
262-RMSEA;IVOIRE M;Emisor 832 acceptat
262-RMSEA;IVOIRE M;Cobertura máxima assolida per receptor 803
262-RMSEA;IVOIRE M;0.0 productes de 832 a 801
262-RMSEA;IVOIRE M;4.0 productes de 806 a 801
262-RMSEA;IVOIRE M;Emisor 806 acceptat
262-RMSEA;IVOIRE M;Cobertura máxima assolida per receptor 801
